case_id,district,household_size,age_band,language_preference,tenure,opened_date,status,closure_month,monthly_award,payment_adjustments,contact_attempts,months_since_review
C-30000,Calder Central,2,45-59,English,Private tenancy,2024-11-13,Active,,1026.76,0,3,0
C-30001,Weybridge,1,30-44,English,Private tenancy,2023-10-21,Active,,497.45,0,0,0
C-30002,Northgate,2,45-59,English,No fixed abode,2025-02-02,Active,,531.45,1,4,19
C-30003,Weybridge,2,60-74,Spanish,Owner-occupier,2024-10-06,Active,,926.43,1,7,6
C-30004,Weybridge,1,30-44,English,No fixed abode,2023-03-19,Active,,514.36,1,0,20
C-30005,Northgate,1,18-29,English,No fixed abode,2022-10-11,Active,,612.77,2,1,21
C-30006,Calder Central,2,45-59,English,Resident with family,2025-01-02,Active,,979.71,1,2,21
C-30007,Weybridge,1,60-74,English,Social tenancy,2023-04-27,Active,,651.1,0,4,9
C-30008,Weybridge,5,45-59,English,Resident with family,2024-02-01,Active,,1259.96,2,3,23
C-30009,Northgate,5,30-44,English,Social tenancy,2023-04-13,Active,,1103.89,2,2,8
C-30010,Weybridge,3,45-59,Other,Social tenancy,2022-09-04,Active,,1044.93,0,3,10
C-30011,Ash Hill,4,30-44,English,Social tenancy,2025-07-11,Active,,1165.09,1,1,11
C-30012,Northgate,1,60-74,Other,Social tenancy,2024-08-24,Active,,597.11,1,4,5
C-30013,Weybridge,3,75+,Spanish,Resident with family,2024-09-10,Active,,1134.11,0,5,0
C-30014,Northgate,2,45-59,English,Resident with family,2021-03-13,Active,,537.48,0,1,23
C-30015,Weybridge,1,45-59,English,No fixed abode,2023-11-28,Active,,550.26,0,1,18
C-30016,Northgate,3,75+,Other,No fixed abode,2023-10-16,Closed,2025-07,1034.77,4,1,14
C-30017,Northgate,3,60-74,Spanish,Private tenancy,2024-06-23,Active,,1058.06,2,3,22
C-30018,Weybridge,4,30-44,English,Social tenancy,2021-04-21,Active,,740.23,1,0,1
C-30019,Weybridge,2,45-59,English,Private tenancy,2024-02-27,Active,,616.66,0,2,17
C-30020,Ash Hill,2,18-29,Other,Owner-occupier,2024-01-10,Active,,934.22,1,5,3
C-30021,Weybridge,1,45-59,Other,Owner-occupier,2022-04-23,Active,,703.51,0,3,1
C-30022,Calder Central,3,75+,Other,No fixed abode,2021-08-15,Active,,1193.15,2,7,20
C-30023,Ash Hill,3,45-59,English,Social tenancy,2024-10-06,Active,,703.54,2,2,11
C-30024,Calder Central,2,45-59,English,Owner-occupier,2024-07-06,Active,,619.41,1,3,4
C-30025,Northgate,2,45-59,Spanish,Resident with family,2021-09-26,Active,,793.42,0,3,6
C-30026,Calder Central,4,75+,Other,No fixed abode,2023-11-18,Active,,916.32,1,3,9
C-30027,Northgate,5,18-29,English,Resident with family,2022-01-17,Active,,1288.99,0,2,6
C-30028,Weybridge,2,30-44,English,Social tenancy,2024-07-08,Active,,698.65,0,2,19
C-30029,Northgate,3,60-74,English,Resident with family,2024-11-20,Active,,777.8,1,2,20
C-30030,Ash Hill,4,75+,English,Social tenancy,2021-01-03,Active,,1350.44,0,3,12
C-30031,Ash Hill,3,30-44,Spanish,Social tenancy,2021-07-12,Active,,1215.63,1,6,10
C-30032,Weybridge,1,18-29,English,Private tenancy,2023-09-29,Active,,450.77,1,1,6
C-30033,Weybridge,4,45-59,English,Owner-occupier,2024-01-24,Active,,1346.21,1,0,23
C-30034,Weybridge,1,30-44,Spanish,No fixed abode,2025-02-17,Active,,397.09,1,6,1
C-30035,Weybridge,2,30-44,Spanish,Social tenancy,2021-08-26,Active,,860.5,5,3,13
C-30036,Calder Central,2,30-44,English,Resident with family,2025-03-31,Active,,685.22,2,1,8
C-30037,Northgate,3,18-29,Spanish,Private tenancy,2022-12-30,Active,,1149.77,2,5,5
C-30038,Calder Central,3,45-59,English,Social tenancy,2025-08-23,Active,,753.29,1,0,19
C-30039,Calder Central,4,45-59,English,Resident with family,2025-04-13,Active,,885.24,1,6,16
C-30040,Calder Central,2,30-44,English,Resident with family,2024-03-11,Active,,911.64,0,2,6
C-30041,Northgate,4,18-29,English,Resident with family,2023-08-20,Active,,1281.41,1,3,22
C-30042,Calder Central,3,18-29,English,Resident with family,2022-07-13,Active,,798.88,0,2,19
C-30043,Calder Central,2,60-74,Other,Resident with family,2024-03-13,Active,,651.9,3,2,1
C-30044,Northgate,2,45-59,English,Owner-occupier,2021-02-24,Active,,671.2,1,1,20
C-30045,Calder Central,1,45-59,Other,Private tenancy,2025-07-09,Active,,578.59,0,3,5
C-30046,Northgate,2,60-74,Spanish,No fixed abode,2025-05-09,Active,,750.96,1,2,8
C-30047,Weybridge,2,18-29,Spanish,Owner-occupier,2022-03-07,Active,,625.73,1,3,11
C-30048,Weybridge,4,75+,Spanish,Private tenancy,2022-08-23,Active,,913.03,1,2,21
C-30049,Weybridge,2,75+,Other,Resident with family,2025-06-20,Active,,650.13,0,3,20
C-30050,Calder Central,2,45-59,Spanish,Social tenancy,2023-05-21,Active,,516.46,4,7,3
C-30051,Weybridge,4,18-29,English,Resident with family,2023-10-19,Active,,735.35,0,2,22
C-30052,Ash Hill,1,60-74,Spanish,Social tenancy,2021-03-01,Suspended,,487.24,1,3,17
C-30053,Calder Central,1,30-44,Other,Private tenancy,2021-11-28,Active,,742.34,5,5,12
C-30054,Northgate,6,75+,Other,Social tenancy,2021-09-14,Active,,1155.8,2,5,4
C-30055,Weybridge,5,75+,English,No fixed abode,2025-08-16,Active,,1286.24,0,2,14
C-30056,Northgate,1,60-74,English,Social tenancy,2022-06-25,Closed,2025-10,733.94,1,4,18
C-30057,Northgate,4,75+,English,Social tenancy,2021-04-21,Active,,811.25,1,1,0
C-30058,Calder Central,2,30-44,English,Social tenancy,2022-03-29,Active,,818.75,0,5,22
C-30059,Weybridge,1,18-29,English,Private tenancy,2021-12-26,Active,,507.64,2,3,1
C-30060,Calder Central,1,45-59,English,Private tenancy,2022-12-06,Active,,671.45,0,1,11
C-30061,Ash Hill,1,75+,English,Owner-occupier,2024-11-15,Active,,433.99,2,1,10
C-30062,Calder Central,2,45-59,English,Social tenancy,2023-04-19,Closed,2025-08,805.15,1,1,17
C-30063,Weybridge,2,30-44,English,Resident with family,2023-04-03,Active,,865.13,0,2,3
C-30064,Calder Central,1,45-59,English,Resident with family,2024-11-11,Active,,626.13,0,2,0
C-30065,Northgate,3,30-44,English,Resident with family,2022-04-24,Closed,2025-11,957.94,0,2,9
C-30066,Calder Central,4,75+,English,No fixed abode,2022-07-25,Active,,1031.88,2,4,2
C-30067,Weybridge,1,45-59,English,Social tenancy,2021-05-15,Active,,435.4,1,2,11
C-30068,Ash Hill,3,75+,Spanish,Private tenancy,2023-10-25,Active,,1031.55,1,4,8
C-30069,Ash Hill,3,45-59,English,Owner-occupier,2025-03-18,Active,,1109.63,0,1,18
C-30070,Northgate,1,60-74,English,Resident with family,2025-06-29,Active,,381.55,1,3,16
C-30071,Calder Central,1,30-44,English,Resident with family,2022-07-27,Active,,466.78,0,1,16
C-30072,Northgate,5,60-74,English,Owner-occupier,2024-01-25,Active,,1190.13,1,1,16
C-30073,Ash Hill,1,75+,English,Social tenancy,2022-11-19,Active,,438.32,1,1,9
C-30074,Calder Central,4,60-74,Spanish,No fixed abode,2021-09-13,Active,,1164.7,2,4,16
C-30075,Ash Hill,4,45-59,English,Owner-occupier,2023-11-21,Active,,1237.3,1,2,0
C-30076,Northgate,3,45-59,English,Resident with family,2022-07-27,Active,,602.32,0,2,10
C-30077,Weybridge,3,60-74,Other,No fixed abode,2024-08-22,Active,,944.27,2,2,4
C-30078,Weybridge,3,30-44,English,Resident with family,2025-07-07,Active,,799.46,1,2,4
C-30079,Calder Central,1,30-44,Spanish,No fixed abode,2023-02-06,Active,,537.95,3,5,3
C-30080,Weybridge,1,30-44,Other,Private tenancy,2023-02-27,Active,,666.52,1,7,1
C-30081,Northgate,5,45-59,Spanish,Resident with family,2022-03-15,Active,,898.38,1,4,22
C-30082,Weybridge,3,75+,English,Resident with family,2024-07-20,Active,,918.28,0,0,2
C-30083,Weybridge,1,75+,English,Private tenancy,2022-05-11,Active,,430.26,1,4,11
C-30084,Northgate,3,30-44,Other,Social tenancy,2023-01-28,Active,,858.18,2,5,0
C-30085,Weybridge,1,45-59,English,No fixed abode,2023-05-03,Active,,525.82,1,3,4
C-30086,Northgate,2,18-29,English,Social tenancy,2021-01-29,Active,,605.46,1,1,14
C-30087,Northgate,4,45-59,English,Resident with family,2023-02-10,Active,,934.5,1,2,9
C-30088,Weybridge,3,60-74,English,No fixed abode,2021-06-27,Active,,928.86,1,2,15
C-30089,Weybridge,3,30-44,English,Private tenancy,2022-12-17,Active,,1237.37,0,3,8
C-30090,Northgate,5,45-59,English,No fixed abode,2023-08-05,Active,,1156.37,0,1,2
C-30091,Northgate,2,18-29,English,Resident with family,2024-05-12,Active,,547.8,1,2,8
C-30092,Northgate,3,45-59,English,Resident with family,2021-04-08,Active,,1199.89,0,3,8
C-30093,Calder Central,2,30-44,Other,Owner-occupier,2021-02-09,Active,,755.66,0,6,11
C-30094,Calder Central,3,30-44,Other,Social tenancy,2022-06-13,Active,,947.83,2,5,18
C-30095,Ash Hill,4,30-44,English,Owner-occupier,2023-10-29,Active,,1386.99,1,4,7
C-30096,Ash Hill,1,18-29,Spanish,Resident with family,2023-03-01,Active,,392.36,1,4,21
C-30097,Calder Central,4,45-59,Spanish,Social tenancy,2021-04-10,Closed,2025-10,1394.97,3,4,20
C-30098,Northgate,4,45-59,English,Resident with family,2023-11-08,Closed,2025-07,1113.47,2,2,21
C-30099,Northgate,2,30-44,English,Social tenancy,2023-05-06,Active,,607.36,0,2,1
C-30100,Northgate,2,45-59,English,No fixed abode,2021-07-01,Suspended,,980.0,0,4,18
C-30101,Ash Hill,3,30-44,English,Owner-occupier,2025-08-19,Active,,773.58,1,2,11
C-30102,Calder Central,3,60-74,English,No fixed abode,2022-09-06,Active,,940.36,1,0,0
C-30103,Calder Central,1,18-29,English,Resident with family,2024-02-20,Active,,675.98,1,2,16
C-30104,Calder Central,1,75+,Spanish,No fixed abode,2025-08-10,Active,,648.78,3,3,3
C-30105,Northgate,1,30-44,Spanish,Private tenancy,2024-05-09,Active,,472.53,2,6,3
C-30106,Calder Central,4,45-59,English,Owner-occupier,2021-11-17,Active,,835.98,1,0,11
C-30107,Ash Hill,5,45-59,English,Resident with family,2022-07-02,Active,,1024.36,0,4,6
C-30108,Ash Hill,1,60-74,English,No fixed abode,2021-07-20,Active,,372.19,0,3,4
C-30109,Weybridge,2,60-74,English,Private tenancy,2022-03-05,Active,,671.73,0,1,4
C-30110,Calder Central,4,75+,English,Private tenancy,2023-02-02,Active,,794.97,1,1,3
C-30111,Northgate,3,45-59,Spanish,No fixed abode,2023-03-05,Active,,1145.51,2,6,9
C-30112,Northgate,2,60-74,English,No fixed abode,2024-09-09,Active,,928.48,2,3,12
C-30113,Weybridge,3,60-74,English,Social tenancy,2023-04-27,Active,,666.17,0,3,14
C-30114,Ash Hill,4,75+,English,Social tenancy,2021-09-01,Active,,896.37,0,0,16
C-30115,Northgate,4,60-74,English,Resident with family,2022-12-09,Active,,1330.56,2,0,7
C-30116,Northgate,4,30-44,English,Private tenancy,2023-04-20,Active,,931.72,0,3,3
C-30117,Weybridge,2,18-29,English,Social tenancy,2023-12-16,Active,,675.43,2,3,3
C-30118,Weybridge,3,18-29,English,Owner-occupier,2022-10-12,Active,,920.04,1,1,5
C-30119,Calder Central,1,18-29,English,Social tenancy,2022-10-16,Active,,617.31,0,1,19
C-30120,Northgate,2,30-44,English,Owner-occupier,2022-04-22,Active,,572.87,0,3,7
C-30121,Calder Central,2,30-44,Spanish,Social tenancy,2022-12-07,Closed,2025-09,531.08,5,5,22
C-30122,Calder Central,1,30-44,English,Owner-occupier,2024-01-02,Closed,2025-12,728.57,0,1,17
C-30123,Ash Hill,2,45-59,English,No fixed abode,2025-07-23,Active,,735.03,1,3,19
C-30124,Northgate,1,18-29,English,Social tenancy,2024-02-07,Active,,664.39,1,0,12
C-30125,Calder Central,1,45-59,English,Social tenancy,2023-07-14,Active,,518.24,0,3,3
C-30126,Calder Central,2,45-59,English,Private tenancy,2022-09-23,Active,,905.66,0,2,17
C-30127,Northgate,5,45-59,English,Owner-occupier,2021-04-14,Active,,848.14,0,1,7
C-30128,Northgate,6,30-44,English,Owner-occupier,2023-03-16,Active,,1065.58,1,3,21
C-30129,Northgate,3,30-44,Spanish,Owner-occupier,2023-12-31,Active,,631.67,3,3,23
C-30130,Weybridge,1,45-59,English,Resident with family,2023-04-17,Suspended,,456.09,1,2,20
C-30131,Weybridge,6,60-74,English,Social tenancy,2025-07-24,Active,,1245.96,1,1,6
C-30132,Weybridge,1,60-74,Spanish,Resident with family,2023-12-31,Active,,608.24,1,4,13
C-30133,Northgate,2,30-44,English,Social tenancy,2025-08-02,Active,,620.14,0,2,22
C-30134,Calder Central,4,18-29,English,Social tenancy,2024-04-03,Active,,1043.66,2,1,12
C-30135,Calder Central,1,30-44,English,Social tenancy,2024-03-26,Active,,588.3,2,1,0
C-30136,Northgate,6,30-44,English,No fixed abode,2023-01-20,Suspended,,1628.8,0,4,20
C-30137,Northgate,2,45-59,Spanish,Owner-occupier,2024-02-04,Active,,849.01,0,4,3
C-30138,Weybridge,1,60-74,Spanish,No fixed abode,2021-01-27,Active,,593.43,0,4,17
C-30139,Calder Central,1,30-44,English,Private tenancy,2021-02-27,Active,,452.97,1,1,4
C-30140,Weybridge,1,45-59,English,Social tenancy,2024-12-01,Active,,542.43,0,0,20
C-30141,Weybridge,6,75+,English,No fixed abode,2023-08-12,Active,,1673.86,0,3,13
C-30142,Northgate,1,30-44,Spanish,Owner-occupier,2021-02-14,Active,,747.3,2,4,5
C-30143,Calder Central,3,18-29,English,No fixed abode,2022-07-19,Suspended,,1112.38,0,1,5
C-30144,Calder Central,1,30-44,English,No fixed abode,2021-06-21,Active,,524.39,1,3,10
C-30145,Calder Central,2,30-44,English,Private tenancy,2024-10-11,Active,,884.82,1,4,7
C-30146,Northgate,4,30-44,Other,Resident with family,2022-06-28,Active,,1226.92,2,5,15
C-30147,Calder Central,1,18-29,Other,Social tenancy,2022-04-07,Active,,384.89,0,7,23
C-30148,Northgate,1,30-44,English,Owner-occupier,2022-02-06,Active,,452.36,1,3,23
C-30149,Northgate,2,60-74,English,Resident with family,2022-09-03,Active,,650.76,1,3,20
C-30150,Northgate,2,18-29,English,Private tenancy,2021-07-22,Active,,829.08,1,3,15
C-30151,Calder Central,3,30-44,English,No fixed abode,2021-08-31,Active,,658.18,1,2,7
C-30152,Calder Central,1,18-29,English,Social tenancy,2023-07-19,Active,,688.36,3,5,4
C-30153,Calder Central,3,75+,Spanish,Owner-occupier,2022-03-29,Active,,757.48,0,4,9
C-30154,Ash Hill,1,18-29,English,Resident with family,2022-01-28,Active,,406.74,0,2,12
C-30155,Northgate,5,18-29,English,Private tenancy,2025-08-20,Active,,929.17,0,2,3
C-30156,Calder Central,1,18-29,English,Private tenancy,2023-06-15,Active,,487.24,0,2,17
C-30157,Calder Central,1,30-44,Other,Owner-occupier,2023-03-06,Active,,695.86,2,4,3
C-30158,Calder Central,4,30-44,English,Private tenancy,2021-08-15,Active,,1344.66,0,1,19
C-30159,Weybridge,2,60-74,English,Social tenancy,2021-03-17,Active,,725.31,0,3,12
C-30160,Northgate,1,45-59,English,Resident with family,2021-07-15,Active,,708.35,2,2,20
C-30161,Weybridge,1,60-74,English,Resident with family,2024-05-18,Active,,372.84,0,3,10
C-30162,Northgate,1,60-74,English,No fixed abode,2023-06-25,Active,,453.68,1,3,16
C-30163,Weybridge,2,45-59,English,Social tenancy,2024-08-30,Active,,595.93,1,2,18
C-30164,Weybridge,3,60-74,English,Owner-occupier,2021-06-05,Active,,1046.34,2,1,22
C-30165,Ash Hill,1,18-29,English,No fixed abode,2023-08-14,Active,,520.08,2,1,23
C-30166,Calder Central,5,75+,Spanish,Social tenancy,2025-06-23,Closed,2025-10,932.09,1,2,2
C-30167,Calder Central,2,18-29,English,Private tenancy,2021-08-23,Active,,688.04,1,4,9
C-30168,Calder Central,2,30-44,Spanish,Private tenancy,2022-12-31,Active,,609.84,1,2,12
C-30169,Calder Central,2,18-29,English,No fixed abode,2025-03-04,Active,,648.29,1,4,13
C-30170,Calder Central,3,60-74,English,Resident with family,2023-09-29,Active,,843.78,1,2,13
C-30171,Ash Hill,2,30-44,English,Owner-occupier,2022-10-14,Active,,516.28,1,1,6
C-30172,Ash Hill,1,30-44,English,Private tenancy,2024-07-10,Active,,424.6,2,5,22
C-30173,Calder Central,3,75+,Spanish,Resident with family,2024-08-13,Active,,1121.88,1,3,10
C-30174,Calder Central,1,45-59,Other,Social tenancy,2023-01-04,Active,,459.9,1,4,5
C-30175,Calder Central,4,45-59,English,Private tenancy,2022-03-23,Active,,1308.36,0,1,9
C-30176,Calder Central,1,18-29,English,Private tenancy,2023-12-08,Active,,707.07,0,3,15
C-30177,Weybridge,5,18-29,English,Resident with family,2021-01-05,Active,,1127.62,4,1,21
C-30178,Northgate,1,30-44,English,No fixed abode,2022-08-27,Active,,684.9,1,3,8
C-30179,Ash Hill,1,45-59,Spanish,No fixed abode,2024-04-28,Active,,691.53,1,4,7
C-30180,Calder Central,1,45-59,English,Resident with family,2023-05-15,Active,,738.54,0,0,20
C-30181,Weybridge,4,30-44,English,Private tenancy,2022-06-01,Active,,842.7,1,3,9
C-30182,Ash Hill,1,45-59,English,Owner-occupier,2025-03-11,Active,,487.75,2,1,8
C-30183,Northgate,5,45-59,English,Social tenancy,2022-01-26,Active,,1285.75,0,4,13
C-30184,Northgate,2,30-44,English,No fixed abode,2023-08-08,Active,,952.55,2,4,19
C-30185,Ash Hill,5,75+,English,Resident with family,2024-02-28,Closed,2025-07,932.34,0,0,1
C-30186,Calder Central,6,45-59,English,Social tenancy,2021-07-05,Active,,1257.5,0,3,6
C-30187,Northgate,4,60-74,English,Owner-occupier,2023-07-20,Active,,1125.12,0,0,1
C-30188,Calder Central,1,30-44,English,No fixed abode,2022-05-27,Active,,596.49,1,1,16
C-30189,Northgate,3,75+,English,Social tenancy,2022-09-23,Active,,1125.79,1,3,5
C-30190,Calder Central,3,60-74,English,No fixed abode,2022-08-25,Active,,812.08,0,1,1
C-30191,Ash Hill,2,18-29,English,Resident with family,2022-01-23,Active,,969.84,0,2,14
C-30192,Calder Central,1,75+,English,Private tenancy,2021-10-06,Active,,758.01,0,0,18
C-30193,Weybridge,4,45-59,Other,Private tenancy,2023-06-10,Active,,1261.17,4,3,7
C-30194,Calder Central,4,30-44,Spanish,Resident with family,2021-04-22,Active,,942.89,2,1,17
C-30195,Northgate,3,18-29,English,Social tenancy,2023-03-19,Active,,866.45,2,0,11
C-30196,Calder Central,2,75+,Spanish,Social tenancy,2022-09-22,Active,,690.08,1,3,4
C-30197,Calder Central,6,30-44,Spanish,Resident with family,2021-06-24,Active,,1500.24,1,4,3
C-30198,Ash Hill,4,75+,English,Resident with family,2021-10-27,Active,,791.97,0,1,16
C-30199,Weybridge,5,30-44,English,Resident with family,2022-09-01,Active,,1534.23,2,1,2
C-30200,Northgate,2,18-29,English,Social tenancy,2023-05-20,Active,,963.31,1,2,17
C-30201,Northgate,2,30-44,English,No fixed abode,2023-11-06,Active,,1016.19,1,1,8
C-30202,Calder Central,1,60-74,Spanish,Owner-occupier,2022-06-19,Active,,762.54,1,4,17
C-30203,Weybridge,1,60-74,English,Private tenancy,2024-06-27,Active,,503.0,0,2,1
C-30204,Weybridge,4,45-59,English,No fixed abode,2024-09-03,Active,,837.07,1,0,22
C-30205,Calder Central,1,60-74,English,Owner-occupier,2021-10-10,Active,,528.84,2,0,6
C-30206,Ash Hill,1,18-29,Other,Owner-occupier,2021-10-21,Active,,733.94,1,1,15
C-30207,Ash Hill,6,45-59,English,No fixed abode,2021-10-19,Active,,995.43,3,3,13
C-30208,Calder Central,1,60-74,English,Private tenancy,2023-04-12,Active,,631.58,0,1,6
C-30209,Weybridge,2,30-44,English,Resident with family,2024-08-09,Active,,682.84,0,2,11
C-30210,Northgate,3,60-74,English,Owner-occupier,2021-05-27,Active,,601.36,1,1,14
C-30211,Ash Hill,2,18-29,English,Owner-occupier,2024-06-30,Active,,732.72,0,1,7
C-30212,Calder Central,2,75+,English,Owner-occupier,2025-01-22,Active,,880.16,1,0,7
C-30213,Calder Central,2,60-74,English,Owner-occupier,2022-08-28,Active,,827.99,1,0,13
C-30214,Weybridge,4,45-59,English,Private tenancy,2022-03-31,Active,,1172.62,0,1,17
C-30215,Ash Hill,3,30-44,English,Resident with family,2025-02-28,Active,,891.29,2,0,6
C-30216,Ash Hill,4,60-74,English,Social tenancy,2022-12-21,Active,,1313.08,1,3,4
C-30217,Weybridge,3,18-29,English,Resident with family,2022-11-02,Active,,696.34,0,2,8
C-30218,Calder Central,2,75+,English,Social tenancy,2023-01-21,Active,,898.9,1,2,1
C-30219,Weybridge,5,60-74,English,No fixed abode,2025-02-14,Active,,1235.72,0,2,8
C-30220,Weybridge,4,18-29,Other,Resident with family,2024-09-21,Active,,1311.51,1,2,20
C-30221,Calder Central,6,30-44,English,Resident with family,2024-07-01,Active,,1813.82,0,1,5
C-30222,Northgate,1,30-44,English,Owner-occupier,2025-08-26,Active,,476.1,0,2,19
C-30223,Calder Central,4,45-59,English,Private tenancy,2022-04-27,Active,,1194.64,1,2,4
C-30224,Ash Hill,3,18-29,Spanish,Social tenancy,2024-03-30,Active,,639.14,3,5,21
C-30225,Northgate,3,60-74,English,No fixed abode,2022-11-08,Active,,749.55,0,3,0
C-30226,Northgate,2,45-59,English,Private tenancy,2021-08-21,Active,,524.75,1,1,22
C-30227,Ash Hill,4,45-59,English,Owner-occupier,2024-08-02,Active,,1434.1,0,4,2
C-30228,Ash Hill,1,45-59,English,Private tenancy,2024-04-15,Active,,383.6,0,0,17
C-30229,Northgate,1,18-29,English,Social tenancy,2025-05-19,Active,,637.83,1,3,11
C-30230,Calder Central,2,18-29,English,Social tenancy,2022-04-20,Active,,599.67,0,1,8
C-30231,Northgate,2,30-44,English,No fixed abode,2025-03-16,Active,,501.25,0,2,19
C-30232,Weybridge,3,30-44,English,No fixed abode,2022-05-11,Active,,1024.71,0,1,3
C-30233,Northgate,1,75+,English,Owner-occupier,2022-11-01,Suspended,,609.24,1,0,18
C-30234,Calder Central,5,45-59,English,Resident with family,2023-05-14,Active,,1577.11,1,3,11
C-30235,Calder Central,6,60-74,English,Resident with family,2024-02-20,Active,,1038.35,2,1,23
C-30236,Northgate,1,60-74,English,Private tenancy,2024-08-17,Closed,2025-11,754.36,0,2,16
C-30237,Weybridge,1,60-74,English,Social tenancy,2023-02-10,Active,,733.12,0,0,3
C-30238,Northgate,2,30-44,English,No fixed abode,2024-10-15,Active,,585.79,0,0,20
C-30239,Northgate,1,30-44,Other,Private tenancy,2021-12-29,Active,,418.23,1,2,4
C-30240,Weybridge,2,30-44,English,Owner-occupier,2023-01-04,Active,,536.63,0,1,2
C-30241,Calder Central,2,75+,Spanish,Private tenancy,2023-12-05,Active,,727.24,2,3,7
C-30242,Weybridge,3,18-29,English,Resident with family,2024-05-03,Active,,880.12,1,3,7
C-30243,Calder Central,1,18-29,Other,Social tenancy,2024-11-17,Active,,495.66,2,5,0
C-30244,Northgate,1,45-59,English,Owner-occupier,2023-06-24,Active,,740.54,0,1,17
C-30245,Northgate,4,60-74,Spanish,Resident with family,2023-10-04,Active,,915.74,1,6,1
C-30246,Northgate,3,45-59,English,Social tenancy,2023-08-20,Closed,2025-09,767.59,0,0,15
C-30247,Northgate,2,30-44,English,Social tenancy,2022-12-03,Active,,746.3,1,2,6
C-30248,Calder Central,4,60-74,English,Private tenancy,2023-05-21,Active,,815.3,0,2,9
C-30249,Northgate,3,18-29,English,Private tenancy,2023-01-11,Active,,1032.64,0,3,15
C-30250,Weybridge,2,60-74,English,Private tenancy,2021-02-06,Suspended,,576.1,1,4,13
C-30251,Calder Central,4,60-74,English,Resident with family,2023-01-28,Closed,2025-10,1252.44,1,1,12
C-30252,Calder Central,6,75+,English,Owner-occupier,2021-06-02,Active,,920.96,0,2,6
C-30253,Northgate,2,75+,English,Private tenancy,2025-05-20,Suspended,,867.14,1,0,13
C-30254,Northgate,2,45-59,Other,Owner-occupier,2022-05-15,Active,,912.8,2,6,8
C-30255,Weybridge,4,30-44,English,Resident with family,2025-07-20,Active,,1056.93,0,3,1
C-30256,Calder Central,1,60-74,Spanish,Resident with family,2022-10-16,Active,,491.54,1,4,6
C-30257,Weybridge,1,30-44,English,No fixed abode,2023-12-20,Active,,478.26,1,1,12
C-30258,Calder Central,1,60-74,Spanish,Private tenancy,2023-08-01,Active,,380.66,4,6,12
C-30259,Weybridge,1,45-59,English,Resident with family,2022-10-11,Active,,600.84,2,0,23
C-30260,Northgate,3,30-44,Spanish,No fixed abode,2025-07-11,Active,,840.31,0,5,22
C-30261,Calder Central,4,60-74,English,Owner-occupier,2022-09-02,Active,,1289.16,0,2,0
C-30262,Ash Hill,4,30-44,English,Owner-occupier,2022-09-25,Closed,2025-08,777.54,0,2,6
C-30263,Weybridge,3,30-44,English,Resident with family,2022-10-09,Active,,1093.94,4,2,5
C-30264,Ash Hill,4,45-59,English,Social tenancy,2025-06-03,Active,,1002.93,0,1,22
C-30265,Calder Central,1,30-44,Other,Private tenancy,2023-06-06,Active,,691.78,3,3,23
C-30266,Northgate,2,18-29,English,Resident with family,2022-09-27,Active,,806.85,0,4,16
C-30267,Weybridge,1,45-59,English,Social tenancy,2024-08-28,Active,,502.19,2,1,5
C-30268,Weybridge,2,60-74,Spanish,Social tenancy,2021-01-04,Active,,619.36,4,2,6
C-30269,Weybridge,4,60-74,English,No fixed abode,2025-02-15,Active,,1054.51,2,4,3
C-30270,Weybridge,1,45-59,English,Private tenancy,2024-02-23,Active,,379.24,0,0,15
C-30271,Northgate,6,30-44,English,Resident with family,2024-08-07,Active,,1161.79,0,3,1
C-30272,Weybridge,3,45-59,English,Resident with family,2025-03-16,Active,,1123.25,0,1,10
C-30273,Northgate,4,18-29,Spanish,Private tenancy,2022-12-26,Active,,984.07,2,2,15
C-30274,Weybridge,2,45-59,English,Social tenancy,2023-12-06,Active,,861.16,0,2,5
C-30275,Northgate,1,30-44,English,No fixed abode,2022-04-01,Active,,739.65,1,2,4
C-30276,Calder Central,6,60-74,Spanish,Owner-occupier,2021-03-15,Active,,1240.08,1,4,14
C-30277,Calder Central,4,45-59,Spanish,Resident with family,2021-11-12,Active,,1222.0,2,4,20
C-30278,Ash Hill,1,30-44,English,Resident with family,2022-07-07,Active,,716.74,1,1,4
C-30279,Northgate,4,18-29,Other,Resident with family,2021-10-03,Active,,1006.09,3,3,21
C-30280,Calder Central,1,60-74,English,Owner-occupier,2024-10-10,Active,,428.28,1,1,4
C-30281,Ash Hill,5,75+,English,Private tenancy,2024-03-01,Active,,1092.08,2,2,2
C-30282,Northgate,2,60-74,English,Resident with family,2023-07-23,Active,,603.99,2,5,16
C-30283,Northgate,1,30-44,English,Resident with family,2021-10-12,Active,,594.54,1,2,7
C-30284,Northgate,1,30-44,Other,Resident with family,2023-03-13,Active,,559.85,2,4,4
C-30285,Weybridge,2,18-29,English,Resident with family,2023-08-01,Active,,674.01,1,1,11
C-30286,Weybridge,2,30-44,English,Private tenancy,2023-06-25,Active,,798.55,1,1,13
C-30287,Northgate,3,18-29,English,Social tenancy,2024-04-18,Active,,990.75,1,0,14
C-30288,Weybridge,6,75+,English,No fixed abode,2022-09-23,Active,,1421.66,0,1,18
C-30289,Calder Central,1,18-29,English,Private tenancy,2025-06-03,Active,,660.44,4,6,5
C-30290,Weybridge,1,60-74,Spanish,Private tenancy,2021-03-21,Active,,518.58,2,3,10
C-30291,Calder Central,4,75+,Spanish,No fixed abode,2024-11-30,Active,,1227.01,1,7,12
C-30292,Calder Central,3,60-74,English,Social tenancy,2025-06-01,Active,,1129.68,2,2,0
C-30293,Calder Central,3,30-44,English,Resident with family,2024-08-25,Active,,608.74,0,0,18
C-30294,Ash Hill,3,30-44,English,No fixed abode,2024-08-31,Active,,1226.73,1,1,17
C-30295,Weybridge,4,30-44,English,Owner-occupier,2022-06-10,Active,,959.32,1,2,19
C-30296,Weybridge,6,60-74,English,No fixed abode,2022-05-06,Active,,1578.98,1,1,6
C-30297,Weybridge,2,45-59,English,Resident with family,2023-11-18,Active,,1013.47,2,2,1
C-30298,Weybridge,1,45-59,English,Owner-occupier,2025-06-20,Active,,642.69,1,3,8
C-30299,Weybridge,3,45-59,English,Private tenancy,2022-04-07,Active,,649.87,2,1,12
C-30300,Weybridge,4,30-44,English,Private tenancy,2023-05-08,Active,,897.79,1,5,16
C-30301,Calder Central,1,75+,English,No fixed abode,2022-09-17,Active,,628.48,0,1,15
C-30302,Weybridge,2,45-59,English,Resident with family,2025-04-24,Active,,724.97,3,4,5
C-30303,Northgate,2,45-59,English,No fixed abode,2025-07-12,Active,,959.32,1,0,13
C-30304,Ash Hill,1,30-44,English,Social tenancy,2023-12-23,Active,,488.82,2,3,18
C-30305,Calder Central,2,18-29,English,Owner-occupier,2021-07-27,Active,,651.39,0,4,19
C-30306,Calder Central,1,45-59,Spanish,Social tenancy,2022-08-15,Active,,466.19,3,5,4
C-30307,Weybridge,5,18-29,English,Resident with family,2024-08-29,Active,,920.14,0,2,11
C-30308,Calder Central,1,30-44,English,Resident with family,2024-06-26,Closed,2025-11,500.18,1,2,17
C-30309,Calder Central,1,60-74,English,Resident with family,2022-02-14,Active,,654.34,1,0,4
C-30310,Weybridge,1,75+,English,Social tenancy,2021-03-21,Active,,760.08,0,3,2
C-30311,Ash Hill,2,45-59,English,No fixed abode,2022-09-02,Active,,760.65,1,0,12
C-30312,Weybridge,3,30-44,Other,Owner-occupier,2025-06-04,Active,,1184.58,2,4,6
C-30313,Northgate,5,45-59,English,Private tenancy,2025-05-29,Active,,799.19,1,1,5
C-30314,Calder Central,1,30-44,Other,Owner-occupier,2024-01-23,Active,,535.5,0,2,20
C-30315,Calder Central,5,30-44,English,Owner-occupier,2022-12-25,Active,,1069.28,0,0,4
C-30316,Calder Central,2,75+,English,Private tenancy,2024-03-29,Active,,778.56,1,4,6
C-30317,Ash Hill,3,18-29,English,Owner-occupier,2022-03-16,Active,,843.32,1,3,4
C-30318,Calder Central,1,75+,English,Owner-occupier,2021-05-09,Active,,456.83,0,4,22
C-30319,Ash Hill,3,45-59,English,Resident with family,2022-07-02,Active,,850.28,0,1,5
C-30320,Northgate,4,30-44,Other,Private tenancy,2021-07-16,Active,,890.99,3,6,16
C-30321,Ash Hill,4,30-44,English,Private tenancy,2024-01-10,Active,,1011.64,1,1,11
C-30322,Weybridge,3,30-44,English,Private tenancy,2021-12-09,Active,,798.09,2,0,0
C-30323,Northgate,2,75+,English,Resident with family,2024-09-23,Active,,729.07,1,0,14
C-30324,Northgate,2,60-74,English,Resident with family,2024-08-25,Suspended,,1019.8,1,3,4
C-30325,Calder Central,2,60-74,English,Resident with family,2023-08-02,Active,,765.95,0,0,0
C-30326,Calder Central,3,45-59,English,Owner-occupier,2024-12-16,Active,,1114.6,1,5,7
C-30327,Calder Central,1,75+,English,Resident with family,2022-07-10,Active,,703.17,1,0,7
C-30328,Northgate,3,60-74,English,No fixed abode,2025-04-11,Active,,986.24,1,4,22
C-30329,Northgate,4,45-59,Other,Private tenancy,2024-02-22,Active,,1058.55,0,5,18
C-30330,Northgate,2,60-74,English,Private tenancy,2021-01-07,Closed,2025-10,821.61,2,4,19
C-30331,Weybridge,4,75+,English,Resident with family,2021-08-09,Active,,1219.36,1,0,23
C-30332,Weybridge,1,30-44,English,No fixed abode,2024-12-27,Active,,569.73,0,0,17
C-30333,Northgate,1,60-74,Spanish,Resident with family,2021-11-23,Active,,512.13,1,7,21
C-30334,Ash Hill,1,18-29,English,Social tenancy,2025-08-16,Active,,634.88,1,2,5
C-30335,Calder Central,3,60-74,English,No fixed abode,2021-12-29,Active,,793.17,0,3,9
C-30336,Weybridge,4,30-44,English,No fixed abode,2024-03-06,Active,,942.42,0,1,21
C-30337,Northgate,3,45-59,English,Owner-occupier,2023-07-31,Closed,2025-07,628.92,0,0,4
C-30338,Northgate,6,18-29,English,No fixed abode,2022-09-15,Active,,1783.09,1,2,18
C-30339,Calder Central,1,30-44,English,No fixed abode,2024-08-20,Active,,664.59,1,3,22
C-30340,Ash Hill,4,60-74,English,Owner-occupier,2025-06-29,Active,,1288.06,2,0,11
C-30341,Weybridge,2,30-44,English,Social tenancy,2025-04-26,Active,,815.01,1,0,21
C-30342,Calder Central,1,75+,English,Owner-occupier,2021-07-01,Active,,545.04,1,1,13
C-30343,Northgate,3,45-59,Spanish,No fixed abode,2022-04-22,Active,,1006.58,2,4,12
C-30344,Northgate,2,45-59,Other,No fixed abode,2021-03-31,Suspended,,781.71,0,3,6
C-30345,Calder Central,2,18-29,Other,Private tenancy,2023-07-03,Active,,873.4,1,5,5
C-30346,Calder Central,2,18-29,English,Social tenancy,2022-03-02,Active,,821.11,1,2,18
C-30347,Ash Hill,2,45-59,English,No fixed abode,2021-09-20,Active,,687.84,2,4,10
C-30348,Ash Hill,1,45-59,English,Social tenancy,2022-06-12,Active,,472.01,2,3,4
C-30349,Calder Central,1,30-44,English,Owner-occupier,2023-03-11,Active,,709.46,1,3,12
C-30350,Calder Central,5,60-74,English,Resident with family,2023-03-01,Suspended,,851.49,2,5,3
C-30351,Calder Central,3,45-59,Other,Social tenancy,2022-09-28,Active,,1020.5,3,9,7
C-30352,Northgate,1,45-59,English,Social tenancy,2022-03-03,Active,,532.21,0,1,12
C-30353,Calder Central,5,60-74,English,Private tenancy,2025-05-16,Active,,1444.07,0,0,3
C-30354,Weybridge,4,75+,English,No fixed abode,2021-09-07,Active,,879.17,0,1,8
C-30355,Calder Central,2,18-29,Spanish,Owner-occupier,2022-05-21,Active,,642.33,2,2,14
C-30356,Calder Central,3,30-44,English,Resident with family,2023-10-29,Active,,1129.02,1,0,7
C-30357,Northgate,1,60-74,Other,Owner-occupier,2024-04-16,Active,,621.94,3,4,18
C-30358,Calder Central,1,30-44,English,Owner-occupier,2021-05-20,Active,,746.93,0,3,15
C-30359,Calder Central,3,60-74,English,Social tenancy,2021-09-30,Active,,1118.52,1,4,21
C-30360,Northgate,1,18-29,English,Private tenancy,2021-09-24,Active,,446.88,1,3,8
C-30361,Ash Hill,1,45-59,Other,Private tenancy,2024-09-20,Active,,609.78,1,4,5
C-30362,Weybridge,1,45-59,English,Private tenancy,2023-11-27,Active,,534.8,0,1,21
C-30363,Northgate,4,18-29,English,Resident with family,2023-12-05,Active,,965.46,1,2,18
C-30364,Calder Central,2,18-29,English,Owner-occupier,2023-01-24,Active,,912.71,0,2,11
C-30365,Calder Central,4,45-59,English,Private tenancy,2025-07-07,Active,,1150.34,2,1,19
C-30366,Northgate,2,60-74,English,Resident with family,2021-12-09,Active,,530.51,1,1,21
C-30367,Weybridge,4,30-44,English,Resident with family,2023-02-12,Active,,1169.5,0,1,13
C-30368,Northgate,3,45-59,English,No fixed abode,2024-11-23,Active,,1082.51,0,2,15
C-30369,Weybridge,2,45-59,Other,Owner-occupier,2025-07-03,Active,,803.64,1,3,19
C-30370,Weybridge,3,18-29,English,No fixed abode,2024-01-16,Active,,685.36,0,1,5
C-30371,Calder Central,3,60-74,English,Owner-occupier,2021-02-19,Active,,702.25,0,3,11
C-30372,Weybridge,3,60-74,Other,Social tenancy,2022-10-29,Active,,741.3,1,7,16
C-30373,Ash Hill,2,45-59,Other,Social tenancy,2025-01-13,Active,,585.55,0,5,15
C-30374,Ash Hill,3,18-29,English,Owner-occupier,2021-04-11,Active,,619.97,1,1,11
C-30375,Ash Hill,6,18-29,English,Owner-occupier,2023-01-21,Active,,1023.44,1,1,22
C-30376,Northgate,5,60-74,English,Owner-occupier,2023-12-13,Active,,1236.7,1,3,1
C-30377,Northgate,3,18-29,English,Owner-occupier,2021-05-27,Active,,770.74,0,1,22
C-30378,Calder Central,1,30-44,English,Owner-occupier,2022-06-14,Active,,509.46,1,2,14
C-30379,Calder Central,2,75+,Other,Owner-occupier,2024-02-15,Active,,611.54,2,4,12
C-30380,Ash Hill,2,45-59,English,Owner-occupier,2023-07-07,Active,,542.03,0,1,21
C-30381,Ash Hill,6,45-59,English,Social tenancy,2025-01-11,Active,,1100.93,1,0,3
C-30382,Northgate,1,75+,English,Private tenancy,2021-12-15,Active,,510.11,3,3,8
C-30383,Calder Central,2,60-74,English,Social tenancy,2022-06-24,Active,,912.41,1,1,15
C-30384,Weybridge,2,30-44,English,Private tenancy,2024-02-05,Active,,756.56,1,0,8
C-30385,Northgate,1,45-59,English,No fixed abode,2024-06-05,Active,,756.25,0,2,14
C-30386,Weybridge,1,18-29,English,Owner-occupier,2025-07-09,Active,,516.73,2,4,3
C-30387,Weybridge,5,30-44,Other,Social tenancy,2021-05-07,Closed,2025-09,1116.54,6,3,20
C-30388,Ash Hill,2,18-29,English,Owner-occupier,2025-07-18,Active,,515.24,0,0,6
C-30389,Weybridge,3,60-74,English,Private tenancy,2023-11-18,Active,,955.87,1,0,21
C-30390,Weybridge,3,30-44,English,Private tenancy,2022-11-29,Active,,965.73,0,2,13
C-30391,Weybridge,2,60-74,Spanish,Owner-occupier,2023-12-06,Active,,749.76,1,5,1
C-30392,Northgate,2,30-44,English,Private tenancy,2023-09-07,Active,,833.7,0,4,1
C-30393,Weybridge,1,18-29,English,Social tenancy,2021-11-10,Active,,402.12,0,2,2
C-30394,Weybridge,5,60-74,English,Private tenancy,2024-02-17,Active,,990.43,2,0,17
C-30395,Northgate,1,18-29,English,Resident with family,2024-12-02,Active,,511.26,0,3,10
C-30396,Northgate,1,18-29,English,Owner-occupier,2023-09-25,Active,,741.26,2,1,20
C-30397,Weybridge,5,30-44,English,Social tenancy,2023-10-21,Active,,1188.4,1,1,18
C-30398,Northgate,3,60-74,English,Private tenancy,2022-08-20,Active,,1108.47,1,0,18
C-30399,Ash Hill,3,30-44,English,Owner-occupier,2022-12-12,Active,,623.56,3,0,4
C-30400,Ash Hill,2,45-59,English,Owner-occupier,2023-02-25,Active,,567.34,0,5,1
C-30401,Ash Hill,3,45-59,English,Owner-occupier,2025-02-26,Active,,864.14,0,1,7
C-30402,Ash Hill,3,30-44,English,No fixed abode,2023-05-10,Active,,682.6,1,0,12
C-30403,Weybridge,1,60-74,English,Social tenancy,2024-04-30,Active,,761.25,2,2,10
C-30404,Calder Central,4,30-44,English,No fixed abode,2025-02-10,Active,,1171.58,1,2,13
C-30405,Calder Central,2,18-29,English,Owner-occupier,2023-04-01,Active,,984.18,1,1,18
C-30406,Northgate,1,45-59,English,Social tenancy,2025-01-15,Active,,584.17,0,3,15
C-30407,Calder Central,5,18-29,English,Owner-occupier,2025-08-19,Active,,1098.62,0,0,4
C-30408,Calder Central,2,30-44,Spanish,Private tenancy,2021-03-04,Active,,988.12,1,4,12
C-30409,Calder Central,4,75+,Other,No fixed abode,2023-09-06,Active,,956.66,2,5,10
C-30410,Weybridge,4,45-59,Other,Owner-occupier,2021-12-30,Active,,1076.5,2,6,7
C-30411,Northgate,2,60-74,English,Social tenancy,2023-02-01,Active,,665.01,0,2,14
C-30412,Weybridge,2,45-59,English,Owner-occupier,2022-02-21,Active,,871.53,0,4,18
C-30413,Calder Central,1,45-59,English,Resident with family,2021-12-21,Active,,508.19,1,0,13
C-30414,Weybridge,2,60-74,Other,No fixed abode,2022-08-04,Active,,552.11,2,4,9
C-30415,Ash Hill,4,30-44,English,Owner-occupier,2023-04-06,Active,,1194.27,0,3,10
C-30416,Weybridge,2,30-44,Spanish,No fixed abode,2021-01-02,Active,,919.91,1,2,23
C-30417,Weybridge,1,45-59,English,No fixed abode,2021-07-20,Active,,467.65,0,2,10
C-30418,Northgate,4,75+,English,Owner-occupier,2021-09-04,Active,,859.76,0,0,20
C-30419,Northgate,6,45-59,English,Social tenancy,2021-10-02,Closed,2025-08,1760.46,1,3,12
C-30420,Northgate,1,60-74,English,Owner-occupier,2022-10-10,Active,,538.44,0,1,11
C-30421,Weybridge,2,45-59,English,Owner-occupier,2023-09-08,Suspended,,745.8,1,2,8
C-30422,Calder Central,2,60-74,Spanish,No fixed abode,2024-02-09,Active,,574.21,3,5,5
C-30423,Ash Hill,5,30-44,Other,Owner-occupier,2024-09-04,Active,,887.16,1,2,4
C-30424,Calder Central,1,45-59,English,Social tenancy,2022-08-23,Active,,483.44,1,1,23
C-30425,Northgate,2,45-59,English,Owner-occupier,2021-11-18,Closed,2025-09,963.05,0,3,12
C-30426,Northgate,1,60-74,English,No fixed abode,2024-11-17,Active,,411.54,0,1,1
C-30427,Northgate,3,30-44,English,No fixed abode,2021-09-01,Closed,2025-08,816.38,0,0,21
C-30428,Calder Central,3,18-29,English,Social tenancy,2024-06-06,Active,,1239.65,0,2,7
C-30429,Weybridge,3,75+,English,Social tenancy,2024-03-21,Suspended,,776.16,0,1,20
C-30430,Calder Central,1,45-59,English,Owner-occupier,2023-06-14,Active,,439.57,1,1,1
C-30431,Weybridge,2,30-44,English,No fixed abode,2025-02-04,Active,,939.08,1,3,11
C-30432,Weybridge,1,30-44,English,No fixed abode,2025-04-25,Active,,466.15,0,1,0
C-30433,Calder Central,2,30-44,Spanish,Owner-occupier,2023-08-27,Closed,2025-09,592.06,3,7,20
C-30434,Ash Hill,1,60-74,Spanish,No fixed abode,2023-11-11,Active,,677.79,0,5,8
C-30435,Calder Central,2,45-59,English,Resident with family,2021-12-14,Active,,876.25,0,0,17
C-30436,Northgate,3,18-29,English,Private tenancy,2024-11-24,Closed,2025-10,1103.35,1,1,21
C-30437,Calder Central,1,60-74,English,Social tenancy,2021-05-23,Suspended,,490.54,0,2,5
C-30438,Calder Central,1,45-59,English,Social tenancy,2024-12-02,Active,,642.44,1,1,21
C-30439,Northgate,4,45-59,English,Owner-occupier,2022-01-24,Active,,1234.91,0,1,17
C-30440,Calder Central,4,30-44,English,No fixed abode,2024-06-09,Active,,1065.75,0,1,18
C-30441,Weybridge,4,45-59,English,Private tenancy,2022-06-14,Active,,1283.91,0,1,17
C-30442,Northgate,1,45-59,English,No fixed abode,2024-02-20,Active,,566.81,1,2,7
C-30443,Weybridge,1,75+,English,No fixed abode,2023-01-21,Suspended,,718.29,0,2,12
C-30444,Northgate,2,45-59,English,Owner-occupier,2023-06-12,Active,,776.88,3,0,1
C-30445,Northgate,1,60-74,Spanish,Resident with family,2023-09-01,Active,,661.23,0,4,2
C-30446,Northgate,2,75+,English,Resident with family,2024-04-20,Active,,688.28,1,2,23
C-30447,Weybridge,2,60-74,English,Social tenancy,2023-12-30,Active,,553.73,2,3,3
C-30448,Ash Hill,1,60-74,English,Social tenancy,2023-04-18,Active,,620.41,1,1,1
C-30449,Calder Central,3,60-74,English,Owner-occupier,2023-02-06,Active,,618.82,0,3,3
C-30450,Northgate,2,18-29,English,No fixed abode,2025-06-19,Active,,894.87,0,3,4
C-30451,Northgate,5,60-74,Spanish,No fixed abode,2023-04-25,Active,,1446.5,0,4,9
C-30452,Northgate,4,18-29,Other,Resident with family,2021-10-28,Suspended,,1248.9,2,7,12
C-30453,Calder Central,3,45-59,English,Social tenancy,2023-07-27,Active,,700.17,1,2,22
C-30454,Weybridge,4,18-29,English,Resident with family,2022-01-12,Active,,1172.2,0,3,20
C-30455,Northgate,3,18-29,English,Private tenancy,2025-01-23,Active,,1016.58,1,0,16
C-30456,Calder Central,5,45-59,Other,No fixed abode,2024-02-27,Active,,967.36,0,2,13
C-30457,Ash Hill,3,18-29,English,Resident with family,2024-06-29,Active,,635.38,0,2,11
C-30458,Northgate,1,75+,English,Social tenancy,2023-05-14,Active,,503.86,1,2,22
C-30459,Northgate,2,18-29,English,Private tenancy,2024-10-05,Active,,1005.37,1,4,14
C-30460,Northgate,1,45-59,Other,Owner-occupier,2024-03-31,Active,,627.12,1,3,13
C-30461,Weybridge,2,30-44,Spanish,Owner-occupier,2024-07-19,Active,,872.57,2,7,9
C-30462,Ash Hill,2,45-59,English,Social tenancy,2021-11-05,Active,,866.33,1,1,15
C-30463,Northgate,2,18-29,English,Private tenancy,2021-01-12,Suspended,,501.37,1,4,8
C-30464,Weybridge,1,45-59,Other,Private tenancy,2021-08-02,Suspended,,381.75,1,4,3
C-30465,Calder Central,3,45-59,Other,Social tenancy,2024-03-11,Active,,868.7,1,3,7
C-30466,Northgate,2,60-74,English,Social tenancy,2024-10-05,Active,,827.71,0,2,19
C-30467,Ash Hill,2,18-29,English,No fixed abode,2025-08-27,Suspended,,812.24,1,2,11
C-30468,Calder Central,1,18-29,English,Private tenancy,2025-08-23,Active,,689.36,0,3,9
C-30469,Calder Central,2,30-44,English,Private tenancy,2021-12-12,Active,,853.09,0,2,16
C-30470,Weybridge,1,60-74,English,Social tenancy,2025-05-30,Active,,618.48,1,2,16
C-30471,Calder Central,3,45-59,English,Resident with family,2024-08-10,Active,,934.15,1,1,14
C-30472,Ash Hill,1,30-44,Spanish,Social tenancy,2021-12-01,Active,,717.38,2,3,3
C-30473,Weybridge,4,30-44,English,Owner-occupier,2023-11-16,Active,,908.16,0,0,5
C-30474,Ash Hill,2,60-74,English,Private tenancy,2024-07-09,Active,,969.06,1,3,22
C-30475,Northgate,6,30-44,English,Resident with family,2024-06-10,Active,,1442.0,0,2,18
C-30476,Northgate,1,30-44,English,Owner-occupier,2021-10-14,Suspended,,633.91,1,1,21
C-30477,Calder Central,2,30-44,English,Owner-occupier,2021-04-24,Active,,535.41,0,0,6
C-30478,Ash Hill,3,60-74,English,No fixed abode,2024-09-11,Active,,1120.43,0,1,7
C-30479,Northgate,2,18-29,English,Owner-occupier,2021-04-06,Active,,791.81,0,1,21
C-30480,Ash Hill,2,45-59,Spanish,Private tenancy,2024-05-20,Active,,610.92,2,5,21
C-30481,Northgate,4,30-44,English,Social tenancy,2025-06-04,Active,,745.95,0,2,9
C-30482,Calder Central,1,60-74,English,Resident with family,2023-07-17,Active,,632.82,0,4,8
C-30483,Northgate,1,30-44,English,Private tenancy,2024-06-02,Active,,547.22,0,3,3
C-30484,Weybridge,2,45-59,Spanish,Social tenancy,2021-06-07,Active,,748.57,3,2,9
C-30485,Calder Central,2,18-29,English,Private tenancy,2024-11-08,Active,,1025.41,2,1,12
C-30486,Northgate,2,30-44,English,Resident with family,2023-02-25,Active,,894.1,2,2,17
C-30487,Calder Central,2,30-44,English,Owner-occupier,2023-11-11,Active,,859.26,1,0,18
C-30488,Weybridge,1,60-74,English,Owner-occupier,2022-10-23,Active,,434.58,1,2,19
C-30489,Weybridge,4,60-74,English,No fixed abode,2025-08-07,Active,,988.3,2,4,6
C-30490,Weybridge,3,45-59,Spanish,Private tenancy,2024-11-22,Active,,882.66,3,5,16
C-30491,Northgate,5,30-44,English,Private tenancy,2021-12-15,Active,,874.72,1,1,23
C-30492,Weybridge,2,18-29,English,No fixed abode,2022-05-09,Closed,2025-09,620.58,2,4,6
C-30493,Northgate,2,30-44,English,Social tenancy,2021-12-19,Active,,838.31,0,2,16
C-30494,Weybridge,5,60-74,English,Owner-occupier,2023-07-26,Active,,1025.45,1,2,8
C-30495,Calder Central,3,18-29,English,Private tenancy,2021-05-12,Active,,782.83,2,4,22
C-30496,Weybridge,1,30-44,English,Resident with family,2024-08-09,Active,,417.68,2,1,1
C-30497,Ash Hill,2,45-59,Spanish,Social tenancy,2024-03-06,Active,,809.42,2,2,17
C-30498,Northgate,3,60-74,English,Owner-occupier,2022-11-16,Active,,1103.18,1,2,8
C-30499,Calder Central,4,45-59,English,Owner-occupier,2022-01-10,Closed,2025-08,1201.51,1,3,10
C-30500,Calder Central,1,60-74,English,Owner-occupier,2025-05-21,Active,,612.96,0,2,23
C-30501,Weybridge,3,18-29,English,Private tenancy,2024-05-21,Active,,1165.5,2,1,10
C-30502,Northgate,2,30-44,English,Social tenancy,2025-02-27,Active,,527.17,0,2,14
C-30503,Calder Central,3,75+,Other,Owner-occupier,2022-06-07,Active,,1228.63,1,5,6
C-30504,Calder Central,5,30-44,English,Private tenancy,2022-07-25,Active,,1037.36,0,2,22
C-30505,Ash Hill,4,18-29,Other,Owner-occupier,2023-02-27,Suspended,,835.05,3,4,14
C-30506,Northgate,3,60-74,English,Social tenancy,2023-04-16,Active,,802.11,1,1,13
C-30507,Northgate,3,30-44,English,No fixed abode,2024-09-23,Closed,2025-08,928.56,3,4,21
C-30508,Calder Central,2,75+,English,Private tenancy,2021-12-15,Active,,749.8,0,3,21
C-30509,Northgate,1,30-44,English,Private tenancy,2021-01-13,Active,,571.87,0,1,10
C-30510,Northgate,1,45-59,English,Social tenancy,2022-09-30,Active,,697.28,1,0,9
C-30511,Calder Central,1,45-59,English,Owner-occupier,2022-03-10,Suspended,,658.38,2,2,14
C-30512,Northgate,4,60-74,English,Owner-occupier,2024-07-26,Active,,825.94,1,0,23
C-30513,Northgate,4,30-44,English,Owner-occupier,2022-01-09,Active,,1389.55,0,4,2
C-30514,Weybridge,1,30-44,Spanish,No fixed abode,2023-07-05,Active,,583.74,2,5,18
C-30515,Weybridge,1,30-44,Other,Private tenancy,2021-05-14,Active,,752.79,1,7,4
C-30516,Calder Central,3,18-29,English,Owner-occupier,2023-04-10,Active,,845.08,0,2,3
C-30517,Calder Central,1,30-44,Spanish,Owner-occupier,2024-01-10,Active,,685.03,2,4,12
C-30518,Ash Hill,1,30-44,English,Resident with family,2025-02-28,Active,,520.72,2,3,9
C-30519,Calder Central,2,60-74,Other,Resident with family,2023-07-11,Active,,749.55,0,6,14
C-30520,Weybridge,4,45-59,English,Owner-occupier,2024-07-25,Active,,1264.22,3,0,8
C-30521,Northgate,2,75+,English,Private tenancy,2023-09-27,Active,,644.48,0,2,11
C-30522,Northgate,4,45-59,English,Owner-occupier,2025-03-01,Suspended,,811.82,1,0,7
C-30523,Weybridge,2,60-74,Spanish,Social tenancy,2021-10-24,Active,,828.39,6,6,23
C-30524,Calder Central,6,30-44,English,No fixed abode,2021-04-10,Active,,1143.1,0,4,1
C-30525,Weybridge,4,45-59,Spanish,Social tenancy,2025-03-22,Active,,1307.65,2,3,2
C-30526,Ash Hill,2,18-29,English,Resident with family,2025-06-08,Active,,1001.98,0,4,7
C-30527,Calder Central,3,60-74,English,Social tenancy,2023-03-18,Active,,617.75,1,1,22
C-30528,Calder Central,1,45-59,English,Private tenancy,2021-07-17,Active,,433.2,3,1,22
C-30529,Weybridge,4,45-59,English,Private tenancy,2025-03-25,Active,,714.91,2,0,12
C-30530,Weybridge,2,45-59,English,Owner-occupier,2024-04-08,Active,,755.66,2,3,18
C-30531,Northgate,6,30-44,English,Private tenancy,2025-05-22,Active,,929.89,0,1,1
C-30532,Northgate,2,45-59,English,No fixed abode,2022-11-22,Active,,778.87,1,2,21
C-30533,Northgate,1,45-59,Other,Private tenancy,2021-09-20,Active,,440.05,1,7,4
C-30534,Northgate,2,60-74,Spanish,Social tenancy,2023-04-16,Active,,939.55,2,4,0
C-30535,Northgate,6,30-44,English,Social tenancy,2024-05-16,Active,,1526.37,0,0,18
C-30536,Calder Central,3,30-44,English,Resident with family,2023-05-03,Active,,1037.64,1,3,19
C-30537,Weybridge,1,18-29,English,Private tenancy,2022-07-06,Active,,716.06,1,3,13
C-30538,Weybridge,3,45-59,English,Resident with family,2025-03-11,Active,,604.13,0,0,1
C-30539,Weybridge,1,30-44,Spanish,Owner-occupier,2025-03-17,Suspended,,385.13,2,5,4
C-30540,Ash Hill,1,30-44,English,Social tenancy,2022-02-23,Active,,714.5,1,0,16
C-30541,Ash Hill,4,18-29,English,Resident with family,2023-10-07,Active,,958.96,1,0,21
C-30542,Northgate,2,60-74,Other,Owner-occupier,2022-04-03,Active,,516.38,3,5,22
C-30543,Weybridge,4,45-59,English,No fixed abode,2023-06-03,Active,,1358.76,1,2,4
C-30544,Weybridge,1,45-59,English,No fixed abode,2025-03-07,Active,,754.18,3,1,8
C-30545,Northgate,5,30-44,English,Resident with family,2025-04-21,Active,,1055.23,0,0,23
C-30546,Ash Hill,3,45-59,English,No fixed abode,2025-07-21,Suspended,,703.26,0,3,1
C-30547,Weybridge,4,45-59,English,Social tenancy,2025-04-09,Active,,1061.14,1,3,14
C-30548,Northgate,1,45-59,English,Private tenancy,2022-06-17,Active,,527.43,1,2,12
C-30549,Northgate,2,45-59,English,Private tenancy,2022-02-20,Active,,573.14,0,2,2
C-30550,Weybridge,1,60-74,English,Social tenancy,2021-08-11,Active,,685.79,1,1,2
C-30551,Weybridge,3,60-74,English,Private tenancy,2024-11-09,Active,,1087.72,0,1,1
C-30552,Ash Hill,3,30-44,English,Owner-occupier,2022-08-05,Active,,1215.51,0,3,6
C-30553,Calder Central,3,45-59,English,No fixed abode,2021-06-08,Active,,887.41,1,1,22
C-30554,Weybridge,4,60-74,Spanish,Owner-occupier,2024-04-02,Active,,898.33,0,6,12
C-30555,Calder Central,1,30-44,English,Social tenancy,2024-07-05,Active,,652.07,1,1,7
C-30556,Weybridge,2,30-44,English,Owner-occupier,2022-08-15,Active,,922.03,0,1,14
C-30557,Weybridge,3,75+,English,Resident with family,2021-09-30,Active,,605.29,2,2,17
C-30558,Ash Hill,2,30-44,English,Resident with family,2022-10-11,Active,,1028.71,0,2,19
C-30559,Ash Hill,2,30-44,English,Owner-occupier,2025-04-25,Active,,811.86,1,0,12
C-30560,Weybridge,4,60-74,English,No fixed abode,2024-06-17,Active,,1160.92,0,3,17
C-30561,Weybridge,3,18-29,English,Resident with family,2021-05-13,Active,,1019.85,1,3,15
C-30562,Calder Central,4,30-44,English,Social tenancy,2024-03-03,Active,,1436.0,0,1,5
C-30563,Calder Central,3,30-44,Spanish,Private tenancy,2023-01-30,Active,,661.48,3,1,1
C-30564,Weybridge,3,75+,English,Private tenancy,2022-05-15,Active,,642.05,0,3,9
C-30565,Weybridge,4,75+,English,Resident with family,2022-06-27,Active,,1300.92,0,1,17
C-30566,Weybridge,2,45-59,English,No fixed abode,2023-06-10,Active,,1012.69,1,2,21
C-30567,Ash Hill,1,60-74,English,Social tenancy,2021-04-16,Active,,379.58,1,4,14
C-30568,Northgate,1,45-59,English,Owner-occupier,2022-10-30,Active,,678.55,1,2,7
C-30569,Calder Central,2,30-44,English,Social tenancy,2023-03-29,Active,,633.79,1,3,2
C-30570,Calder Central,1,18-29,English,No fixed abode,2025-08-08,Active,,441.22,2,3,11
C-30571,Weybridge,3,75+,English,Owner-occupier,2022-04-01,Active,,1226.03,0,2,20
C-30572,Calder Central,1,18-29,Spanish,Resident with family,2024-01-17,Active,,583.23,2,4,23
C-30573,Calder Central,2,75+,Other,Private tenancy,2024-05-16,Active,,793.17,2,7,6
C-30574,Northgate,3,30-44,Spanish,Owner-occupier,2021-08-10,Active,,602.92,1,5,6
C-30575,Weybridge,1,60-74,English,No fixed abode,2021-06-25,Active,,738.94,0,0,4
C-30576,Northgate,3,45-59,English,Private tenancy,2021-05-30,Active,,1158.91,0,2,20
C-30577,Calder Central,2,30-44,Other,Resident with family,2021-11-12,Active,,714.23,2,4,17
C-30578,Calder Central,5,45-59,Other,Private tenancy,2023-05-06,Active,,961.49,1,4,13
C-30579,Calder Central,4,30-44,English,Social tenancy,2022-03-30,Active,,1217.48,1,1,2
C-30580,Calder Central,2,30-44,English,Resident with family,2021-03-12,Active,,580.83,0,3,19
C-30581,Ash Hill,3,18-29,English,No fixed abode,2024-06-06,Active,,1000.49,2,2,17
C-30582,Northgate,3,75+,English,Social tenancy,2023-11-13,Active,,893.59,0,2,5
C-30583,Ash Hill,2,75+,English,Private tenancy,2021-11-25,Active,,506.8,0,3,13
C-30584,Ash Hill,4,75+,English,Resident with family,2021-04-26,Active,,1131.05,3,2,1
C-30585,Weybridge,3,45-59,Other,Resident with family,2022-07-24,Active,,721.52,0,2,19
C-30586,Calder Central,1,18-29,English,No fixed abode,2024-06-06,Active,,421.3,0,1,9
C-30587,Weybridge,3,18-29,English,Resident with family,2024-12-08,Active,,985.28,1,0,8
C-30588,Calder Central,1,60-74,English,No fixed abode,2022-04-28,Suspended,,427.01,1,0,20
C-30589,Calder Central,1,60-74,English,No fixed abode,2022-06-02,Active,,587.87,1,3,12
C-30590,Calder Central,3,18-29,English,No fixed abode,2021-05-05,Active,,1226.52,0,2,11
C-30591,Northgate,4,60-74,English,Owner-occupier,2024-11-11,Active,,1396.91,0,5,8
C-30592,Weybridge,1,45-59,English,Resident with family,2022-12-18,Active,,475.58,2,1,22
C-30593,Calder Central,4,30-44,English,Social tenancy,2023-09-27,Suspended,,1249.69,2,1,17
C-30594,Northgate,3,60-74,English,Social tenancy,2023-02-07,Active,,1141.14,0,0,1
C-30595,Weybridge,1,60-74,English,Social tenancy,2021-07-11,Active,,728.24,0,0,20
C-30596,Northgate,1,60-74,Spanish,No fixed abode,2021-12-21,Closed,2025-08,670.6,2,5,17
C-30597,Calder Central,1,60-74,English,Social tenancy,2021-11-07,Active,,517.52,3,5,14
C-30598,Northgate,2,45-59,English,Social tenancy,2023-08-06,Active,,975.28,1,3,0
C-30599,Northgate,1,30-44,English,Private tenancy,2022-02-27,Active,,713.79,1,3,1
C-30600,Northgate,1,18-29,English,Owner-occupier,2022-02-06,Closed,2025-08,376.35,0,3,6
C-30601,Calder Central,1,45-59,English,Owner-occupier,2022-02-27,Active,,753.33,1,2,18
C-30602,Northgate,1,60-74,Spanish,Social tenancy,2022-09-02,Closed,2025-08,590.94,2,4,3
C-30603,Northgate,2,45-59,Spanish,Social tenancy,2023-08-31,Active,,832.83,1,3,15
C-30604,Weybridge,2,45-59,Spanish,Owner-occupier,2025-05-12,Active,,929.05,1,4,22
C-30605,Weybridge,1,45-59,English,Resident with family,2023-09-10,Active,,754.44,2,1,21
C-30606,Weybridge,1,30-44,English,No fixed abode,2021-09-15,Active,,579.06,0,1,7
C-30607,Calder Central,1,30-44,English,Social tenancy,2025-03-08,Active,,564.88,0,3,0
C-30608,Ash Hill,3,45-59,English,No fixed abode,2022-04-27,Suspended,,761.2,1,1,14
C-30609,Weybridge,2,60-74,English,Social tenancy,2024-02-15,Active,,845.92,1,0,6
C-30610,Northgate,1,60-74,English,Private tenancy,2024-08-30,Active,,672.3,0,3,11
C-30611,Calder Central,2,60-74,English,Private tenancy,2025-04-30,Active,,945.77,1,0,13
C-30612,Weybridge,3,45-59,English,No fixed abode,2023-04-04,Active,,892.63,0,2,16
C-30613,Northgate,3,30-44,English,Social tenancy,2022-10-24,Active,,1211.33,0,5,19
C-30614,Calder Central,2,45-59,English,No fixed abode,2024-01-20,Active,,919.21,1,1,16
C-30615,Weybridge,5,30-44,Other,Private tenancy,2025-07-29,Active,,1367.25,3,3,22
C-30616,Northgate,1,18-29,Spanish,Private tenancy,2024-07-26,Suspended,,755.84,4,5,13
C-30617,Calder Central,5,45-59,Spanish,Social tenancy,2023-06-06,Active,,798.48,2,3,8
C-30618,Calder Central,4,45-59,English,Owner-occupier,2025-07-13,Active,,775.57,1,0,23
C-30619,Calder Central,2,30-44,English,Social tenancy,2021-10-11,Active,,584.98,0,5,10
C-30620,Calder Central,3,45-59,English,Private tenancy,2022-05-19,Closed,2025-10,918.85,1,0,17
C-30621,Northgate,2,60-74,English,Resident with family,2021-09-23,Active,,800.35,0,2,1
C-30622,Calder Central,2,75+,Spanish,Owner-occupier,2024-10-29,Active,,987.03,2,4,18
C-30623,Northgate,3,75+,Spanish,Resident with family,2025-07-27,Active,,725.25,1,3,19
C-30624,Weybridge,3,60-74,English,Social tenancy,2021-03-21,Active,,861.64,0,0,5
C-30625,Calder Central,2,30-44,English,Private tenancy,2025-02-25,Closed,2025-09,725.81,1,3,2
C-30626,Calder Central,3,45-59,English,Owner-occupier,2022-03-18,Active,,778.22,1,0,17
C-30627,Weybridge,1,30-44,English,Social tenancy,2021-06-28,Active,,430.48,0,1,10
C-30628,Calder Central,1,18-29,English,No fixed abode,2022-04-24,Active,,607.79,0,0,6
C-30629,Northgate,2,60-74,English,No fixed abode,2024-02-27,Suspended,,954.99,2,1,8
C-30630,Calder Central,6,18-29,English,Social tenancy,2021-04-11,Active,,1778.29,1,2,21
C-30631,Ash Hill,3,30-44,English,Private tenancy,2022-05-05,Active,,999.98,0,2,21
C-30632,Ash Hill,5,60-74,English,Private tenancy,2023-11-10,Active,,1386.42,0,0,18
C-30633,Calder Central,2,30-44,English,Resident with family,2024-12-01,Active,,1003.84,1,3,11
C-30634,Calder Central,2,30-44,Spanish,Resident with family,2024-10-11,Active,,635.36,2,4,20
C-30635,Weybridge,2,45-59,English,Resident with family,2022-04-15,Active,,775.36,3,1,17
C-30636,Northgate,2,30-44,English,Social tenancy,2023-02-01,Suspended,,709.71,0,0,16
C-30637,Weybridge,3,30-44,English,Resident with family,2022-06-12,Active,,959.6,0,1,8
C-30638,Calder Central,1,45-59,Spanish,Private tenancy,2024-09-18,Closed,2025-09,691.66,1,6,12
C-30639,Calder Central,2,30-44,English,Resident with family,2021-05-16,Closed,2025-10,656.97,3,2,20
C-30640,Northgate,6,30-44,English,Private tenancy,2022-05-31,Active,,1816.82,1,0,8
C-30641,Calder Central,4,30-44,English,No fixed abode,2021-12-27,Active,,1228.77,0,2,9
C-30642,Northgate,5,75+,English,Resident with family,2022-12-10,Active,,1166.85,1,1,6
C-30643,Ash Hill,1,60-74,English,Resident with family,2022-08-11,Active,,756.94,2,1,13
C-30644,Ash Hill,4,45-59,English,Social tenancy,2025-01-17,Suspended,,902.73,3,6,13
C-30645,Ash Hill,4,45-59,English,Resident with family,2023-05-31,Active,,898.63,0,4,2
C-30646,Weybridge,4,18-29,Spanish,No fixed abode,2021-03-03,Suspended,,891.14,1,4,15
C-30647,Weybridge,1,30-44,English,No fixed abode,2023-09-20,Active,,606.89,0,1,14
C-30648,Ash Hill,2,75+,Spanish,Private tenancy,2024-05-16,Active,,558.86,3,3,12
C-30649,Weybridge,1,60-74,English,Social tenancy,2023-02-20,Active,,670.74,3,2,11
C-30650,Weybridge,3,45-59,English,Resident with family,2024-01-05,Active,,1219.86,3,2,8
C-30651,Ash Hill,2,30-44,English,No fixed abode,2023-10-24,Suspended,,768.1,1,2,14
C-30652,Northgate,4,45-59,Other,Owner-occupier,2023-11-14,Active,,1226.13,1,4,13
C-30653,Calder Central,5,18-29,English,Private tenancy,2023-12-21,Active,,1475.79,1,0,17
C-30654,Ash Hill,2,45-59,English,No fixed abode,2024-02-17,Active,,519.33,0,3,22
C-30655,Ash Hill,4,45-59,English,Owner-occupier,2023-02-24,Active,,702.54,0,2,16
C-30656,Northgate,2,45-59,Other,Private tenancy,2023-05-27,Active,,758.77,2,6,17
C-30657,Northgate,2,30-44,English,No fixed abode,2025-07-01,Active,,631.85,0,1,12
C-30658,Calder Central,2,75+,English,No fixed abode,2021-11-04,Closed,2025-11,937.21,1,2,8
C-30659,Ash Hill,6,18-29,Spanish,Owner-occupier,2024-07-23,Active,,1850.8,0,3,20
C-30660,Calder Central,1,75+,Other,Social tenancy,2025-03-28,Active,,555.9,1,3,13
C-30661,Northgate,1,60-74,English,No fixed abode,2025-06-21,Active,,580.93,0,3,19
C-30662,Calder Central,3,45-59,English,Resident with family,2024-12-01,Active,,889.04,0,0,15
C-30663,Weybridge,1,45-59,English,Resident with family,2024-06-19,Active,,590.68,2,4,9
C-30664,Northgate,5,30-44,English,Social tenancy,2024-03-03,Active,,1247.38,1,1,2
C-30665,Northgate,2,30-44,English,Social tenancy,2021-02-11,Active,,829.99,0,2,23
C-30666,Ash Hill,1,30-44,English,Private tenancy,2022-11-10,Active,,642.98,0,3,0
C-30667,Calder Central,1,60-74,English,Resident with family,2023-08-14,Active,,667.71,0,2,22
C-30668,Calder Central,1,45-59,Spanish,Resident with family,2024-08-21,Active,,674.04,1,4,15
C-30669,Northgate,1,60-74,English,Social tenancy,2025-05-26,Suspended,,535.58,0,4,11
C-30670,Weybridge,3,60-74,English,No fixed abode,2025-07-03,Active,,942.97,1,1,6
C-30671,Calder Central,4,30-44,English,Owner-occupier,2022-04-10,Active,,967.87,0,2,22
C-30672,Northgate,2,18-29,English,Social tenancy,2025-03-20,Active,,931.83,0,1,3
C-30673,Northgate,1,75+,English,Resident with family,2023-07-28,Active,,714.25,0,2,22
C-30674,Calder Central,2,30-44,English,Owner-occupier,2022-07-09,Active,,795.82,1,1,8
C-30675,Weybridge,1,18-29,English,Resident with family,2023-04-06,Active,,488.86,1,3,22
C-30676,Calder Central,2,30-44,English,Social tenancy,2021-01-13,Active,,637.98,2,0,16
C-30677,Ash Hill,2,30-44,English,Social tenancy,2025-07-04,Active,,787.26,1,1,20
C-30678,Northgate,4,60-74,English,No fixed abode,2021-07-06,Active,,1191.69,1,4,18
C-30679,Northgate,4,18-29,Other,Owner-occupier,2022-10-13,Active,,734.34,1,6,0
C-30680,Ash Hill,1,60-74,English,Resident with family,2022-11-06,Active,,643.55,1,0,1
C-30681,Weybridge,2,45-59,English,Social tenancy,2022-07-30,Active,,538.04,2,4,1
C-30682,Northgate,2,45-59,English,Social tenancy,2021-07-23,Active,,854.44,0,3,10
C-30683,Weybridge,4,45-59,English,Private tenancy,2021-09-21,Active,,1278.05,0,2,7
C-30684,Calder Central,2,45-59,English,Owner-occupier,2024-12-21,Active,,626.7,0,2,0
C-30685,Northgate,1,45-59,English,Owner-occupier,2024-01-23,Active,,594.05,1,0,23
C-30686,Northgate,4,60-74,Other,Social tenancy,2022-03-04,Active,,1371.82,3,3,17
C-30687,Weybridge,2,18-29,English,Resident with family,2021-09-06,Closed,2025-08,640.89,0,2,11
C-30688,Ash Hill,5,60-74,English,No fixed abode,2021-11-14,Active,,1017.31,0,0,21
C-30689,Ash Hill,1,45-59,English,Resident with family,2021-11-05,Active,,689.26,1,2,16
C-30690,Ash Hill,2,18-29,English,Owner-occupier,2024-12-23,Active,,619.08,0,2,9
C-30691,Northgate,2,18-29,Spanish,Owner-occupier,2021-11-26,Active,,577.94,3,5,7
C-30692,Northgate,2,60-74,English,Resident with family,2023-06-18,Active,,987.12,0,1,14
C-30693,Calder Central,4,30-44,English,Owner-occupier,2021-07-15,Active,,1287.97,0,1,23
C-30694,Northgate,3,60-74,English,No fixed abode,2024-12-03,Active,,698.36,1,1,13
C-30695,Northgate,2,30-44,English,Resident with family,2023-12-12,Suspended,,893.78,0,0,18
C-30696,Calder Central,3,60-74,Spanish,Social tenancy,2022-03-11,Active,,831.17,2,3,4
C-30697,Weybridge,2,18-29,English,No fixed abode,2023-02-28,Active,,822.25,1,2,6
C-30698,Calder Central,3,75+,English,No fixed abode,2025-02-15,Active,,1133.73,0,3,8
C-30699,Weybridge,1,18-29,Spanish,Social tenancy,2024-01-03,Suspended,,597.01,1,4,3
C-30700,Ash Hill,4,18-29,English,No fixed abode,2024-12-25,Active,,708.74,0,3,4
C-30701,Northgate,1,18-29,English,Social tenancy,2023-03-24,Active,,730.26,1,0,7
C-30702,Northgate,3,18-29,English,No fixed abode,2024-08-01,Active,,829.04,0,0,9
C-30703,Northgate,2,18-29,English,Private tenancy,2022-05-02,Active,,818.99,0,2,11
C-30704,Ash Hill,3,45-59,Spanish,Owner-occupier,2021-01-31,Active,,730.9,0,4,8
C-30705,Weybridge,1,18-29,Spanish,Owner-occupier,2021-10-13,Active,,661.66,1,2,16
C-30706,Calder Central,3,18-29,English,Resident with family,2022-09-02,Active,,808.22,0,0,7
C-30707,Ash Hill,4,75+,English,Owner-occupier,2025-04-09,Active,,949.27,2,3,1
C-30708,Northgate,1,18-29,English,Resident with family,2025-02-05,Active,,679.49,1,0,3
C-30709,Northgate,6,30-44,English,Private tenancy,2023-06-27,Active,,1722.29,0,3,9
C-30710,Calder Central,2,75+,Spanish,No fixed abode,2021-11-19,Active,,544.64,1,4,0
C-30711,Weybridge,1,30-44,English,Resident with family,2021-10-16,Closed,2025-07,721.96,2,2,11
C-30712,Weybridge,1,75+,English,No fixed abode,2024-07-28,Active,,582.96,3,3,17
C-30713,Calder Central,1,60-74,English,Private tenancy,2022-11-08,Active,,545.39,1,1,15
C-30714,Calder Central,5,75+,Other,Owner-occupier,2024-01-12,Active,,1347.15,1,3,6
C-30715,Northgate,4,60-74,English,No fixed abode,2022-02-25,Closed,2025-10,1238.22,0,2,15
C-30716,Calder Central,2,18-29,Other,Social tenancy,2023-04-21,Active,,581.39,1,4,10
C-30717,Northgate,4,60-74,English,Private tenancy,2023-05-27,Active,,1006.39,1,0,1
C-30718,Northgate,1,45-59,English,No fixed abode,2024-05-09,Active,,703.66,1,0,23
C-30719,Weybridge,1,45-59,English,Owner-occupier,2021-04-26,Active,,729.6,0,0,5
C-30720,Ash Hill,2,30-44,English,No fixed abode,2024-11-22,Active,,698.32,2,4,10
C-30721,Northgate,1,30-44,English,Owner-occupier,2023-12-01,Active,,560.68,0,1,9
C-30722,Northgate,3,45-59,Other,Owner-occupier,2025-04-29,Active,,813.94,3,2,22
C-30723,Calder Central,1,75+,Spanish,Social tenancy,2021-10-19,Active,,630.87,2,6,17
C-30724,Calder Central,5,75+,English,Owner-occupier,2024-09-11,Active,,974.99,0,1,21
C-30725,Weybridge,2,45-59,English,Owner-occupier,2025-07-13,Active,,649.04,0,2,19
C-30726,Calder Central,2,18-29,English,Resident with family,2021-11-19,Active,,647.56,1,0,15
C-30727,Ash Hill,2,18-29,English,Private tenancy,2022-10-14,Active,,664.77,0,0,17
C-30728,Northgate,1,30-44,English,No fixed abode,2024-09-28,Active,,630.92,0,1,0
C-30729,Northgate,1,60-74,English,Resident with family,2024-07-04,Active,,502.97,3,4,0
C-30730,Ash Hill,3,60-74,English,Social tenancy,2021-08-09,Active,,634.34,1,2,13
C-30731,Calder Central,2,60-74,English,No fixed abode,2025-01-04,Active,,653.75,0,1,13
C-30732,Calder Central,4,45-59,English,Owner-occupier,2023-03-04,Active,,752.06,2,3,21
C-30733,Weybridge,6,45-59,Spanish,Social tenancy,2021-04-29,Active,,1121.45,3,6,7
C-30734,Calder Central,6,60-74,English,Private tenancy,2021-11-05,Active,,1185.51,1,1,20
C-30735,Calder Central,2,18-29,English,No fixed abode,2025-07-21,Active,,546.92,1,1,23
C-30736,Calder Central,3,45-59,English,Social tenancy,2025-03-19,Active,,771.53,1,1,21
C-30737,Northgate,3,30-44,Other,Social tenancy,2021-09-23,Active,,1153.62,0,4,5
C-30738,Northgate,4,60-74,Other,Resident with family,2024-06-28,Suspended,,917.16,2,5,20
C-30739,Ash Hill,2,18-29,Other,Resident with family,2025-05-20,Active,,763.1,2,4,23
C-30740,Ash Hill,2,30-44,English,Resident with family,2022-09-05,Active,,625.21,0,1,17
C-30741,Northgate,3,30-44,English,Private tenancy,2023-11-06,Active,,876.29,1,3,2
C-30742,Northgate,5,60-74,Spanish,Social tenancy,2023-09-08,Active,,1265.6,4,6,15
C-30743,Calder Central,2,30-44,English,Social tenancy,2023-06-03,Active,,841.75,1,2,18
C-30744,Calder Central,1,75+,Other,Owner-occupier,2021-10-12,Active,,535.17,1,3,13
C-30745,Calder Central,2,30-44,English,Owner-occupier,2024-03-06,Closed,2025-08,527.52,0,3,7
C-30746,Ash Hill,1,60-74,English,Resident with family,2024-08-19,Active,,762.63,0,1,12
C-30747,Northgate,1,45-59,English,Private tenancy,2021-06-15,Active,,678.72,0,2,1
C-30748,Calder Central,1,60-74,English,Social tenancy,2022-01-11,Active,,645.29,0,3,22
C-30749,Northgate,1,60-74,English,No fixed abode,2024-02-26,Closed,2025-10,648.34,2,2,17
C-30750,Calder Central,1,60-74,English,Private tenancy,2024-07-31,Active,,630.06,0,0,19
C-30751,Calder Central,1,45-59,English,Owner-occupier,2023-04-14,Active,,749.84,0,3,9
C-30752,Calder Central,1,75+,English,Owner-occupier,2025-08-01,Active,,668.34,0,5,13
C-30753,Calder Central,2,30-44,Other,No fixed abode,2024-11-25,Active,,832.95,2,4,2
C-30754,Weybridge,1,18-29,English,Private tenancy,2022-08-31,Active,,666.39,1,1,11
C-30755,Calder Central,3,60-74,Spanish,Resident with family,2021-01-09,Active,,944.88,1,8,3
C-30756,Calder Central,3,18-29,Other,Social tenancy,2021-12-01,Active,,958.49,0,5,12
C-30757,Northgate,2,60-74,Spanish,Resident with family,2021-05-24,Active,,682.88,2,4,7
C-30758,Northgate,3,30-44,English,Owner-occupier,2021-10-08,Active,,671.03,1,3,9
C-30759,Calder Central,4,60-74,Spanish,Private tenancy,2023-06-02,Active,,1328.75,1,5,5
C-30760,Calder Central,3,30-44,English,Private tenancy,2021-01-17,Active,,1237.76,0,3,6
C-30761,Weybridge,3,30-44,English,Resident with family,2024-02-28,Active,,631.97,0,1,1
C-30762,Calder Central,3,30-44,English,Resident with family,2022-10-22,Active,,717.91,1,4,16
C-30763,Northgate,3,30-44,Spanish,Private tenancy,2025-08-22,Active,,698.75,2,5,23
C-30764,Northgate,1,75+,English,Owner-occupier,2024-07-24,Active,,686.51,1,2,18
C-30765,Northgate,1,18-29,English,Private tenancy,2023-04-18,Active,,708.65,1,1,3
C-30766,Ash Hill,1,18-29,English,Resident with family,2025-04-03,Active,,596.57,0,0,18
C-30767,Ash Hill,1,30-44,English,Owner-occupier,2023-06-03,Suspended,,389.81,0,3,19
C-30768,Calder Central,1,45-59,English,Resident with family,2021-11-06,Active,,420.7,1,1,5
C-30769,Northgate,1,18-29,English,Owner-occupier,2023-08-30,Active,,432.36,0,1,11
C-30770,Calder Central,3,45-59,English,Private tenancy,2024-05-14,Active,,775.46,0,1,8
C-30771,Northgate,3,75+,English,No fixed abode,2022-02-05,Active,,951.58,0,1,2
C-30772,Calder Central,1,30-44,English,Social tenancy,2021-03-11,Active,,623.43,1,0,0
C-30773,Calder Central,1,30-44,English,Private tenancy,2022-01-04,Active,,618.46,0,2,10
C-30774,Ash Hill,1,45-59,English,Resident with family,2023-05-22,Active,,497.57,0,3,14
C-30775,Calder Central,3,60-74,English,Owner-occupier,2023-10-11,Active,,995.44,0,1,7
C-30776,Northgate,3,60-74,English,Social tenancy,2023-08-06,Active,,777.94,1,0,10
C-30777,Calder Central,2,18-29,English,No fixed abode,2021-07-27,Active,,998.22,1,3,5
C-30778,Northgate,1,75+,English,Social tenancy,2023-06-05,Active,,635.54,0,1,14
C-30779,Northgate,3,45-59,English,Social tenancy,2021-02-10,Active,,630.03,3,4,5
C-30780,Ash Hill,4,30-44,Spanish,Social tenancy,2023-10-24,Active,,1030.04,3,3,16
C-30781,Weybridge,3,60-74,English,Private tenancy,2022-06-01,Active,,1206.41,0,2,20
C-30782,Calder Central,1,60-74,Spanish,Social tenancy,2021-06-04,Active,,446.6,2,7,3
C-30783,Northgate,3,60-74,English,Social tenancy,2022-01-05,Active,,801.9,1,6,19
C-30784,Northgate,1,45-59,English,Resident with family,2025-06-20,Suspended,,608.13,0,3,9
C-30785,Weybridge,1,75+,English,Owner-occupier,2024-01-17,Active,,501.33,0,3,1
C-30786,Calder Central,2,30-44,English,Owner-occupier,2022-02-15,Active,,868.02,2,2,16
C-30787,Ash Hill,3,45-59,English,No fixed abode,2023-11-21,Closed,2025-11,602.49,2,5,9
C-30788,Weybridge,5,30-44,English,Resident with family,2023-10-24,Active,,987.66,0,5,9
C-30789,Calder Central,4,30-44,English,No fixed abode,2021-03-30,Closed,2025-11,731.43,2,0,0
C-30790,Ash Hill,4,45-59,English,Social tenancy,2023-08-12,Active,,1250.68,0,2,18
C-30791,Calder Central,4,18-29,English,Private tenancy,2023-03-25,Active,,1341.43,0,1,16
C-30792,Calder Central,4,60-74,English,Private tenancy,2022-06-09,Active,,1360.66,1,2,20
C-30793,Ash Hill,5,30-44,English,Private tenancy,2021-05-21,Active,,1170.78,2,0,19
C-30794,Ash Hill,1,60-74,English,Social tenancy,2025-04-19,Active,,730.77,1,3,11
C-30795,Northgate,2,18-29,English,Private tenancy,2023-03-27,Active,,716.57,2,0,4
C-30796,Calder Central,2,60-74,English,Owner-occupier,2024-04-14,Active,,527.71,1,1,20
C-30797,Weybridge,3,60-74,Other,No fixed abode,2024-11-12,Closed,2025-10,749.98,1,3,3
C-30798,Calder Central,1,30-44,English,Social tenancy,2021-05-14,Active,,684.63,2,1,13
C-30799,Ash Hill,2,30-44,English,No fixed abode,2025-02-03,Suspended,,515.88,0,3,16
C-30800,Calder Central,4,18-29,English,Owner-occupier,2022-12-29,Closed,2025-10,1369.92,3,3,21
C-30801,Northgate,2,60-74,English,Owner-occupier,2025-07-29,Active,,816.2,1,3,3
C-30802,Calder Central,6,30-44,English,Social tenancy,2025-06-20,Active,,1400.92,1,2,15
C-30803,Northgate,1,18-29,English,Private tenancy,2024-09-14,Active,,398.15,2,2,19
C-30804,Ash Hill,5,45-59,English,Owner-occupier,2021-06-22,Active,,1377.41,1,2,11
C-30805,Calder Central,5,18-29,English,No fixed abode,2024-01-22,Active,,1524.46,2,2,13
C-30806,Calder Central,1,45-59,English,No fixed abode,2021-07-06,Closed,2025-07,651.37,0,0,3
C-30807,Weybridge,4,30-44,Other,Resident with family,2024-02-16,Suspended,,923.41,1,5,3
C-30808,Calder Central,1,18-29,English,Social tenancy,2024-06-24,Active,,679.28,2,2,9
C-30809,Northgate,3,30-44,Other,No fixed abode,2023-10-01,Active,,1164.18,1,6,8
C-30810,Calder Central,1,18-29,English,No fixed abode,2025-06-03,Active,,682.94,1,2,23
C-30811,Calder Central,3,18-29,English,No fixed abode,2025-08-27,Active,,1124.39,3,0,20
C-30812,Calder Central,2,30-44,Other,Resident with family,2024-01-25,Active,,878.96,1,3,12
C-30813,Weybridge,2,45-59,English,Social tenancy,2022-08-17,Active,,516.32,0,2,4
C-30814,Calder Central,3,18-29,English,Private tenancy,2021-07-05,Active,,1225.5,0,3,21
C-30815,Calder Central,1,75+,English,No fixed abode,2022-06-24,Active,,392.47,0,3,11
C-30816,Weybridge,4,30-44,English,Social tenancy,2022-09-21,Active,,975.47,1,3,21
C-30817,Calder Central,3,18-29,English,No fixed abode,2023-07-20,Active,,888.14,1,2,4
C-30818,Northgate,2,30-44,English,No fixed abode,2021-07-15,Active,,897.14,0,2,4
C-30819,Calder Central,3,75+,English,No fixed abode,2021-05-13,Active,,951.49,2,0,3
C-30820,Calder Central,2,30-44,English,Private tenancy,2024-07-10,Suspended,,893.52,1,0,14
C-30821,Calder Central,4,75+,English,No fixed abode,2021-04-10,Active,,919.57,0,0,2
C-30822,Calder Central,3,75+,English,Social tenancy,2024-01-03,Active,,1082.52,0,3,3
C-30823,Calder Central,1,30-44,English,Social tenancy,2025-07-21,Active,,722.42,0,3,6
C-30824,Northgate,2,30-44,English,Owner-occupier,2021-09-08,Closed,2025-09,583.19,4,4,1
C-30825,Calder Central,5,60-74,English,Private tenancy,2023-02-12,Active,,1148.66,1,2,1
C-30826,Northgate,2,60-74,English,Owner-occupier,2022-05-14,Active,,802.03,0,1,9
C-30827,Weybridge,3,18-29,Other,Resident with family,2023-11-14,Active,,1178.47,2,2,18
C-30828,Ash Hill,3,18-29,English,No fixed abode,2021-06-17,Active,,900.56,2,1,8
C-30829,Northgate,2,30-44,Other,No fixed abode,2021-01-20,Active,,709.64,0,0,22
C-30830,Weybridge,1,75+,English,Social tenancy,2024-08-17,Active,,757.41,0,1,0
C-30831,Calder Central,2,75+,English,Private tenancy,2024-01-28,Active,,992.71,0,2,10
C-30832,Weybridge,4,18-29,English,No fixed abode,2021-06-27,Active,,861.65,0,3,19
C-30833,Ash Hill,4,18-29,English,Private tenancy,2025-06-30,Active,,1000.87,2,3,9
C-30834,Calder Central,2,60-74,English,No fixed abode,2021-07-11,Active,,592.28,0,3,11
C-30835,Weybridge,3,75+,English,Private tenancy,2024-11-18,Active,,663.25,1,6,3
C-30836,Northgate,3,18-29,Spanish,Owner-occupier,2024-05-13,Active,,1055.1,3,1,10
C-30837,Weybridge,2,75+,English,No fixed abode,2025-08-05,Active,,880.45,0,2,7
C-30838,Northgate,1,75+,English,Owner-occupier,2021-06-30,Active,,637.53,1,0,2
C-30839,Ash Hill,3,18-29,English,Social tenancy,2023-02-19,Active,,1138.04,0,3,0
C-30840,Calder Central,1,75+,English,Owner-occupier,2024-04-12,Active,,442.27,1,2,19
C-30841,Northgate,1,30-44,English,Resident with family,2022-09-14,Active,,563.67,0,2,5
C-30842,Weybridge,2,75+,English,Social tenancy,2023-03-16,Active,,941.53,0,3,14
C-30843,Northgate,4,45-59,English,No fixed abode,2022-08-27,Active,,1233.42,1,0,23
C-30844,Weybridge,2,30-44,English,Resident with family,2022-06-21,Active,,858.81,1,0,12
C-30845,Weybridge,3,30-44,English,Social tenancy,2023-08-03,Active,,886.62,2,0,2
C-30846,Northgate,2,30-44,English,No fixed abode,2022-03-01,Active,,932.35,1,1,8
C-30847,Weybridge,1,60-74,Other,Resident with family,2025-08-14,Active,,768.51,0,3,22
C-30848,Calder Central,5,60-74,English,Owner-occupier,2025-05-02,Active,,1486.67,0,0,5
C-30849,Northgate,2,75+,English,Social tenancy,2023-09-23,Active,,644.28,1,3,8
C-30850,Ash Hill,1,18-29,English,Resident with family,2022-10-23,Suspended,,422.78,0,0,14
C-30851,Northgate,1,75+,Spanish,Resident with family,2021-10-03,Active,,649.44,4,6,4
C-30852,Northgate,3,60-74,English,Resident with family,2025-07-22,Active,,749.96,2,0,17
C-30853,Calder Central,3,30-44,English,Social tenancy,2021-04-22,Active,,745.81,1,1,15
C-30854,Calder Central,2,75+,English,Private tenancy,2023-09-18,Active,,975.91,0,1,2
C-30855,Ash Hill,3,18-29,English,No fixed abode,2021-01-05,Active,,1058.04,0,1,16
C-30856,Weybridge,2,75+,English,Private tenancy,2025-01-31,Closed,2025-11,721.04,1,2,2
C-30857,Ash Hill,5,60-74,English,Resident with family,2023-01-02,Active,,1082.8,3,2,5
C-30858,Calder Central,2,30-44,English,Owner-occupier,2021-01-24,Active,,701.12,0,2,19
C-30859,Calder Central,1,18-29,English,Social tenancy,2023-03-28,Active,,556.9,1,3,4
C-30860,Northgate,4,45-59,English,Private tenancy,2025-01-18,Active,,870.83,1,1,18
C-30861,Northgate,1,30-44,English,Resident with family,2021-06-01,Active,,741.89,0,2,2
C-30862,Calder Central,5,30-44,Spanish,No fixed abode,2022-09-27,Closed,2025-11,953.36,2,5,12
C-30863,Ash Hill,1,18-29,English,Social tenancy,2023-10-21,Suspended,,686.32,0,2,0
C-30864,Weybridge,3,60-74,English,Private tenancy,2021-04-11,Active,,654.37,2,3,18
C-30865,Calder Central,1,30-44,English,No fixed abode,2023-11-19,Active,,625.18,1,3,23
C-30866,Weybridge,1,45-59,English,Private tenancy,2023-07-11,Active,,671.05,1,1,16
C-30867,Weybridge,2,60-74,English,Resident with family,2024-11-21,Active,,734.58,1,0,9
C-30868,Calder Central,3,45-59,English,Social tenancy,2024-02-20,Active,,1222.73,2,3,4
C-30869,Weybridge,3,60-74,English,Resident with family,2024-04-13,Suspended,,915.22,1,2,1
C-30870,Calder Central,4,60-74,Other,Owner-occupier,2023-03-05,Active,,1391.68,2,3,2
C-30871,Weybridge,1,60-74,Spanish,Social tenancy,2021-09-03,Active,,707.86,2,4,17
C-30872,Northgate,4,75+,English,Owner-occupier,2024-02-29,Active,,1221.57,1,2,4
C-30873,Northgate,4,18-29,English,Resident with family,2022-09-28,Active,,792.89,0,1,17
C-30874,Northgate,1,75+,English,Owner-occupier,2025-04-05,Closed,2025-10,439.0,1,2,18
C-30875,Ash Hill,3,75+,English,Social tenancy,2022-08-14,Active,,1003.51,0,0,7
C-30876,Calder Central,4,60-74,English,Owner-occupier,2023-09-21,Active,,1123.78,0,2,0
C-30877,Calder Central,2,75+,English,Owner-occupier,2022-12-18,Active,,1026.05,0,0,7
C-30878,Calder Central,5,18-29,English,Social tenancy,2025-03-10,Active,,1027.21,1,2,8
C-30879,Ash Hill,4,60-74,English,Resident with family,2024-09-18,Active,,1160.32,0,0,5
C-30880,Calder Central,5,18-29,English,Resident with family,2024-01-31,Active,,1617.63,1,2,3
C-30881,Ash Hill,3,30-44,English,Owner-occupier,2021-08-13,Active,,935.83,0,1,11
C-30882,Ash Hill,1,45-59,English,Private tenancy,2021-07-09,Active,,486.47,0,2,13
C-30883,Weybridge,1,60-74,English,No fixed abode,2025-08-08,Active,,755.15,0,2,15
C-30884,Weybridge,1,60-74,English,Social tenancy,2021-06-12,Active,,456.05,3,2,16
C-30885,Calder Central,2,30-44,Spanish,Resident with family,2024-03-21,Active,,592.31,1,3,5
C-30886,Weybridge,2,18-29,English,Private tenancy,2023-04-22,Closed,2025-11,554.21,0,0,18
C-30887,Northgate,4,60-74,English,Private tenancy,2022-02-08,Closed,2025-10,1397.64,0,4,10
C-30888,Calder Central,1,75+,English,Social tenancy,2022-05-25,Active,,503.25,0,1,6
C-30889,Ash Hill,2,60-74,English,Owner-occupier,2025-03-26,Active,,997.77,2,0,8
C-30890,Northgate,1,30-44,English,Social tenancy,2021-10-03,Active,,518.98,1,0,6
C-30891,Calder Central,6,18-29,English,Private tenancy,2024-01-11,Active,,1475.31,0,4,16
C-30892,Calder Central,1,75+,English,Resident with family,2023-08-17,Active,,493.8,1,0,10
C-30893,Weybridge,1,18-29,Spanish,No fixed abode,2025-05-16,Closed,2025-09,397.67,2,5,11
C-30894,Weybridge,2,30-44,Spanish,Social tenancy,2021-09-11,Active,,802.87,2,3,14
C-30895,Northgate,1,60-74,English,Social tenancy,2025-04-21,Active,,483.86,2,4,10
C-30896,Weybridge,1,75+,English,Private tenancy,2024-02-12,Active,,659.1,0,4,4
C-30897,Ash Hill,3,18-29,Spanish,Private tenancy,2022-02-08,Suspended,,846.62,1,3,22
C-30898,Ash Hill,2,30-44,English,No fixed abode,2022-06-03,Active,,939.79,3,1,14
C-30899,Northgate,5,30-44,English,Social tenancy,2023-04-24,Active,,1285.84,1,0,4
C-30900,Weybridge,1,18-29,English,No fixed abode,2021-11-09,Active,,756.43,0,3,8
C-30901,Ash Hill,4,45-59,English,Private tenancy,2023-08-01,Active,,764.81,1,2,17
C-30902,Calder Central,1,45-59,Other,Owner-occupier,2021-07-08,Active,,667.67,2,4,19
C-30903,Calder Central,1,60-74,English,Resident with family,2021-03-22,Active,,592.73,1,2,19
C-30904,Calder Central,4,75+,Spanish,No fixed abode,2025-04-29,Active,,1021.15,3,4,15
C-30905,Weybridge,2,45-59,English,Social tenancy,2025-02-28,Active,,873.3,0,2,12
C-30906,Ash Hill,2,45-59,English,Social tenancy,2023-05-06,Active,,529.23,0,1,21
C-30907,Weybridge,2,45-59,Spanish,No fixed abode,2022-11-05,Active,,737.15,2,3,14
C-30908,Weybridge,3,45-59,English,Resident with family,2025-04-25,Active,,1180.85,0,2,17
C-30909,Weybridge,1,75+,Other,Resident with family,2024-07-20,Suspended,,528.81,2,3,22
C-30910,Northgate,2,45-59,English,Social tenancy,2023-02-19,Active,,924.35,1,0,9
C-30911,Calder Central,2,30-44,English,Private tenancy,2024-11-26,Active,,947.4,0,1,1
C-30912,Northgate,2,75+,English,Social tenancy,2022-03-25,Active,,748.86,1,1,16
C-30913,Calder Central,4,18-29,English,No fixed abode,2024-01-05,Active,,813.98,0,2,13
C-30914,Calder Central,3,75+,English,Owner-occupier,2021-05-14,Active,,1158.77,0,2,16
C-30915,Calder Central,3,18-29,English,Private tenancy,2023-07-04,Active,,1054.8,0,3,9
C-30916,Ash Hill,2,45-59,English,Owner-occupier,2021-06-06,Active,,1007.71,0,1,8
C-30917,Calder Central,1,45-59,English,No fixed abode,2022-10-02,Active,,597.11,0,5,14
C-30918,Northgate,1,45-59,English,Social tenancy,2024-12-02,Active,,740.06,0,2,6
C-30919,Ash Hill,6,60-74,Spanish,Resident with family,2023-01-28,Active,,1197.82,0,6,1
C-30920,Calder Central,5,18-29,Spanish,No fixed abode,2021-07-14,Active,,1197.52,2,5,14
C-30921,Weybridge,2,75+,English,Owner-occupier,2024-06-23,Active,,534.32,1,2,19
C-30922,Calder Central,1,75+,English,Owner-occupier,2025-05-06,Active,,691.72,1,2,5
C-30923,Northgate,1,60-74,English,Private tenancy,2025-02-07,Active,,410.88,0,3,2
C-30924,Calder Central,2,75+,English,No fixed abode,2025-08-27,Active,,1001.51,0,1,11
C-30925,Northgate,2,45-59,Other,Social tenancy,2022-04-09,Active,,614.71,2,3,10
C-30926,Northgate,2,60-74,English,Private tenancy,2022-01-18,Active,,580.53,0,3,8
C-30927,Calder Central,2,60-74,Spanish,Resident with family,2025-07-19,Active,,629.4,0,5,11
C-30928,Ash Hill,1,45-59,English,Resident with family,2024-03-02,Active,,382.22,0,2,8
C-30929,Ash Hill,1,75+,Other,Private tenancy,2024-04-13,Active,,613.54,1,3,14
C-30930,Ash Hill,2,30-44,English,Owner-occupier,2023-08-28,Active,,706.52,1,4,18
C-30931,Weybridge,1,30-44,English,Owner-occupier,2023-09-06,Active,,632.1,0,0,7
C-30932,Weybridge,1,75+,English,Owner-occupier,2022-05-19,Active,,765.7,0,1,16
C-30933,Weybridge,1,45-59,English,Owner-occupier,2022-04-16,Active,,638.32,1,3,10
C-30934,Northgate,2,18-29,English,No fixed abode,2022-06-23,Active,,927.2,0,5,6
C-30935,Calder Central,1,30-44,English,Private tenancy,2021-06-21,Active,,579.28,1,4,1
C-30936,Calder Central,1,30-44,English,Social tenancy,2024-09-01,Active,,466.78,1,2,23
C-30937,Calder Central,5,75+,English,Resident with family,2024-08-18,Active,,1334.44,0,2,2
C-30938,Northgate,2,60-74,English,Resident with family,2024-10-24,Active,,578.63,1,1,12
C-30939,Ash Hill,5,30-44,English,Resident with family,2023-04-14,Active,,1455.26,0,5,21
C-30940,Ash Hill,1,60-74,English,Private tenancy,2023-11-03,Suspended,,391.76,0,1,20
C-30941,Northgate,1,30-44,English,Social tenancy,2024-02-06,Active,,453.84,0,4,15
C-30942,Calder Central,2,45-59,English,Resident with family,2023-08-10,Active,,882.26,0,1,22
C-30943,Northgate,2,30-44,English,Social tenancy,2021-02-15,Active,,898.07,1,3,20
C-30944,Calder Central,5,18-29,Other,Resident with family,2021-10-11,Active,,1162.91,2,4,21
C-30945,Calder Central,1,30-44,Other,No fixed abode,2024-11-18,Closed,2025-09,534.47,5,6,4
C-30946,Weybridge,2,45-59,English,Social tenancy,2024-02-22,Active,,609.59,3,0,19
C-30947,Weybridge,2,30-44,English,Social tenancy,2023-12-24,Active,,589.5,0,3,11
C-30948,Ash Hill,1,18-29,English,No fixed abode,2021-07-19,Active,,700.95,0,0,11
C-30949,Northgate,1,60-74,English,No fixed abode,2022-06-27,Active,,426.04,0,0,16
C-30950,Ash Hill,1,45-59,English,Social tenancy,2022-12-25,Closed,2025-10,571.96,0,0,6
C-30951,Ash Hill,3,45-59,English,Social tenancy,2024-07-14,Active,,950.13,1,2,19
C-30952,Ash Hill,1,45-59,Other,Resident with family,2025-05-26,Active,,576.19,0,3,9
C-30953,Weybridge,3,18-29,Other,Owner-occupier,2023-07-15,Closed,2025-08,779.7,3,7,15
C-30954,Ash Hill,3,60-74,English,Social tenancy,2025-08-04,Active,,834.54,1,2,3
C-30955,Calder Central,2,30-44,English,Resident with family,2022-01-29,Active,,717.01,4,2,6
C-30956,Calder Central,1,45-59,Spanish,Owner-occupier,2023-09-16,Active,,443.14,2,4,19
C-30957,Calder Central,2,18-29,English,Private tenancy,2021-11-14,Active,,824.92,2,4,19
C-30958,Weybridge,1,45-59,English,Private tenancy,2022-12-05,Active,,446.81,0,3,1
C-30959,Calder Central,3,75+,English,No fixed abode,2023-08-27,Active,,1170.69,0,3,5
C-30960,Ash Hill,3,30-44,English,Resident with family,2021-08-29,Active,,740.75,1,1,17
C-30961,Northgate,5,30-44,English,Resident with family,2024-05-11,Active,,1511.69,0,0,20
C-30962,Calder Central,2,18-29,Spanish,No fixed abode,2024-09-10,Active,,864.16,1,5,5
C-30963,Northgate,4,60-74,English,Owner-occupier,2024-09-02,Active,,802.7,1,1,21
C-30964,Calder Central,1,60-74,English,Resident with family,2023-11-09,Active,,402.8,1,1,6
C-30965,Weybridge,2,30-44,English,Owner-occupier,2023-09-15,Active,,940.27,2,2,15
C-30966,Ash Hill,2,30-44,English,Resident with family,2023-12-12,Closed,2025-07,536.23,1,4,9
C-30967,Ash Hill,3,30-44,English,No fixed abode,2024-01-05,Suspended,,1214.25,1,2,0
C-30968,Calder Central,1,18-29,English,Social tenancy,2022-03-05,Active,,464.28,0,0,22
C-30969,Ash Hill,4,18-29,Other,Private tenancy,2024-10-19,Active,,1356.21,1,3,7
C-30970,Calder Central,2,45-59,English,Resident with family,2022-02-06,Active,,849.88,1,1,13
C-30971,Calder Central,1,18-29,English,Owner-occupier,2024-12-05,Active,,396.55,1,0,19
C-30972,Calder Central,2,75+,English,Owner-occupier,2024-05-18,Active,,763.1,2,0,2
C-30973,Northgate,2,45-59,English,No fixed abode,2021-02-11,Active,,543.03,0,4,23
C-30974,Weybridge,3,75+,Other,Resident with family,2021-12-31,Closed,2025-08,1148.2,2,7,0
C-30975,Northgate,5,30-44,English,Social tenancy,2021-08-20,Active,,857.17,0,1,12
C-30976,Calder Central,3,60-74,English,No fixed abode,2021-07-07,Active,,761.39,0,3,13
C-30977,Northgate,2,75+,English,Resident with family,2024-03-20,Active,,841.86,0,1,20
C-30978,Ash Hill,2,45-59,English,Private tenancy,2023-10-13,Active,,563.62,0,1,3
C-30979,Calder Central,1,18-29,English,Owner-occupier,2023-01-14,Closed,2025-08,377.95,2,3,18
C-30980,Weybridge,2,75+,Other,Resident with family,2024-06-27,Active,,811.09,2,4,7
C-30981,Calder Central,3,18-29,English,No fixed abode,2021-12-12,Active,,848.45,2,1,0
C-30982,Ash Hill,1,60-74,English,Private tenancy,2022-06-14,Closed,2025-08,491.76,0,4,3
C-30983,Northgate,1,18-29,English,No fixed abode,2022-05-01,Active,,544.9,2,1,4
C-30984,Calder Central,1,45-59,English,No fixed abode,2024-08-24,Active,,743.49,0,0,23
C-30985,Weybridge,3,60-74,English,Social tenancy,2025-08-11,Active,,695.44,3,2,3
C-30986,Calder Central,1,18-29,Spanish,Resident with family,2025-04-28,Active,,550.66,2,5,4
C-30987,Northgate,1,45-59,English,No fixed abode,2025-04-01,Active,,591.08,0,2,20
C-30988,Ash Hill,1,45-59,English,Private tenancy,2024-01-02,Active,,691.77,1,0,6
C-30989,Ash Hill,1,60-74,Other,Owner-occupier,2024-08-20,Active,,490.23,0,4,13
C-30990,Calder Central,3,30-44,English,Social tenancy,2022-05-16,Active,,870.52,0,0,17
C-30991,Ash Hill,5,60-74,English,No fixed abode,2025-08-14,Active,,919.22,0,2,22
C-30992,Northgate,2,60-74,English,Owner-occupier,2023-02-06,Active,,539.76,1,2,14
C-30993,Northgate,6,18-29,English,Private tenancy,2024-05-29,Closed,2025-11,1141.12,1,1,16
C-30994,Weybridge,2,60-74,Other,Private tenancy,2025-03-25,Active,,525.92,1,6,4
C-30995,Northgate,1,60-74,Other,Owner-occupier,2021-09-21,Active,,507.85,3,4,15
C-30996,Weybridge,3,30-44,Spanish,No fixed abode,2021-08-29,Active,,1012.54,0,6,9
C-30997,Ash Hill,5,45-59,English,Resident with family,2025-01-07,Active,,915.18,1,5,11
C-30998,Calder Central,3,60-74,Spanish,Social tenancy,2024-06-13,Active,,1019.7,1,4,8
C-30999,Northgate,1,30-44,English,Private tenancy,2024-04-03,Active,,585.97,1,2,20
C-31000,Weybridge,1,45-59,English,Social tenancy,2025-08-13,Active,,532.96,0,3,14
C-31001,Calder Central,4,18-29,English,Owner-occupier,2023-05-02,Active,,1170.52,2,4,8
C-31002,Weybridge,2,45-59,English,No fixed abode,2021-07-30,Active,,623.35,2,1,12
C-31003,Northgate,4,60-74,English,Resident with family,2024-06-20,Active,,715.41,3,2,22
C-31004,Calder Central,3,45-59,English,Private tenancy,2023-03-08,Active,,612.61,0,2,11
C-31005,Weybridge,1,30-44,Other,Resident with family,2022-10-27,Active,,481.78,1,4,11
C-31006,Weybridge,1,45-59,English,No fixed abode,2024-02-08,Active,,658.32,1,1,8
C-31007,Northgate,4,45-59,English,Owner-occupier,2024-04-20,Active,,862.41,0,2,16
C-31008,Weybridge,1,45-59,English,Resident with family,2025-03-23,Active,,376.61,1,2,7
C-31009,Northgate,1,75+,English,Private tenancy,2022-02-15,Active,,542.13,0,2,12
C-31010,Calder Central,2,45-59,Other,Social tenancy,2024-03-22,Active,,821.8,1,2,22
C-31011,Weybridge,5,30-44,Spanish,Owner-occupier,2023-03-21,Active,,1511.99,1,3,17
C-31012,Calder Central,3,60-74,Other,Private tenancy,2023-01-16,Active,,1054.74,1,5,3
C-31013,Calder Central,2,45-59,English,No fixed abode,2022-09-21,Active,,655.1,2,2,20
C-31014,Weybridge,3,18-29,Other,Owner-occupier,2022-11-01,Active,,939.33,1,4,10
C-31015,Weybridge,2,60-74,English,No fixed abode,2025-01-29,Active,,961.43,1,2,5
C-31016,Northgate,5,75+,Spanish,No fixed abode,2022-04-15,Active,,1415.74,1,4,1
C-31017,Ash Hill,1,18-29,English,Owner-occupier,2024-08-24,Active,,657.7,0,3,9
C-31018,Calder Central,4,60-74,English,Social tenancy,2021-03-04,Active,,911.88,2,0,18
C-31019,Weybridge,1,75+,English,Social tenancy,2021-08-21,Suspended,,499.5,0,3,8
C-31020,Northgate,1,45-59,English,Social tenancy,2023-12-21,Closed,2025-10,456.17,3,4,17
C-31021,Ash Hill,1,60-74,English,Private tenancy,2025-03-04,Active,,480.38,0,2,4
C-31022,Calder Central,2,30-44,Other,Owner-occupier,2023-06-18,Active,,510.39,4,3,19
C-31023,Weybridge,1,30-44,English,Private tenancy,2023-05-07,Active,,491.26,0,5,15
C-31024,Weybridge,2,45-59,English,Resident with family,2023-06-07,Active,,718.75,0,2,19
C-31025,Calder Central,4,75+,English,Owner-occupier,2023-05-25,Active,,1121.88,2,3,7
C-31026,Northgate,1,45-59,English,Social tenancy,2021-11-07,Active,,550.39,0,1,12
C-31027,Northgate,5,75+,English,Private tenancy,2022-02-08,Active,,1106.94,0,3,4
C-31028,Ash Hill,1,30-44,Spanish,Private tenancy,2022-05-12,Active,,597.08,3,5,11
C-31029,Northgate,2,45-59,English,Private tenancy,2023-08-07,Active,,986.44,0,0,16
C-31030,Calder Central,1,60-74,English,Resident with family,2025-08-18,Active,,546.0,1,5,12
C-31031,Calder Central,1,30-44,English,Resident with family,2023-01-21,Active,,452.65,1,1,16
C-31032,Calder Central,1,45-59,English,Social tenancy,2022-10-07,Active,,763.83,2,2,5
C-31033,Ash Hill,1,18-29,Spanish,Private tenancy,2021-11-05,Active,,652.5,0,3,12
C-31034,Calder Central,1,45-59,English,No fixed abode,2025-03-21,Closed,2025-12,523.82,2,2,5
C-31035,Weybridge,2,30-44,Spanish,Social tenancy,2022-12-17,Active,,986.66,3,6,21
C-31036,Northgate,1,45-59,Other,No fixed abode,2023-04-25,Active,,529.94,3,4,7
C-31037,Calder Central,1,30-44,English,Social tenancy,2021-12-04,Active,,379.96,0,2,8
C-31038,Calder Central,2,30-44,English,Social tenancy,2022-11-20,Active,,659.77,0,2,8
C-31039,Northgate,2,30-44,English,Private tenancy,2023-12-30,Active,,645.68,1,4,3
C-31040,Northgate,3,30-44,English,Social tenancy,2023-11-13,Active,,934.89,0,5,10
C-31041,Weybridge,1,60-74,English,Private tenancy,2021-02-02,Active,,535.28,1,1,16
C-31042,Calder Central,1,18-29,English,Private tenancy,2024-05-08,Active,,669.38,0,2,19
C-31043,Northgate,1,45-59,English,No fixed abode,2023-11-18,Suspended,,749.78,1,0,3
C-31044,Calder Central,5,18-29,English,Resident with family,2021-11-11,Active,,803.86,1,1,18
C-31045,Northgate,1,45-59,Spanish,Resident with family,2022-07-18,Active,,632.33,1,5,16
C-31046,Calder Central,1,60-74,Other,No fixed abode,2024-07-05,Active,,480.5,2,4,21
C-31047,Weybridge,2,18-29,English,No fixed abode,2023-10-06,Active,,886.16,1,3,0
C-31048,Northgate,2,60-74,Other,No fixed abode,2025-02-03,Active,,766.87,1,5,0
C-31049,Ash Hill,2,30-44,English,No fixed abode,2021-10-31,Suspended,,688.7,0,1,15
C-31050,Northgate,1,30-44,English,No fixed abode,2022-02-11,Active,,394.09,0,1,1
C-31051,Calder Central,2,18-29,English,Private tenancy,2024-03-21,Active,,814.34,0,4,7
C-31052,Northgate,3,30-44,Spanish,No fixed abode,2023-11-10,Active,,745.32,3,2,7
C-31053,Northgate,1,60-74,English,Resident with family,2024-11-27,Active,,390.45,0,4,10
C-31054,Weybridge,1,30-44,English,Social tenancy,2023-07-03,Active,,677.52,1,1,8
C-31055,Northgate,5,30-44,English,Private tenancy,2023-03-05,Active,,925.65,1,0,8
C-31056,Calder Central,1,30-44,English,No fixed abode,2023-01-29,Active,,754.94,1,2,5
C-31057,Calder Central,1,60-74,English,Social tenancy,2022-04-29,Active,,583.8,1,2,11
C-31058,Northgate,1,18-29,Other,Private tenancy,2022-08-07,Active,,508.27,0,4,18
C-31059,Calder Central,3,45-59,English,Social tenancy,2023-07-12,Active,,1144.19,1,4,5
C-31060,Calder Central,3,30-44,Other,Resident with family,2023-12-04,Closed,2025-08,1130.59,3,5,4
C-31061,Calder Central,1,30-44,English,Social tenancy,2022-04-15,Active,,453.15,1,2,10
C-31062,Calder Central,4,45-59,English,No fixed abode,2021-12-06,Active,,1057.43,0,0,9
C-31063,Weybridge,1,18-29,English,Social tenancy,2022-11-13,Active,,510.36,0,0,6
C-31064,Calder Central,1,45-59,English,Owner-occupier,2022-03-02,Active,,656.64,0,1,0
C-31065,Calder Central,1,45-59,English,Private tenancy,2025-06-04,Active,,451.34,0,0,17
C-31066,Northgate,2,18-29,English,Private tenancy,2021-08-27,Active,,592.06,0,0,20
C-31067,Calder Central,5,30-44,English,Social tenancy,2022-02-15,Active,,1433.05,2,3,6
C-31068,Weybridge,1,60-74,English,No fixed abode,2022-10-22,Suspended,,659.43,1,0,20
C-31069,Weybridge,2,60-74,Spanish,Social tenancy,2021-04-20,Active,,677.39,1,7,11
C-31070,Ash Hill,4,30-44,English,Owner-occupier,2024-02-13,Active,,877.41,1,0,18
C-31071,Calder Central,4,45-59,Other,Private tenancy,2021-09-01,Active,,1307.81,2,4,8
C-31072,Calder Central,3,60-74,English,Private tenancy,2022-06-30,Suspended,,989.58,0,0,21
C-31073,Northgate,1,60-74,Spanish,Owner-occupier,2024-10-24,Active,,508.27,1,6,19
C-31074,Northgate,2,45-59,English,Resident with family,2024-05-14,Active,,713.28,1,0,15
C-31075,Ash Hill,2,75+,English,Resident with family,2021-04-21,Active,,508.68,0,0,12
C-31076,Northgate,3,45-59,English,Private tenancy,2025-08-16,Active,,1173.68,0,1,0
C-31077,Calder Central,2,30-44,English,No fixed abode,2024-12-03,Active,,822.23,0,2,11
C-31078,Weybridge,1,30-44,Other,No fixed abode,2023-09-21,Active,,606.01,1,6,6
C-31079,Calder Central,5,75+,English,Social tenancy,2025-04-13,Active,,805.98,1,3,13
C-31080,Weybridge,3,30-44,English,Owner-occupier,2023-10-20,Active,,1001.18,0,0,14
C-31081,Weybridge,1,30-44,English,Owner-occupier,2021-06-29,Active,,641.2,2,2,12
C-31082,Weybridge,3,45-59,English,Private tenancy,2023-08-19,Active,,645.4,0,2,22
C-31083,Calder Central,2,45-59,English,Social tenancy,2024-05-14,Active,,658.1,0,3,10
C-31084,Calder Central,1,30-44,Spanish,Resident with family,2022-04-02,Active,,668.41,4,4,10
C-31085,Northgate,4,45-59,English,Social tenancy,2024-04-04,Active,,806.2,1,2,9
C-31086,Northgate,2,18-29,English,Private tenancy,2023-06-21,Active,,1009.53,0,2,22
C-31087,Weybridge,3,30-44,English,Social tenancy,2023-06-12,Active,,889.28,1,2,11
C-31088,Calder Central,2,18-29,English,No fixed abode,2022-12-15,Active,,848.06,2,1,18
C-31089,Weybridge,2,45-59,Spanish,No fixed abode,2022-01-31,Active,,867.45,3,4,2
C-31090,Ash Hill,1,30-44,English,Social tenancy,2024-03-12,Active,,648.02,3,0,18
C-31091,Calder Central,1,45-59,Other,Resident with family,2021-11-01,Active,,429.23,2,1,19
C-31092,Calder Central,3,60-74,English,Private tenancy,2022-12-09,Active,,733.4,1,4,4
C-31093,Northgate,2,45-59,Other,Private tenancy,2022-10-10,Active,,888.81,2,4,5
C-31094,Calder Central,1,30-44,English,Private tenancy,2022-12-20,Active,,534.99,0,2,18
C-31095,Calder Central,2,30-44,English,Resident with family,2023-06-23,Active,,927.07,0,1,6
C-31096,Calder Central,3,30-44,Spanish,Owner-occupier,2024-12-15,Active,,1012.49,1,5,10
C-31097,Calder Central,1,30-44,English,No fixed abode,2022-09-22,Closed,2025-09,560.59,2,1,14
C-31098,Ash Hill,5,60-74,English,No fixed abode,2025-01-23,Active,,1015.22,0,4,7
C-31099,Calder Central,3,60-74,English,Owner-occupier,2025-03-05,Active,,903.98,3,4,20
C-31100,Calder Central,2,60-74,English,Owner-occupier,2022-12-10,Active,,710.59,1,3,7
C-31101,Calder Central,2,60-74,English,Private tenancy,2023-11-05,Active,,516.56,1,1,20
C-31102,Northgate,2,45-59,English,Owner-occupier,2025-08-21,Active,,651.66,0,4,3
C-31103,Calder Central,4,30-44,English,No fixed abode,2023-10-03,Active,,1273.96,0,3,10
C-31104,Calder Central,2,30-44,English,Social tenancy,2023-05-05,Suspended,,970.89,2,4,0
C-31105,Ash Hill,2,18-29,English,No fixed abode,2023-05-23,Active,,962.44,1,1,22
C-31106,Calder Central,2,30-44,Other,Owner-occupier,2021-08-31,Active,,938.67,3,4,19
C-31107,Weybridge,5,30-44,English,Owner-occupier,2023-06-24,Active,,1447.26,0,1,9
C-31108,Northgate,6,75+,English,Social tenancy,2021-01-13,Active,,1361.44,1,2,23
C-31109,Calder Central,1,60-74,English,Resident with family,2022-12-25,Active,,572.05,0,3,5
C-31110,Weybridge,1,45-59,Spanish,Social tenancy,2022-11-23,Active,,445.8,2,4,21
C-31111,Northgate,5,45-59,English,Private tenancy,2023-01-22,Active,,1189.43,0,3,1
C-31112,Ash Hill,4,75+,English,Private tenancy,2025-05-03,Active,,1026.64,1,2,10
C-31113,Weybridge,2,75+,English,Private tenancy,2023-08-02,Active,,644.1,1,2,5
C-31114,Ash Hill,1,30-44,English,No fixed abode,2023-04-10,Active,,503.08,1,2,17
C-31115,Northgate,1,45-59,English,No fixed abode,2024-03-31,Active,,438.87,0,3,21
C-31116,Ash Hill,1,45-59,English,Social tenancy,2023-09-22,Active,,723.96,0,1,20
C-31117,Northgate,1,45-59,English,Private tenancy,2024-04-30,Suspended,,540.49,1,3,7
C-31118,Northgate,5,45-59,Spanish,Private tenancy,2021-08-12,Closed,2025-07,1247.29,1,5,11
C-31119,Northgate,4,18-29,Spanish,Private tenancy,2021-05-20,Active,,1286.71,2,4,19
C-31120,Weybridge,1,45-59,Spanish,Resident with family,2024-12-17,Closed,2025-11,672.58,1,3,12
C-31121,Ash Hill,3,45-59,Other,Resident with family,2023-07-07,Active,,997.81,2,4,0
C-31122,Northgate,2,18-29,English,Private tenancy,2024-07-23,Active,,653.15,0,3,22
C-31123,Weybridge,4,45-59,English,Social tenancy,2021-06-16,Active,,1349.85,0,1,7
C-31124,Calder Central,4,18-29,English,Social tenancy,2024-10-24,Active,,1349.29,0,2,3
C-31125,Northgate,5,45-59,English,Private tenancy,2023-10-04,Active,,1454.34,0,1,17
C-31126,Calder Central,2,30-44,English,Social tenancy,2023-07-21,Active,,840.68,1,2,4
C-31127,Northgate,1,18-29,English,Social tenancy,2024-03-29,Active,,619.16,1,2,10
C-31128,Calder Central,2,60-74,English,Social tenancy,2023-08-18,Active,,781.0,0,0,10
C-31129,Calder Central,2,45-59,English,Private tenancy,2021-02-26,Active,,752.86,1,3,14
C-31130,Weybridge,5,45-59,English,No fixed abode,2021-02-09,Active,,1426.51,0,1,17
C-31131,Ash Hill,3,30-44,English,Resident with family,2022-03-04,Suspended,,952.41,3,5,6
C-31132,Northgate,3,45-59,English,Private tenancy,2023-09-24,Active,,824.47,1,2,4
C-31133,Calder Central,3,75+,English,No fixed abode,2024-07-25,Active,,1079.35,0,3,2
C-31134,Northgate,3,30-44,Spanish,Social tenancy,2022-04-09,Active,,604.74,3,3,17
C-31135,Ash Hill,2,45-59,English,Social tenancy,2022-09-13,Active,,957.34,0,1,14
C-31136,Northgate,2,30-44,English,Social tenancy,2021-10-08,Active,,919.6,0,1,10
C-31137,Calder Central,3,30-44,English,Resident with family,2024-08-04,Active,,605.75,2,3,9
C-31138,Calder Central,3,30-44,English,Private tenancy,2024-06-16,Active,,760.8,0,3,8
C-31139,Weybridge,1,60-74,English,Resident with family,2024-12-09,Active,,662.85,1,2,22
C-31140,Calder Central,1,18-29,Spanish,Private tenancy,2023-04-01,Active,,508.32,1,2,2
C-31141,Calder Central,4,30-44,Other,No fixed abode,2022-06-25,Active,,1193.11,2,5,15
C-31142,Weybridge,1,45-59,English,Owner-occupier,2022-10-12,Active,,405.34,1,1,4
C-31143,Northgate,1,30-44,Spanish,Owner-occupier,2021-09-05,Active,,518.34,2,4,22
C-31144,Northgate,4,30-44,English,No fixed abode,2021-01-01,Active,,847.08,0,5,22
C-31145,Weybridge,1,30-44,English,Private tenancy,2024-12-24,Closed,2025-08,688.66,1,3,14
C-31146,Weybridge,1,75+,English,Resident with family,2025-04-17,Active,,455.2,2,1,2
C-31147,Calder Central,2,75+,English,Private tenancy,2021-09-11,Active,,590.94,0,2,9
C-31148,Calder Central,3,45-59,English,Resident with family,2021-07-06,Active,,1178.64,1,2,2
C-31149,Calder Central,1,45-59,Other,No fixed abode,2022-11-08,Active,,380.7,2,6,14
C-31150,Northgate,1,60-74,English,Resident with family,2021-11-04,Active,,524.71,0,4,16
C-31151,Calder Central,5,30-44,English,Social tenancy,2021-05-02,Active,,1228.37,0,1,5
C-31152,Weybridge,1,30-44,English,Resident with family,2022-10-15,Active,,720.22,2,1,0
C-31153,Weybridge,3,30-44,English,Resident with family,2021-02-16,Active,,1129.54,0,0,10
C-31154,Weybridge,3,75+,English,Owner-occupier,2021-10-28,Active,,1194.32,1,1,17
C-31155,Northgate,1,30-44,English,Social tenancy,2024-03-23,Active,,539.56,0,2,21
C-31156,Northgate,2,45-59,English,Owner-occupier,2025-03-19,Active,,816.18,1,3,8
C-31157,Weybridge,1,18-29,English,No fixed abode,2021-12-03,Active,,429.0,0,2,1
C-31158,Calder Central,3,30-44,English,Social tenancy,2024-08-20,Active,,1038.04,1,1,6
C-31159,Weybridge,3,45-59,English,Private tenancy,2025-01-23,Suspended,,650.14,0,3,14
C-31160,Weybridge,1,45-59,English,No fixed abode,2025-04-11,Active,,555.98,1,0,16
C-31161,Weybridge,5,45-59,English,Resident with family,2022-07-15,Active,,1473.57,1,1,19
C-31162,Weybridge,1,60-74,English,Private tenancy,2022-11-25,Active,,658.04,2,1,12
C-31163,Ash Hill,1,45-59,English,Private tenancy,2025-08-08,Active,,477.34,2,2,11
C-31164,Weybridge,3,45-59,English,No fixed abode,2025-05-17,Active,,1182.67,1,1,19
C-31165,Weybridge,1,60-74,English,Social tenancy,2025-08-11,Active,,540.1,1,2,21
C-31166,Calder Central,2,30-44,English,Social tenancy,2022-10-09,Active,,635.4,2,2,5
C-31167,Weybridge,3,60-74,Spanish,Owner-occupier,2022-12-10,Suspended,,1116.77,2,4,17
C-31168,Calder Central,3,75+,Other,Owner-occupier,2025-06-10,Active,,825.52,1,4,14
C-31169,Ash Hill,1,75+,English,Resident with family,2022-04-17,Active,,686.1,0,1,1
C-31170,Northgate,3,30-44,English,Owner-occupier,2022-09-19,Active,,789.26,0,1,13
C-31171,Ash Hill,1,75+,English,No fixed abode,2022-10-10,Active,,760.2,0,1,11
C-31172,Ash Hill,1,18-29,Spanish,Social tenancy,2021-06-04,Active,,479.25,1,5,19
C-31173,Ash Hill,4,30-44,English,Resident with family,2022-10-18,Active,,1082.98,1,0,13
C-31174,Northgate,2,45-59,English,Social tenancy,2024-04-10,Active,,636.94,0,1,21
C-31175,Northgate,1,60-74,English,No fixed abode,2021-04-29,Active,,544.14,0,1,12
C-31176,Northgate,1,45-59,Spanish,Owner-occupier,2023-03-04,Active,,731.63,1,6,8
C-31177,Ash Hill,2,18-29,English,Owner-occupier,2021-08-20,Active,,547.87,2,2,11
C-31178,Weybridge,3,75+,Other,Social tenancy,2024-05-12,Active,,1116.1,2,2,20
C-31179,Ash Hill,6,60-74,English,Private tenancy,2021-04-12,Active,,1077.3,0,2,22
C-31180,Calder Central,1,30-44,English,Private tenancy,2023-06-10,Active,,592.53,1,3,15
C-31181,Northgate,1,30-44,English,Private tenancy,2024-02-16,Active,,546.53,0,3,4
C-31182,Ash Hill,3,45-59,Spanish,No fixed abode,2025-03-12,Active,,792.55,2,7,0
C-31183,Calder Central,2,60-74,English,Private tenancy,2021-09-16,Active,,641.25,1,2,21
C-31184,Ash Hill,3,45-59,English,Resident with family,2022-03-11,Active,,714.24,0,3,17
C-31185,Calder Central,1,60-74,English,Private tenancy,2024-05-12,Active,,728.94,3,4,19
C-31186,Weybridge,2,30-44,English,Social tenancy,2021-12-14,Active,,725.61,1,2,10
C-31187,Weybridge,2,60-74,Spanish,No fixed abode,2022-08-08,Active,,894.61,2,3,9
C-31188,Weybridge,2,30-44,English,Private tenancy,2024-10-05,Active,,947.84,1,1,20
C-31189,Northgate,1,30-44,English,Owner-occupier,2023-01-11,Active,,608.46,0,1,22
C-31190,Ash Hill,3,30-44,English,Private tenancy,2024-08-29,Active,,603.95,0,2,15
C-31191,Ash Hill,2,18-29,English,No fixed abode,2024-04-02,Active,,708.82,1,2,15
C-31192,Northgate,2,60-74,English,Resident with family,2022-07-22,Suspended,,822.13,1,2,18
C-31193,Northgate,4,75+,English,Resident with family,2023-01-10,Active,,1441.26,1,1,8
C-31194,Calder Central,1,30-44,Other,No fixed abode,2022-04-01,Active,,702.5,1,5,17
C-31195,Calder Central,2,75+,English,Private tenancy,2022-08-30,Active,,956.58,0,2,13
C-31196,Northgate,5,45-59,English,Resident with family,2021-02-16,Active,,1602.07,0,1,15
C-31197,Ash Hill,1,30-44,English,Private tenancy,2021-12-28,Active,,653.58,0,1,3
C-31198,Weybridge,2,30-44,English,Private tenancy,2023-06-27,Active,,651.7,1,3,1
C-31199,Weybridge,1,30-44,English,Private tenancy,2022-02-28,Active,,615.54,0,2,7
C-31200,Calder Central,1,60-74,English,Social tenancy,2022-06-05,Active,,389.31,1,0,4
C-31201,Ash Hill,1,30-44,Spanish,Social tenancy,2025-04-01,Active,,596.18,1,3,6
C-31202,Weybridge,1,60-74,English,Resident with family,2022-01-30,Active,,417.36,1,0,17
C-31203,Ash Hill,3,60-74,English,No fixed abode,2025-06-15,Active,,686.93,0,3,2
C-31204,Calder Central,4,45-59,English,Private tenancy,2022-07-15,Active,,1114.69,0,1,7
C-31205,Calder Central,2,75+,English,Private tenancy,2022-02-28,Active,,622.17,1,3,23
C-31206,Weybridge,1,45-59,English,Social tenancy,2024-10-25,Active,,463.94,0,0,1
C-31207,Calder Central,1,30-44,English,No fixed abode,2024-11-30,Active,,754.31,1,0,16
C-31208,Ash Hill,2,30-44,English,Private tenancy,2023-01-02,Active,,627.12,1,5,14
C-31209,Northgate,1,60-74,Other,No fixed abode,2022-06-13,Active,,708.08,3,2,14
C-31210,Calder Central,6,30-44,English,Private tenancy,2023-11-23,Active,,1461.78,0,3,16
C-31211,Weybridge,4,60-74,Spanish,Social tenancy,2024-05-25,Active,,1037.38,1,5,5
C-31212,Weybridge,2,60-74,Other,Owner-occupier,2023-02-28,Active,,652.33,2,6,1
C-31213,Calder Central,2,45-59,English,No fixed abode,2023-10-09,Active,,905.02,0,1,15
C-31214,Ash Hill,2,30-44,English,Resident with family,2021-09-05,Active,,806.0,0,2,13
C-31215,Ash Hill,6,45-59,English,No fixed abode,2025-04-30,Active,,1179.99,0,0,23
C-31216,Calder Central,6,30-44,English,Owner-occupier,2024-10-22,Active,,1495.88,0,1,13
C-31217,Ash Hill,2,75+,Spanish,Owner-occupier,2021-07-11,Active,,659.78,2,3,7
C-31218,Weybridge,1,30-44,English,Social tenancy,2023-04-12,Active,,392.76,2,2,20
C-31219,Ash Hill,4,75+,English,Owner-occupier,2022-03-11,Active,,821.38,3,1,21
C-31220,Northgate,3,45-59,English,Social tenancy,2022-04-07,Active,,877.15,0,1,2
C-31221,Northgate,1,30-44,Spanish,Owner-occupier,2023-05-25,Closed,2025-10,509.34,4,3,22
C-31222,Northgate,2,45-59,English,Social tenancy,2021-01-11,Active,,932.52,0,1,15
C-31223,Weybridge,2,60-74,English,Social tenancy,2025-08-11,Active,,621.53,0,4,22
C-31224,Northgate,1,60-74,English,No fixed abode,2021-03-31,Active,,483.88,1,4,7
C-31225,Calder Central,3,75+,English,Owner-occupier,2025-08-01,Active,,605.77,1,2,16
C-31226,Calder Central,2,18-29,English,Private tenancy,2025-01-26,Active,,636.73,0,0,12
C-31227,Weybridge,1,75+,Spanish,Social tenancy,2022-12-22,Active,,666.66,4,8,20
C-31228,Calder Central,4,18-29,Spanish,No fixed abode,2021-07-25,Closed,2025-07,1210.55,1,3,13
C-31229,Calder Central,5,30-44,Spanish,Social tenancy,2025-01-25,Active,,1444.78,2,5,19
C-31230,Weybridge,1,45-59,English,Private tenancy,2023-03-09,Active,,416.22,1,1,5
C-31231,Northgate,1,18-29,Spanish,Resident with family,2022-01-23,Closed,2025-10,690.61,1,3,14
C-31232,Northgate,4,60-74,English,Owner-occupier,2021-04-28,Active,,817.06,1,2,9
C-31233,Northgate,3,45-59,English,No fixed abode,2023-11-09,Active,,1152.07,1,4,8
C-31234,Northgate,1,45-59,English,Owner-occupier,2023-01-18,Active,,404.26,3,0,1
C-31235,Weybridge,5,45-59,English,Private tenancy,2023-10-11,Active,,1032.79,0,3,16
C-31236,Northgate,4,60-74,English,Owner-occupier,2023-03-31,Active,,987.86,2,2,7
C-31237,Calder Central,4,30-44,English,Private tenancy,2024-08-05,Active,,893.03,1,2,4
C-31238,Northgate,2,30-44,English,Resident with family,2023-06-22,Active,,809.3,0,1,9
C-31239,Calder Central,2,30-44,English,Private tenancy,2021-11-14,Active,,580.29,0,1,1
C-31240,Calder Central,4,45-59,English,Owner-occupier,2021-04-18,Active,,1147.12,0,1,5
C-31241,Weybridge,3,45-59,English,Private tenancy,2025-05-04,Active,,848.86,1,2,18
C-31242,Northgate,1,60-74,English,Social tenancy,2025-01-15,Active,,465.35,0,0,4
C-31243,Weybridge,1,30-44,English,Private tenancy,2022-01-03,Active,,733.16,0,1,2
C-31244,Weybridge,2,45-59,Spanish,No fixed abode,2021-05-14,Active,,713.09,1,6,16
C-31245,Calder Central,1,45-59,English,No fixed abode,2024-12-20,Active,,758.4,0,0,6
C-31246,Calder Central,2,18-29,English,Owner-occupier,2022-08-22,Active,,737.97,2,1,16
C-31247,Calder Central,5,60-74,English,No fixed abode,2022-12-25,Active,,1449.48,0,1,4
C-31248,Calder Central,2,75+,Other,Private tenancy,2023-09-09,Active,,978.86,2,6,17
C-31249,Northgate,1,75+,English,Social tenancy,2023-06-25,Active,,633.62,0,0,3
C-31250,Calder Central,1,60-74,English,Social tenancy,2024-10-08,Suspended,,558.77,2,3,23
C-31251,Northgate,1,60-74,Spanish,Social tenancy,2021-05-02,Closed,2025-10,397.67,2,7,12
C-31252,Weybridge,2,30-44,Other,Social tenancy,2022-10-15,Active,,781.12,1,3,16
C-31253,Northgate,5,18-29,English,Private tenancy,2024-01-04,Active,,1112.93,2,2,21
C-31254,Northgate,1,75+,English,Resident with family,2021-07-24,Active,,519.33,0,2,2
C-31255,Weybridge,3,30-44,Other,No fixed abode,2023-11-23,Active,,1136.45,1,4,9
C-31256,Weybridge,1,18-29,English,Social tenancy,2021-05-21,Active,,681.26,1,2,16
C-31257,Weybridge,4,30-44,English,Owner-occupier,2022-02-07,Active,,1294.63,1,0,23
C-31258,Calder Central,3,30-44,English,Social tenancy,2024-08-20,Active,,1138.29,0,0,3
C-31259,Calder Central,3,30-44,English,Private tenancy,2021-09-13,Active,,654.32,1,3,5
C-31260,Ash Hill,4,45-59,English,Social tenancy,2022-05-20,Active,,885.3,0,1,23
C-31261,Weybridge,1,45-59,English,Owner-occupier,2022-10-13,Suspended,,523.59,2,0,6
C-31262,Northgate,2,60-74,Spanish,No fixed abode,2024-10-21,Active,,710.01,3,3,17
C-31263,Ash Hill,1,30-44,English,Owner-occupier,2022-07-26,Active,,467.05,0,2,8
C-31264,Northgate,3,75+,English,Private tenancy,2025-02-14,Active,,823.54,0,3,6
C-31265,Calder Central,1,18-29,English,Resident with family,2021-09-06,Active,,692.24,0,2,17
C-31266,Northgate,4,60-74,English,Private tenancy,2024-10-13,Active,,1045.48,0,3,5
C-31267,Northgate,1,60-74,Other,Resident with family,2025-01-17,Active,,694.77,2,4,19
C-31268,Calder Central,3,30-44,English,Social tenancy,2021-03-04,Active,,826.52,1,3,11
C-31269,Northgate,5,30-44,English,Resident with family,2021-06-14,Active,,923.39,1,3,22
C-31270,Calder Central,1,18-29,English,Social tenancy,2025-01-02,Active,,751.31,1,4,17
C-31271,Northgate,2,75+,English,No fixed abode,2023-08-31,Active,,751.55,0,2,7
C-31272,Calder Central,6,45-59,Spanish,Resident with family,2024-08-18,Active,,1658.47,2,4,16
C-31273,Calder Central,5,60-74,English,Private tenancy,2023-06-28,Active,,1369.18,0,1,9
C-31274,Northgate,1,18-29,English,Social tenancy,2023-08-26,Active,,693.83,0,2,3
C-31275,Northgate,4,60-74,Spanish,No fixed abode,2021-12-03,Active,,1116.71,1,7,1
C-31276,Ash Hill,4,75+,English,Social tenancy,2024-09-07,Suspended,,835.21,0,0,18
C-31277,Northgate,2,30-44,English,No fixed abode,2021-04-14,Active,,858.53,0,2,19
C-31278,Northgate,1,75+,Other,No fixed abode,2022-08-07,Active,,416.33,3,5,13
C-31279,Calder Central,1,18-29,Spanish,Private tenancy,2021-10-15,Active,,762.01,3,3,16
C-31280,Ash Hill,5,18-29,English,Owner-occupier,2023-05-30,Active,,939.01,0,4,19
C-31281,Weybridge,3,75+,Spanish,Social tenancy,2025-05-04,Active,,976.42,0,4,6
C-31282,Northgate,4,18-29,English,Private tenancy,2021-10-04,Active,,1042.86,1,2,19
C-31283,Weybridge,4,75+,English,Owner-occupier,2025-05-23,Active,,1210.05,1,1,23
C-31284,Northgate,3,18-29,English,Private tenancy,2022-11-26,Active,,1163.1,1,2,4
C-31285,Calder Central,1,45-59,Other,Owner-occupier,2022-10-15,Active,,497.54,2,6,21
C-31286,Northgate,3,30-44,Spanish,Owner-occupier,2023-09-24,Active,,715.84,2,5,7
C-31287,Calder Central,4,45-59,English,Resident with family,2024-03-31,Suspended,,1194.31,1,1,22
C-31288,Northgate,3,30-44,English,No fixed abode,2021-04-11,Active,,1005.26,1,0,22
C-31289,Northgate,2,30-44,English,Social tenancy,2024-03-09,Active,,752.31,2,4,17
C-31290,Northgate,2,30-44,English,Social tenancy,2022-03-06,Active,,882.03,0,1,22
C-31291,Weybridge,1,45-59,English,Resident with family,2021-11-23,Active,,561.15,1,4,22
C-31292,Calder Central,3,45-59,Spanish,Social tenancy,2022-08-27,Active,,690.07,2,2,4
C-31293,Northgate,1,60-74,English,Resident with family,2022-10-15,Active,,703.1,0,1,0
C-31294,Northgate,3,60-74,English,Social tenancy,2021-02-16,Active,,606.26,1,1,8
C-31295,Calder Central,1,60-74,English,Resident with family,2023-05-16,Active,,643.13,1,1,8
C-31296,Weybridge,2,60-74,English,Social tenancy,2024-07-30,Active,,531.24,0,2,14
C-31297,Calder Central,3,45-59,English,Social tenancy,2023-08-11,Active,,817.07,0,1,12
C-31298,Ash Hill,4,30-44,Spanish,Private tenancy,2022-09-16,Active,,746.45,3,5,8
C-31299,Northgate,3,45-59,Spanish,No fixed abode,2022-01-08,Active,,1116.3,2,3,4
C-31300,Ash Hill,3,30-44,Spanish,Owner-occupier,2022-05-11,Active,,682.61,2,4,22
C-31301,Northgate,2,45-59,English,Social tenancy,2023-09-12,Active,,984.51,0,2,16
C-31302,Northgate,3,45-59,English,Resident with family,2022-08-01,Active,,824.26,1,3,3
C-31303,Northgate,3,18-29,Other,No fixed abode,2021-08-30,Active,,748.68,2,5,21
C-31304,Ash Hill,1,60-74,Spanish,Resident with family,2022-07-10,Active,,693.87,1,3,11
C-31305,Calder Central,4,30-44,English,Owner-occupier,2021-12-07,Active,,1424.47,0,2,22
C-31306,Ash Hill,1,18-29,English,Resident with family,2021-05-30,Active,,533.12,0,1,15
C-31307,Northgate,4,30-44,English,Owner-occupier,2023-09-24,Active,,1030.62,0,3,18
C-31308,Ash Hill,3,45-59,English,No fixed abode,2024-08-26,Active,,633.62,1,2,16
C-31309,Weybridge,3,45-59,English,Resident with family,2022-06-21,Suspended,,784.66,1,1,21
C-31310,Calder Central,1,30-44,English,Owner-occupier,2023-03-28,Active,,401.38,0,1,13
C-31311,Weybridge,3,60-74,English,No fixed abode,2021-06-05,Active,,968.08,0,0,13
C-31312,Weybridge,2,18-29,English,Social tenancy,2022-12-17,Active,,579.53,2,3,1
C-31313,Ash Hill,1,60-74,Spanish,Resident with family,2021-10-11,Suspended,,394.08,2,2,15
C-31314,Northgate,1,45-59,English,Private tenancy,2023-01-23,Active,,416.81,1,2,13
C-31315,Ash Hill,3,45-59,Spanish,Owner-occupier,2021-07-17,Active,,1090.6,1,6,23
C-31316,Calder Central,2,45-59,Spanish,Social tenancy,2022-11-20,Active,,808.81,1,4,14
C-31317,Calder Central,4,45-59,English,Resident with family,2024-02-11,Active,,1023.91,2,0,2
C-31318,Calder Central,1,18-29,English,Private tenancy,2024-08-30,Active,,731.64,0,3,7
C-31319,Ash Hill,3,75+,English,No fixed abode,2022-05-15,Suspended,,917.74,2,2,9
C-31320,Calder Central,2,30-44,English,Social tenancy,2023-03-22,Active,,674.67,0,2,20
C-31321,Calder Central,3,45-59,English,Social tenancy,2025-06-04,Active,,974.37,1,1,22
C-31322,Weybridge,5,30-44,English,Social tenancy,2022-10-27,Active,,1079.59,2,0,6
C-31323,Weybridge,1,18-29,Other,Owner-occupier,2021-06-11,Active,,391.7,3,4,7
C-31324,Weybridge,2,75+,English,No fixed abode,2023-06-06,Closed,2025-11,954.01,1,2,12
C-31325,Calder Central,6,30-44,English,Owner-occupier,2024-01-16,Active,,907.03,2,1,14
C-31326,Ash Hill,1,18-29,English,Resident with family,2022-07-10,Active,,427.71,0,0,21
C-31327,Ash Hill,2,18-29,English,Owner-occupier,2022-02-03,Active,,862.77,1,1,16
C-31328,Northgate,1,45-59,English,Owner-occupier,2024-03-19,Active,,626.18,1,3,18
C-31329,Calder Central,3,45-59,Other,Social tenancy,2024-08-16,Active,,748.94,2,6,9
C-31330,Northgate,1,45-59,Spanish,No fixed abode,2023-11-22,Active,,704.0,4,8,23
C-31331,Northgate,1,60-74,English,Social tenancy,2024-10-26,Suspended,,754.24,0,2,4
C-31332,Calder Central,3,45-59,English,No fixed abode,2024-05-25,Active,,836.71,1,3,7
C-31333,Ash Hill,2,45-59,English,Private tenancy,2021-01-13,Closed,2025-12,770.7,0,0,22
C-31334,Calder Central,4,18-29,Spanish,Private tenancy,2022-12-14,Active,,1227.26,2,2,7
C-31335,Northgate,1,30-44,English,Resident with family,2024-10-31,Active,,429.65,2,2,15
C-31336,Calder Central,3,18-29,Other,Private tenancy,2022-02-10,Active,,675.14,1,5,9
C-31337,Weybridge,1,75+,English,Resident with family,2022-11-04,Active,,581.02,1,2,3
C-31338,Ash Hill,1,75+,Other,No fixed abode,2021-03-05,Active,,535.24,1,4,5
C-31339,Ash Hill,1,75+,English,No fixed abode,2025-02-01,Active,,762.49,1,1,3
C-31340,Weybridge,1,30-44,English,Resident with family,2024-04-19,Active,,424.99,0,2,9
C-31341,Calder Central,1,45-59,English,Owner-occupier,2021-08-29,Active,,643.0,0,1,7
C-31342,Calder Central,3,45-59,English,No fixed abode,2024-04-06,Suspended,,741.99,0,0,8
C-31343,Northgate,4,45-59,English,Social tenancy,2022-04-29,Active,,1149.12,1,1,1
C-31344,Calder Central,5,18-29,English,Resident with family,2025-02-23,Closed,2025-12,927.17,1,2,21
C-31345,Weybridge,4,18-29,Spanish,Social tenancy,2024-09-14,Active,,1171.36,3,2,23
C-31346,Weybridge,4,60-74,English,Resident with family,2021-11-07,Active,,1198.4,1,4,22
C-31347,Weybridge,3,45-59,Spanish,Owner-occupier,2023-12-16,Active,,924.18,2,4,9
C-31348,Weybridge,3,60-74,English,Private tenancy,2024-04-10,Active,,1055.38,2,5,0
C-31349,Weybridge,2,30-44,Other,No fixed abode,2025-04-18,Closed,2025-07,736.34,2,4,16
C-31350,Ash Hill,6,18-29,English,Owner-occupier,2021-06-30,Active,,1015.07,1,1,15
C-31351,Northgate,4,30-44,English,Private tenancy,2023-06-25,Active,,1114.57,3,2,2
C-31352,Weybridge,5,60-74,Other,Private tenancy,2024-11-29,Active,,1331.58,1,4,18
C-31353,Weybridge,3,30-44,English,No fixed abode,2022-08-13,Active,,994.52,1,3,4
C-31354,Calder Central,2,60-74,Spanish,Private tenancy,2022-10-17,Active,,1003.14,2,3,16
C-31355,Northgate,3,60-74,English,No fixed abode,2022-11-04,Active,,1002.06,1,3,3
C-31356,Calder Central,1,75+,Other,Resident with family,2025-02-01,Suspended,,380.51,1,7,6
C-31357,Calder Central,1,45-59,English,No fixed abode,2023-02-03,Active,,442.99,0,1,17
C-31358,Ash Hill,2,75+,Other,Social tenancy,2023-01-03,Active,,1020.62,2,4,22
C-31359,Northgate,3,60-74,English,Resident with family,2021-05-03,Active,,806.78,1,4,10
C-31360,Calder Central,1,30-44,Spanish,Resident with family,2022-10-12,Closed,2025-11,571.15,2,4,10
C-31361,Calder Central,4,75+,English,Owner-occupier,2023-07-13,Active,,1128.58,0,2,11
C-31362,Calder Central,2,45-59,Spanish,Resident with family,2022-07-25,Active,,1022.27,3,4,19
C-31363,Northgate,4,45-59,English,Resident with family,2023-07-16,Closed,2025-08,1272.29,2,3,21
C-31364,Weybridge,4,30-44,English,Social tenancy,2025-07-29,Active,,1319.28,0,4,19
C-31365,Northgate,2,18-29,English,Owner-occupier,2025-03-07,Active,,747.95,0,1,2
C-31366,Calder Central,1,45-59,English,Owner-occupier,2024-06-24,Active,,380.27,0,2,9
C-31367,Calder Central,4,30-44,English,Social tenancy,2024-03-21,Suspended,,1356.5,0,0,13
C-31368,Calder Central,1,45-59,English,Resident with family,2024-12-02,Active,,687.5,1,3,9
C-31369,Ash Hill,2,60-74,English,Social tenancy,2025-03-01,Active,,588.4,1,0,14
C-31370,Weybridge,2,45-59,English,Social tenancy,2024-12-20,Active,,793.5,1,2,5
C-31371,Ash Hill,2,60-74,English,Social tenancy,2023-01-15,Active,,639.43,0,3,4
C-31372,Ash Hill,2,60-74,English,Resident with family,2023-10-29,Active,,979.77,2,0,7
C-31373,Ash Hill,4,75+,English,Private tenancy,2023-06-02,Active,,1218.22,1,1,18
C-31374,Calder Central,2,30-44,English,No fixed abode,2023-09-13,Active,,530.56,2,0,22
C-31375,Calder Central,4,30-44,English,Owner-occupier,2023-03-28,Active,,917.38,0,3,1
C-31376,Calder Central,4,60-74,English,Owner-occupier,2022-04-19,Closed,2025-09,906.35,1,2,12
C-31377,Ash Hill,2,75+,English,Resident with family,2023-08-23,Active,,560.2,2,4,20
C-31378,Calder Central,1,18-29,Spanish,Private tenancy,2025-01-18,Active,,483.37,0,6,7
C-31379,Calder Central,3,45-59,English,Social tenancy,2021-03-05,Active,,1046.9,1,2,20
C-31380,Calder Central,6,60-74,English,No fixed abode,2023-12-12,Active,,1435.75,1,2,0
C-31381,Weybridge,2,30-44,English,Owner-occupier,2022-12-31,Active,,721.76,0,0,0
C-31382,Weybridge,1,30-44,English,No fixed abode,2025-03-26,Closed,2025-10,405.56,3,1,7
C-31383,Ash Hill,1,30-44,English,No fixed abode,2024-08-02,Active,,467.53,1,3,1
C-31384,Calder Central,2,30-44,English,No fixed abode,2024-07-15,Active,,875.42,1,1,9
C-31385,Ash Hill,6,30-44,English,No fixed abode,2023-11-11,Active,,1438.33,1,1,9
C-31386,Northgate,2,30-44,English,Social tenancy,2023-12-07,Active,,519.98,1,0,20
C-31387,Calder Central,6,30-44,Other,Owner-occupier,2022-05-25,Active,,1176.74,1,5,9
C-31388,Ash Hill,1,60-74,English,Resident with family,2021-04-06,Active,,486.65,2,2,5
C-31389,Ash Hill,1,45-59,English,No fixed abode,2023-11-18,Active,,709.2,0,2,12
C-31390,Calder Central,3,60-74,English,Social tenancy,2025-03-23,Active,,1162.69,1,2,15
C-31391,Calder Central,2,60-74,English,Resident with family,2024-11-08,Active,,796.05,1,2,6
C-31392,Calder Central,5,18-29,English,Private tenancy,2021-02-14,Active,,1325.07,1,2,19
C-31393,Ash Hill,1,30-44,English,Private tenancy,2022-11-17,Active,,554.14,0,2,6
C-31394,Northgate,3,60-74,English,Social tenancy,2024-03-17,Active,,623.56,1,3,10
C-31395,Ash Hill,1,18-29,English,Owner-occupier,2023-10-14,Active,,617.98,1,2,1
C-31396,Northgate,2,30-44,English,No fixed abode,2023-10-25,Active,,617.44,3,5,4
C-31397,Weybridge,3,60-74,English,Social tenancy,2023-11-14,Active,,742.01,0,2,11
C-31398,Calder Central,3,60-74,English,Resident with family,2024-06-05,Active,,688.36,1,3,19
C-31399,Weybridge,2,18-29,English,Owner-occupier,2024-11-10,Active,,794.89,0,4,15
C-31400,Northgate,1,45-59,English,No fixed abode,2024-02-24,Active,,681.16,1,2,6
C-31401,Calder Central,1,60-74,English,Social tenancy,2023-06-29,Active,,669.11,0,4,3
C-31402,Weybridge,6,75+,English,No fixed abode,2023-03-30,Active,,1084.07,0,0,8
C-31403,Northgate,1,45-59,English,Social tenancy,2021-05-15,Closed,2025-10,463.33,0,2,15
C-31404,Calder Central,1,60-74,English,No fixed abode,2024-09-27,Active,,556.32,0,1,18
C-31405,Northgate,1,18-29,English,No fixed abode,2021-05-03,Active,,622.63,2,5,22
C-31406,Northgate,1,30-44,English,Private tenancy,2025-06-22,Active,,403.96,0,0,14
C-31407,Calder Central,2,30-44,Spanish,Resident with family,2022-06-01,Active,,561.2,1,6,13
C-31408,Northgate,2,60-74,English,Private tenancy,2024-10-03,Active,,822.82,1,4,0
C-31409,Calder Central,1,45-59,English,Owner-occupier,2023-01-27,Active,,544.85,3,2,13
C-31410,Calder Central,1,60-74,English,Social tenancy,2022-04-28,Active,,680.25,0,0,0
C-31411,Calder Central,2,45-59,English,Private tenancy,2023-08-15,Active,,505.4,1,3,9
C-31412,Weybridge,1,75+,Spanish,No fixed abode,2023-10-31,Active,,453.58,1,4,1
C-31413,Ash Hill,6,30-44,English,Private tenancy,2025-08-07,Active,,950.85,1,2,3
C-31414,Weybridge,4,75+,English,Social tenancy,2024-06-18,Active,,717.63,0,1,5
C-31415,Weybridge,2,60-74,English,Social tenancy,2021-07-17,Active,,583.23,1,1,16
C-31416,Northgate,5,60-74,English,Social tenancy,2021-10-08,Active,,1245.73,0,4,9
C-31417,Ash Hill,5,45-59,English,Private tenancy,2024-08-30,Active,,1118.07,0,4,20
C-31418,Ash Hill,4,30-44,English,Social tenancy,2024-07-13,Active,,1358.34,1,2,15
C-31419,Ash Hill,3,30-44,Spanish,Resident with family,2021-06-28,Active,,825.22,2,2,21
C-31420,Ash Hill,2,30-44,English,No fixed abode,2021-10-19,Active,,639.82,0,1,19
C-31421,Weybridge,2,30-44,English,No fixed abode,2023-02-12,Active,,892.36,1,1,11
C-31422,Calder Central,1,45-59,English,Owner-occupier,2025-02-02,Active,,503.11,0,2,20
C-31423,Calder Central,2,60-74,English,Resident with family,2022-04-24,Active,,973.7,0,1,15
C-31424,Weybridge,4,60-74,English,Resident with family,2023-05-22,Active,,1050.68,3,1,3
C-31425,Northgate,2,30-44,English,Resident with family,2025-03-20,Active,,778.96,0,1,22
C-31426,Weybridge,2,18-29,Spanish,Social tenancy,2021-06-19,Active,,1000.42,1,3,22
C-31427,Calder Central,2,30-44,English,No fixed abode,2024-03-06,Active,,660.16,1,0,21
C-31428,Northgate,3,75+,English,Owner-occupier,2021-01-04,Active,,966.75,1,5,19
C-31429,Calder Central,4,30-44,Other,Owner-occupier,2024-03-14,Active,,801.55,0,2,6
C-31430,Northgate,1,30-44,English,Social tenancy,2022-02-23,Active,,408.08,2,1,15
C-31431,Calder Central,1,45-59,English,Owner-occupier,2022-03-21,Active,,760.27,2,0,11
C-31432,Northgate,2,45-59,English,Resident with family,2024-09-05,Active,,620.33,1,1,9
C-31433,Calder Central,2,75+,Spanish,No fixed abode,2023-10-11,Active,,567.96,1,1,18
C-31434,Calder Central,2,30-44,English,Private tenancy,2023-08-08,Active,,797.46,0,0,14
C-31435,Northgate,1,45-59,Spanish,Private tenancy,2024-12-09,Active,,533.63,2,4,10
C-31436,Northgate,2,30-44,English,Resident with family,2021-08-13,Active,,669.06,3,1,18
C-31437,Calder Central,4,30-44,English,No fixed abode,2021-12-17,Active,,1006.22,2,1,17
C-31438,Ash Hill,5,60-74,English,No fixed abode,2024-05-01,Active,,1454.68,2,1,10
C-31439,Weybridge,1,45-59,English,Owner-occupier,2024-07-16,Active,,762.36,0,1,6
C-31440,Weybridge,1,18-29,English,Social tenancy,2024-09-20,Active,,608.75,1,0,23
C-31441,Ash Hill,2,75+,English,Owner-occupier,2021-06-29,Active,,895.61,0,0,3
C-31442,Northgate,2,30-44,Other,Private tenancy,2025-05-31,Active,,722.73,1,3,10
C-31443,Calder Central,5,45-59,English,Owner-occupier,2024-05-24,Active,,1106.81,2,2,11
C-31444,Weybridge,3,45-59,English,Resident with family,2024-05-25,Active,,635.95,0,0,4
C-31445,Calder Central,2,30-44,English,No fixed abode,2022-01-24,Active,,734.05,2,3,6
C-31446,Ash Hill,1,75+,English,No fixed abode,2022-11-13,Closed,2025-08,445.18,0,3,9
C-31447,Calder Central,1,60-74,English,Owner-occupier,2021-12-06,Active,,575.63,0,1,22
C-31448,Calder Central,1,45-59,English,Private tenancy,2025-08-28,Active,,423.5,0,4,2
C-31449,Northgate,3,45-59,English,No fixed abode,2022-01-30,Suspended,,848.73,1,2,9
C-31450,Calder Central,1,45-59,Other,Resident with family,2023-12-08,Active,,591.75,1,4,16
C-31451,Calder Central,1,18-29,English,No fixed abode,2025-08-12,Active,,589.08,1,3,21
C-31452,Northgate,4,45-59,English,Private tenancy,2024-10-10,Closed,2025-09,1144.43,2,2,13
C-31453,Weybridge,6,18-29,English,Private tenancy,2022-08-06,Active,,1471.08,1,2,22
C-31454,Northgate,1,60-74,English,Private tenancy,2023-12-19,Active,,516.72,1,2,22
C-31455,Weybridge,1,45-59,English,No fixed abode,2023-11-30,Active,,768.09,0,1,13
C-31456,Calder Central,3,60-74,English,Owner-occupier,2025-07-18,Active,,1103.86,0,1,23
C-31457,Northgate,5,60-74,English,Owner-occupier,2023-12-17,Active,,875.26,1,1,3
C-31458,Weybridge,2,30-44,English,Resident with family,2022-05-28,Active,,1009.54,0,1,13
C-31459,Northgate,1,75+,Spanish,No fixed abode,2023-01-31,Active,,736.32,2,4,6
C-31460,Weybridge,2,18-29,English,Owner-occupier,2023-05-03,Active,,532.87,0,2,23
C-31461,Calder Central,1,60-74,Spanish,Private tenancy,2025-02-21,Active,,729.77,0,5,3
C-31462,Calder Central,2,45-59,Spanish,Resident with family,2025-02-06,Active,,586.07,1,2,8
C-31463,Northgate,1,60-74,English,Private tenancy,2025-03-16,Active,,668.83,2,1,6
C-31464,Calder Central,2,75+,English,Resident with family,2024-06-15,Active,,796.99,0,2,16
C-31465,Northgate,3,45-59,Other,Owner-occupier,2021-05-22,Active,,1166.58,2,8,23
C-31466,Northgate,1,18-29,Spanish,Private tenancy,2023-07-18,Active,,670.51,2,4,20
C-31467,Calder Central,1,30-44,English,Resident with family,2024-06-16,Active,,389.46,1,3,17
C-31468,Weybridge,1,18-29,Other,Private tenancy,2022-03-30,Active,,586.94,3,6,15
C-31469,Northgate,2,45-59,English,No fixed abode,2022-04-24,Active,,844.43,0,0,11
C-31470,Calder Central,4,30-44,Spanish,No fixed abode,2025-04-11,Active,,965.64,3,3,3
C-31471,Calder Central,4,18-29,English,Owner-occupier,2022-12-17,Active,,955.01,0,5,23
C-31472,Weybridge,1,18-29,English,Social tenancy,2023-11-28,Active,,766.32,0,3,16
C-31473,Ash Hill,2,60-74,Spanish,Private tenancy,2021-12-16,Active,,589.24,0,4,8
C-31474,Calder Central,1,30-44,English,Owner-occupier,2024-08-02,Suspended,,750.98,2,3,10
C-31475,Ash Hill,2,60-74,English,Social tenancy,2023-03-25,Active,,867.17,0,6,1
C-31476,Northgate,1,60-74,English,Private tenancy,2021-03-14,Suspended,,396.24,0,2,5
C-31477,Calder Central,2,30-44,English,Social tenancy,2021-07-15,Active,,854.68,0,3,0
C-31478,Weybridge,1,18-29,Other,No fixed abode,2022-02-20,Active,,644.61,1,6,2
C-31479,Northgate,4,30-44,English,No fixed abode,2023-02-21,Active,,1057.05,1,2,0
C-31480,Weybridge,3,75+,English,Social tenancy,2024-12-05,Active,,766.86,2,2,14
C-31481,Northgate,1,30-44,English,No fixed abode,2023-10-10,Active,,536.65,0,2,13
C-31482,Weybridge,3,60-74,English,Social tenancy,2025-03-21,Active,,613.35,0,1,1
C-31483,Weybridge,5,45-59,Other,No fixed abode,2024-02-22,Active,,1018.75,1,3,8
C-31484,Ash Hill,2,30-44,English,Private tenancy,2024-08-04,Active,,627.55,1,1,12
C-31485,Northgate,2,30-44,English,Owner-occupier,2021-06-04,Active,,865.63,1,4,13
C-31486,Northgate,5,75+,English,Private tenancy,2024-06-10,Active,,1432.63,0,0,6
C-31487,Weybridge,1,18-29,Other,Private tenancy,2021-05-11,Suspended,,690.28,1,3,4
C-31488,Northgate,3,30-44,English,Owner-occupier,2025-02-28,Active,,1020.64,1,0,20
C-31489,Weybridge,3,60-74,English,Social tenancy,2023-10-30,Active,,1099.56,0,4,5
C-31490,Weybridge,2,45-59,English,No fixed abode,2023-09-10,Active,,1024.01,0,2,21
C-31491,Calder Central,1,60-74,English,Resident with family,2024-08-03,Active,,642.09,1,1,0
C-31492,Weybridge,3,75+,Other,Private tenancy,2021-04-28,Active,,873.05,1,4,4
C-31493,Northgate,1,30-44,English,No fixed abode,2025-07-23,Active,,637.37,2,0,12
C-31494,Northgate,3,60-74,English,Private tenancy,2022-01-27,Active,,875.39,1,0,21
C-31495,Calder Central,2,45-59,English,No fixed abode,2023-06-09,Active,,1031.54,0,1,11
C-31496,Weybridge,2,30-44,English,Owner-occupier,2023-02-23,Active,,982.79,1,2,0
C-31497,Ash Hill,2,18-29,English,Owner-occupier,2025-03-06,Active,,594.53,2,3,8
C-31498,Calder Central,3,75+,Other,Social tenancy,2023-11-04,Active,,924.9,3,3,10
C-31499,Calder Central,2,60-74,English,Social tenancy,2022-09-30,Active,,616.26,0,2,8
C-31500,Calder Central,1,45-59,Spanish,No fixed abode,2023-05-30,Active,,507.48,0,4,19
C-31501,Weybridge,4,45-59,English,Private tenancy,2025-01-31,Active,,1061.84,2,0,7
C-31502,Northgate,3,60-74,English,Resident with family,2022-09-16,Active,,739.61,0,1,7
C-31503,Northgate,1,45-59,English,Owner-occupier,2021-12-09,Active,,684.04,1,5,3
C-31504,Ash Hill,1,45-59,English,Private tenancy,2024-09-28,Suspended,,467.38,0,2,15
C-31505,Calder Central,1,30-44,English,Social tenancy,2023-10-17,Active,,599.95,3,1,5
C-31506,Weybridge,3,75+,English,No fixed abode,2021-08-14,Active,,709.81,1,2,2
C-31507,Weybridge,3,75+,Spanish,Resident with family,2022-07-11,Active,,1234.05,1,3,11
C-31508,Northgate,3,18-29,English,Private tenancy,2023-07-14,Active,,868.21,2,3,19
C-31509,Northgate,2,30-44,English,No fixed abode,2022-02-22,Active,,1004.94,3,2,1
C-31510,Northgate,3,30-44,English,Resident with family,2022-10-19,Active,,1064.9,1,5,12
C-31511,Weybridge,2,30-44,English,No fixed abode,2022-04-10,Active,,573.99,1,2,8
C-31512,Ash Hill,5,60-74,Other,Resident with family,2022-05-14,Active,,1636.61,2,6,3
C-31513,Weybridge,2,75+,English,Social tenancy,2021-02-16,Active,,794.42,1,0,13
C-31514,Calder Central,4,45-59,English,Resident with family,2023-10-31,Active,,853.21,0,2,17
C-31515,Calder Central,5,18-29,English,Owner-occupier,2024-08-21,Active,,1492.4,2,2,12
C-31516,Calder Central,1,45-59,English,Resident with family,2021-01-24,Active,,569.72,1,1,17
C-31517,Northgate,4,18-29,English,Social tenancy,2023-12-19,Active,,973.33,1,3,5
C-31518,Calder Central,1,30-44,English,Resident with family,2021-02-04,Active,,460.21,1,3,16
C-31519,Ash Hill,6,60-74,English,Social tenancy,2022-08-23,Active,,1107.71,2,3,18
C-31520,Ash Hill,1,60-74,English,Owner-occupier,2022-04-05,Active,,625.98,0,0,23
C-31521,Calder Central,2,45-59,Other,Owner-occupier,2022-09-23,Active,,663.47,3,6,19
C-31522,Weybridge,3,30-44,Other,Owner-occupier,2021-08-23,Active,,1035.53,3,2,0
C-31523,Ash Hill,3,30-44,Spanish,Social tenancy,2025-01-21,Active,,612.01,0,4,13
C-31524,Ash Hill,6,45-59,English,Social tenancy,2024-06-05,Active,,1116.29,0,2,4
C-31525,Ash Hill,4,60-74,English,Private tenancy,2021-08-06,Active,,1009.06,0,2,18
C-31526,Weybridge,1,45-59,Other,Social tenancy,2021-03-13,Active,,605.26,3,5,12
C-31527,Northgate,4,60-74,English,Social tenancy,2022-10-18,Active,,816.85,0,0,5
C-31528,Northgate,1,18-29,Spanish,Resident with family,2023-05-20,Active,,438.1,1,4,4
C-31529,Ash Hill,3,45-59,English,Social tenancy,2025-02-01,Active,,1059.14,3,3,12
C-31530,Calder Central,2,60-74,English,Owner-occupier,2025-01-02,Active,,764.35,4,2,19
C-31531,Calder Central,2,60-74,English,Owner-occupier,2024-04-05,Active,,706.04,2,0,19
C-31532,Weybridge,6,18-29,English,Resident with family,2022-07-08,Active,,929.03,1,1,15
C-31533,Calder Central,2,45-59,Spanish,No fixed abode,2022-10-22,Active,,595.28,2,4,17
C-31534,Northgate,5,45-59,English,Owner-occupier,2021-10-10,Closed,2025-11,876.95,2,1,9
C-31535,Northgate,5,18-29,English,Private tenancy,2021-06-22,Active,,1519.48,0,2,0
C-31536,Calder Central,1,45-59,English,Private tenancy,2023-11-15,Active,,726.19,0,3,0
C-31537,Weybridge,1,30-44,English,No fixed abode,2022-05-12,Active,,539.97,0,2,1
C-31538,Weybridge,3,30-44,English,Owner-occupier,2024-10-17,Active,,852.26,1,2,6
C-31539,Northgate,3,30-44,English,Social tenancy,2024-09-21,Active,,1210.5,0,2,14
C-31540,Weybridge,5,75+,English,Social tenancy,2023-03-18,Active,,1368.34,2,3,15
C-31541,Northgate,1,45-59,English,Resident with family,2021-12-14,Active,,484.52,0,0,20
C-31542,Calder Central,1,75+,English,Owner-occupier,2021-06-23,Active,,586.3,2,2,6
C-31543,Calder Central,3,45-59,Other,Owner-occupier,2022-12-19,Active,,835.71,1,3,20
C-31544,Weybridge,3,60-74,Spanish,Resident with family,2024-11-04,Active,,903.36,2,5,9
C-31545,Calder Central,3,45-59,Spanish,Private tenancy,2023-08-07,Active,,1189.75,1,3,16
C-31546,Ash Hill,4,60-74,English,Owner-occupier,2024-05-08,Active,,762.12,1,2,5
C-31547,Calder Central,1,30-44,English,No fixed abode,2021-07-29,Active,,573.35,0,1,13
C-31548,Weybridge,3,30-44,English,Owner-occupier,2023-12-04,Active,,918.62,2,2,6
C-31549,Ash Hill,2,60-74,English,No fixed abode,2021-10-14,Active,,655.49,2,3,15
C-31550,Weybridge,1,18-29,English,Resident with family,2021-03-23,Active,,556.82,1,4,7
C-31551,Weybridge,2,45-59,English,Resident with family,2024-08-15,Active,,1018.09,2,3,14
C-31552,Northgate,1,75+,English,Owner-occupier,2022-01-06,Active,,615.09,0,0,22
C-31553,Ash Hill,1,18-29,English,No fixed abode,2024-12-11,Active,,380.87,1,2,22
C-31554,Weybridge,1,45-59,English,Owner-occupier,2021-08-08,Active,,493.14,1,2,22
C-31555,Calder Central,1,60-74,English,No fixed abode,2022-04-06,Active,,442.98,0,0,18
C-31556,Northgate,2,30-44,Spanish,No fixed abode,2021-08-01,Active,,841.86,0,4,1
C-31557,Northgate,4,60-74,English,Social tenancy,2022-05-15,Closed,2025-07,1009.98,4,0,11
C-31558,Northgate,1,30-44,English,Resident with family,2024-04-13,Active,,585.07,0,0,9
C-31559,Ash Hill,5,60-74,Other,Social tenancy,2021-10-07,Active,,952.3,1,6,7
C-31560,Calder Central,1,60-74,English,No fixed abode,2024-05-16,Active,,465.35,1,0,2
C-31561,Calder Central,2,45-59,English,Private tenancy,2024-06-28,Active,,666.68,0,2,23
C-31562,Calder Central,2,18-29,Spanish,Owner-occupier,2023-06-28,Active,,637.23,2,4,21
C-31563,Calder Central,4,18-29,English,Owner-occupier,2022-04-20,Closed,2025-09,1287.66,1,1,8
C-31564,Weybridge,3,18-29,Spanish,Owner-occupier,2022-09-20,Active,,696.3,2,6,22
C-31565,Weybridge,3,75+,English,Owner-occupier,2022-06-24,Closed,2025-11,820.12,0,1,10
C-31566,Weybridge,1,18-29,English,Social tenancy,2021-08-26,Active,,679.8,1,4,13
C-31567,Calder Central,3,45-59,English,Owner-occupier,2022-01-27,Active,,768.28,0,3,13
C-31568,Northgate,2,75+,English,Private tenancy,2025-03-27,Active,,925.97,1,1,2
C-31569,Northgate,1,30-44,Spanish,No fixed abode,2025-08-07,Active,,727.06,4,4,4
C-31570,Weybridge,4,60-74,English,No fixed abode,2025-05-20,Active,,731.4,0,0,7
C-31571,Weybridge,1,30-44,English,No fixed abode,2024-09-30,Suspended,,493.46,0,1,9
C-31572,Northgate,2,60-74,Spanish,No fixed abode,2022-12-09,Active,,799.93,1,5,2
C-31573,Weybridge,1,45-59,English,Social tenancy,2022-04-25,Active,,570.22,1,0,1
C-31574,Calder Central,3,18-29,English,Owner-occupier,2024-06-08,Active,,750.55,1,2,14
C-31575,Weybridge,5,45-59,English,Social tenancy,2025-08-18,Active,,1065.0,0,3,5
C-31576,Calder Central,1,45-59,Other,Resident with family,2025-05-14,Active,,489.94,2,3,15
C-31577,Calder Central,2,60-74,English,Social tenancy,2024-02-14,Active,,1010.26,0,0,3
C-31578,Northgate,1,30-44,English,No fixed abode,2021-11-15,Active,,542.56,0,2,22
C-31579,Calder Central,4,45-59,English,Private tenancy,2021-09-16,Active,,1283.39,0,1,1
C-31580,Calder Central,2,45-59,English,No fixed abode,2022-01-29,Active,,849.55,1,1,14
C-31581,Ash Hill,1,30-44,English,Social tenancy,2022-12-03,Active,,746.71,1,1,16
C-31582,Northgate,5,30-44,English,Private tenancy,2025-06-03,Active,,988.13,3,0,13
C-31583,Northgate,1,75+,English,Private tenancy,2024-11-17,Active,,550.17,0,2,5
C-31584,Calder Central,1,60-74,English,Private tenancy,2023-10-05,Active,,702.87,1,3,1
C-31585,Weybridge,1,45-59,English,Resident with family,2024-07-02,Active,,738.08,2,1,17
C-31586,Calder Central,4,75+,English,Private tenancy,2021-03-30,Active,,1027.8,1,4,19
C-31587,Weybridge,3,45-59,Other,Resident with family,2023-09-28,Active,,713.82,3,2,17
C-31588,Calder Central,3,18-29,English,No fixed abode,2021-02-13,Active,,770.95,2,2,3
C-31589,Northgate,2,45-59,Spanish,Private tenancy,2022-05-06,Active,,733.44,3,3,11
C-31590,Northgate,2,60-74,Spanish,Owner-occupier,2023-10-01,Active,,1000.19,2,2,4
C-31591,Calder Central,2,45-59,Other,Social tenancy,2022-07-10,Active,,966.89,2,6,6
C-31592,Ash Hill,3,60-74,English,Social tenancy,2023-02-05,Active,,702.88,0,3,4
C-31593,Ash Hill,2,45-59,English,No fixed abode,2025-04-23,Active,,555.33,2,0,10
C-31594,Northgate,1,18-29,English,Private tenancy,2023-10-28,Active,,731.85,0,2,17
C-31595,Ash Hill,3,18-29,English,Owner-occupier,2025-01-11,Active,,896.25,0,3,3
C-31596,Calder Central,2,60-74,English,Resident with family,2025-02-10,Active,,1005.86,0,2,16
C-31597,Northgate,1,30-44,English,Owner-occupier,2023-08-07,Active,,644.83,1,0,8
C-31598,Calder Central,6,75+,Other,No fixed abode,2021-10-09,Active,,1523.23,1,3,23
C-31599,Calder Central,1,75+,Other,Social tenancy,2024-04-20,Active,,444.18,0,3,3
C-31600,Calder Central,2,18-29,English,Resident with family,2023-08-08,Active,,676.74,1,2,0
C-31601,Weybridge,2,18-29,English,Resident with family,2021-11-18,Suspended,,509.12,2,1,5
C-31602,Weybridge,4,18-29,English,Private tenancy,2023-06-20,Active,,988.41,1,0,5
C-31603,Calder Central,1,30-44,English,Private tenancy,2021-01-07,Active,,532.5,0,0,13
C-31604,Northgate,2,30-44,English,Owner-occupier,2024-08-22,Closed,2025-07,571.68,0,1,15
C-31605,Weybridge,2,18-29,English,No fixed abode,2025-01-20,Active,,857.68,0,3,5
C-31606,Calder Central,2,45-59,English,Resident with family,2022-02-02,Active,,513.7,0,1,14
C-31607,Ash Hill,5,18-29,English,Resident with family,2024-10-01,Active,,1387.11,1,0,16
C-31608,Calder Central,3,18-29,English,Resident with family,2025-07-19,Active,,725.25,1,2,3
C-31609,Calder Central,5,18-29,English,Social tenancy,2021-10-08,Active,,844.59,1,2,11
C-31610,Ash Hill,5,18-29,English,No fixed abode,2023-02-03,Active,,870.52,0,2,19
C-31611,Ash Hill,1,18-29,English,Private tenancy,2024-09-10,Active,,391.4,1,3,18
C-31612,Weybridge,2,60-74,English,Social tenancy,2022-09-21,Suspended,,939.01,0,0,15
C-31613,Ash Hill,4,45-59,English,Private tenancy,2023-10-01,Active,,1315.59,0,1,20
C-31614,Calder Central,1,30-44,English,No fixed abode,2025-05-17,Active,,759.84,1,2,14
C-31615,Northgate,4,30-44,English,Resident with family,2022-03-08,Closed,2025-11,862.83,0,0,15
C-31616,Weybridge,2,45-59,Spanish,Resident with family,2022-02-14,Active,,612.49,2,4,22
C-31617,Calder Central,1,18-29,English,Owner-occupier,2025-05-23,Active,,554.79,1,1,6
C-31618,Northgate,5,18-29,English,Resident with family,2023-04-06,Closed,2025-10,1337.0,0,0,4
C-31619,Calder Central,4,60-74,Other,Owner-occupier,2024-12-11,Active,,981.9,2,5,22
C-31620,Northgate,3,18-29,English,Private tenancy,2022-07-17,Active,,675.46,0,3,1
C-31621,Weybridge,1,18-29,Spanish,Private tenancy,2024-05-22,Active,,714.09,2,4,21
C-31622,Calder Central,5,45-59,English,Social tenancy,2022-07-04,Active,,1138.21,0,0,9
C-31623,Ash Hill,1,75+,English,Social tenancy,2023-01-26,Active,,755.83,2,0,10
C-31624,Calder Central,3,75+,English,Resident with family,2023-10-25,Suspended,,889.24,3,3,20
C-31625,Calder Central,1,18-29,English,Owner-occupier,2022-06-04,Active,,398.91,0,1,10
C-31626,Northgate,1,60-74,English,No fixed abode,2023-03-07,Active,,580.94,1,0,8
C-31627,Weybridge,3,45-59,English,Owner-occupier,2023-01-31,Active,,910.75,1,3,14
C-31628,Calder Central,2,30-44,English,Owner-occupier,2021-12-02,Suspended,,558.85,0,4,11
C-31629,Calder Central,2,60-74,English,Social tenancy,2023-05-14,Active,,628.24,2,2,22
C-31630,Calder Central,1,45-59,Spanish,Owner-occupier,2021-11-04,Active,,382.83,3,5,5
C-31631,Ash Hill,1,45-59,English,Owner-occupier,2022-12-29,Active,,684.1,1,1,23
C-31632,Weybridge,1,30-44,English,No fixed abode,2024-11-10,Active,,597.09,2,2,0
C-31633,Calder Central,3,18-29,English,Private tenancy,2022-05-12,Active,,884.45,1,5,17
C-31634,Calder Central,3,60-74,English,Private tenancy,2022-06-22,Active,,620.58,1,2,12
C-31635,Calder Central,3,60-74,English,Private tenancy,2023-09-02,Active,,904.55,1,3,21
C-31636,Calder Central,2,75+,Spanish,Social tenancy,2021-09-08,Active,,560.52,3,5,18
C-31637,Ash Hill,2,18-29,English,No fixed abode,2025-07-06,Suspended,,519.2,0,0,14
C-31638,Calder Central,2,45-59,English,Social tenancy,2021-07-16,Active,,968.49,0,0,17
C-31639,Northgate,2,18-29,English,Social tenancy,2024-12-31,Active,,673.58,1,2,22
C-31640,Ash Hill,3,30-44,Other,No fixed abode,2025-08-13,Active,,742.3,2,4,8
C-31641,Calder Central,1,18-29,Other,No fixed abode,2024-10-03,Active,,576.32,1,3,13
C-31642,Calder Central,1,45-59,Spanish,Private tenancy,2021-10-09,Active,,551.36,2,3,18
C-31643,Calder Central,2,45-59,English,Owner-occupier,2021-12-24,Active,,643.43,1,2,4
C-31644,Ash Hill,3,45-59,English,Resident with family,2023-07-12,Active,,715.03,1,3,23
C-31645,Weybridge,3,18-29,English,No fixed abode,2023-06-01,Active,,1034.89,1,0,3
C-31646,Calder Central,5,45-59,Spanish,Private tenancy,2022-09-01,Active,,1314.25,2,3,3
C-31647,Northgate,2,75+,English,No fixed abode,2021-02-21,Active,,619.41,1,2,4
C-31648,Calder Central,5,18-29,English,No fixed abode,2024-09-14,Active,,957.44,2,1,18
C-31649,Northgate,3,30-44,English,No fixed abode,2024-07-07,Active,,1034.65,1,1,13
C-31650,Weybridge,5,60-74,Spanish,Resident with family,2022-12-17,Active,,1410.85,1,3,21
C-31651,Calder Central,2,30-44,English,Private tenancy,2023-09-07,Active,,958.01,0,2,20
C-31652,Weybridge,3,30-44,English,Social tenancy,2022-10-20,Active,,744.22,1,2,9
C-31653,Weybridge,2,75+,English,Social tenancy,2024-11-30,Active,,754.52,0,1,14
C-31654,Weybridge,3,45-59,English,No fixed abode,2024-08-17,Active,,758.8,0,2,11
C-31655,Calder Central,4,30-44,English,No fixed abode,2024-07-21,Active,,1113.44,2,4,18
C-31656,Northgate,2,60-74,Other,Resident with family,2023-11-17,Active,,784.84,1,5,0
C-31657,Northgate,2,45-59,Spanish,Private tenancy,2023-12-23,Active,,761.13,3,6,3
C-31658,Weybridge,1,30-44,English,Resident with family,2023-12-20,Active,,541.33,1,1,0
C-31659,Calder Central,1,60-74,English,Private tenancy,2024-01-23,Active,,494.26,2,2,13
C-31660,Ash Hill,5,75+,English,Resident with family,2021-07-04,Active,,1559.06,1,2,13
C-31661,Northgate,1,30-44,Spanish,No fixed abode,2022-02-20,Closed,2025-08,530.92,2,3,22
C-31662,Weybridge,1,60-74,English,Owner-occupier,2021-03-27,Active,,559.46,0,3,2
C-31663,Northgate,1,45-59,English,No fixed abode,2021-06-29,Active,,608.26,0,1,6
C-31664,Calder Central,1,60-74,Other,Private tenancy,2023-09-08,Active,,446.78,1,5,12
C-31665,Weybridge,1,30-44,English,Social tenancy,2022-12-12,Active,,591.49,2,4,14
C-31666,Ash Hill,5,45-59,English,Owner-occupier,2023-09-22,Active,,1443.23,1,0,17
C-31667,Northgate,1,45-59,English,No fixed abode,2022-02-16,Active,,495.17,0,2,16
C-31668,Ash Hill,3,60-74,English,No fixed abode,2023-06-07,Closed,2025-12,912.22,3,4,5
C-31669,Ash Hill,1,45-59,English,Resident with family,2022-07-03,Active,,609.73,1,3,17
C-31670,Northgate,3,45-59,English,Resident with family,2021-08-28,Active,,784.37,4,5,3
C-31671,Calder Central,2,30-44,English,Private tenancy,2022-11-25,Active,,746.24,1,2,17
C-31672,Northgate,3,30-44,English,Private tenancy,2021-02-08,Active,,1028.01,0,4,9
C-31673,Weybridge,1,30-44,English,Social tenancy,2022-11-20,Active,,739.27,1,2,3
C-31674,Calder Central,2,30-44,English,Owner-occupier,2022-04-05,Suspended,,909.11,1,0,19
C-31675,Weybridge,3,18-29,Other,Owner-occupier,2021-11-20,Active,,692.16,0,6,0
C-31676,Calder Central,1,18-29,English,Resident with family,2021-08-26,Active,,636.65,0,2,13
C-31677,Weybridge,2,18-29,Other,No fixed abode,2022-11-06,Active,,663.31,3,6,18
C-31678,Weybridge,3,60-74,English,Resident with family,2021-10-14,Active,,794.48,1,3,18
C-31679,Northgate,1,60-74,English,No fixed abode,2025-02-09,Active,,641.89,1,0,8
C-31680,Northgate,1,30-44,English,Resident with family,2024-08-26,Active,,672.54,1,0,13
C-31681,Northgate,6,60-74,English,No fixed abode,2022-10-16,Active,,1092.13,1,0,8
C-31682,Weybridge,1,60-74,Other,Resident with family,2021-03-21,Active,,697.47,2,5,11
C-31683,Northgate,2,30-44,English,Private tenancy,2024-10-27,Suspended,,825.31,0,2,22
C-31684,Weybridge,3,75+,English,Social tenancy,2021-12-11,Active,,949.26,1,3,4
C-31685,Northgate,1,75+,English,No fixed abode,2023-03-10,Active,,680.1,0,3,2
C-31686,Weybridge,3,45-59,English,Social tenancy,2024-10-17,Active,,1234.26,0,3,22
C-31687,Calder Central,2,60-74,English,Resident with family,2022-12-28,Active,,530.42,0,2,18
C-31688,Calder Central,1,75+,English,Private tenancy,2021-01-31,Active,,505.07,1,3,12
C-31689,Calder Central,2,45-59,English,Owner-occupier,2023-10-10,Active,,742.39,2,2,12
C-31690,Weybridge,2,18-29,English,No fixed abode,2025-07-29,Active,,892.55,1,0,17
C-31691,Calder Central,3,60-74,English,Social tenancy,2025-03-04,Active,,805.88,0,1,21
C-31692,Weybridge,2,18-29,English,Social tenancy,2024-03-18,Active,,808.32,1,1,11
C-31693,Ash Hill,2,60-74,English,Private tenancy,2023-02-16,Active,,815.64,1,2,11
C-31694,Calder Central,2,45-59,English,No fixed abode,2023-02-19,Active,,874.96,0,1,20
C-31695,Ash Hill,3,45-59,English,Social tenancy,2025-02-05,Active,,601.22,2,1,5
C-31696,Ash Hill,2,30-44,English,No fixed abode,2024-06-08,Active,,998.21,0,3,2
C-31697,Ash Hill,5,30-44,English,Owner-occupier,2025-02-01,Active,,942.76,0,3,21
C-31698,Northgate,2,75+,English,Resident with family,2021-03-25,Active,,544.06,1,1,9
C-31699,Northgate,1,30-44,English,Social tenancy,2022-06-02,Closed,2025-08,592.76,1,1,2
C-31700,Calder Central,2,30-44,English,Owner-occupier,2023-01-01,Active,,540.22,2,0,1
C-31701,Calder Central,1,18-29,English,Social tenancy,2023-06-20,Active,,376.46,1,3,13
C-31702,Calder Central,1,60-74,English,Social tenancy,2022-12-11,Active,,655.22,0,3,20
C-31703,Weybridge,1,60-74,English,Private tenancy,2025-07-04,Active,,612.07,0,1,14
C-31704,Calder Central,2,45-59,English,Owner-occupier,2023-07-15,Active,,944.9,2,4,14
C-31705,Northgate,5,30-44,English,Resident with family,2023-07-26,Active,,1473.2,0,1,1
C-31706,Ash Hill,1,45-59,Spanish,Social tenancy,2024-10-07,Active,,535.09,2,4,6
C-31707,Calder Central,3,18-29,Spanish,Owner-occupier,2022-04-11,Suspended,,719.54,2,4,19
C-31708,Ash Hill,5,45-59,English,Social tenancy,2024-11-16,Active,,1381.84,2,0,20
C-31709,Ash Hill,3,18-29,English,No fixed abode,2021-12-10,Active,,1033.05,1,1,10
C-31710,Weybridge,3,18-29,English,Private tenancy,2024-02-20,Active,,1030.97,1,4,2
C-31711,Calder Central,1,18-29,English,Social tenancy,2024-09-16,Active,,559.21,0,0,11
C-31712,Weybridge,1,60-74,English,Owner-occupier,2023-01-04,Active,,561.24,1,1,16
C-31713,Calder Central,2,60-74,English,Owner-occupier,2022-04-29,Active,,752.95,1,5,8
C-31714,Weybridge,2,45-59,English,Social tenancy,2022-08-30,Active,,935.77,0,4,23
C-31715,Calder Central,2,30-44,English,Resident with family,2023-09-04,Active,,878.4,2,2,0
C-31716,Ash Hill,1,75+,English,Social tenancy,2021-11-06,Active,,724.46,1,1,11
C-31717,Weybridge,1,60-74,English,Social tenancy,2024-03-07,Active,,628.67,1,3,8
C-31718,Calder Central,3,45-59,Other,Resident with family,2025-07-07,Active,,885.22,2,4,11
C-31719,Weybridge,4,45-59,Spanish,Owner-occupier,2024-03-17,Active,,1402.39,1,4,1
C-31720,Ash Hill,3,45-59,Spanish,Private tenancy,2024-09-23,Active,,973.51,0,6,18
C-31721,Ash Hill,1,45-59,English,Private tenancy,2022-08-02,Active,,624.84,2,0,0
C-31722,Calder Central,1,60-74,English,Private tenancy,2025-02-19,Active,,469.93,1,3,10
C-31723,Ash Hill,3,75+,English,No fixed abode,2024-12-30,Active,,1001.31,0,1,23
C-31724,Calder Central,4,18-29,English,Private tenancy,2024-06-11,Active,,890.45,1,5,18
C-31725,Northgate,4,45-59,English,No fixed abode,2023-10-18,Active,,809.59,1,0,1
C-31726,Weybridge,1,75+,English,Resident with family,2021-07-14,Active,,508.12,0,2,3
C-31727,Calder Central,2,75+,English,Resident with family,2022-01-23,Active,,809.43,0,1,21
C-31728,Calder Central,1,45-59,English,Social tenancy,2024-09-04,Active,,689.26,0,0,22
C-31729,Ash Hill,1,45-59,Spanish,No fixed abode,2023-03-30,Active,,699.88,2,3,17
C-31730,Calder Central,2,60-74,English,Owner-occupier,2024-02-19,Active,,855.97,0,0,6
C-31731,Calder Central,4,18-29,English,No fixed abode,2024-08-02,Active,,889.14,2,3,7
C-31732,Weybridge,5,30-44,Other,No fixed abode,2025-05-22,Active,,1490.81,2,4,21
C-31733,Calder Central,4,30-44,English,Resident with family,2024-09-05,Active,,1337.27,0,0,21
C-31734,Northgate,1,30-44,English,Owner-occupier,2024-11-09,Suspended,,526.66,1,1,4
C-31735,Northgate,2,60-74,English,Resident with family,2021-11-21,Active,,679.17,1,0,0
C-31736,Weybridge,3,60-74,English,No fixed abode,2023-03-01,Active,,957.6,0,2,0
C-31737,Calder Central,1,18-29,Spanish,Social tenancy,2023-10-05,Active,,541.36,0,6,7
C-31738,Weybridge,2,45-59,English,Owner-occupier,2023-04-20,Active,,803.49,3,4,11
C-31739,Weybridge,1,45-59,Other,Resident with family,2021-07-09,Active,,678.69,2,4,18
C-31740,Northgate,1,60-74,English,Resident with family,2021-10-07,Active,,567.14,1,0,13
C-31741,Weybridge,3,18-29,English,Resident with family,2022-02-13,Active,,781.49,0,3,12
C-31742,Calder Central,3,60-74,English,Resident with family,2022-07-27,Active,,903.04,2,2,9
C-31743,Calder Central,2,45-59,English,Owner-occupier,2024-01-10,Active,,599.86,2,0,9
C-31744,Calder Central,2,18-29,English,Owner-occupier,2024-04-07,Active,,674.79,1,1,18
C-31745,Ash Hill,1,30-44,English,Social tenancy,2024-06-21,Active,,502.41,2,1,10
C-31746,Calder Central,4,60-74,English,Resident with family,2021-05-30,Active,,1161.78,2,2,20
C-31747,Calder Central,1,18-29,English,Owner-occupier,2022-11-03,Closed,2025-11,708.33,0,0,13
C-31748,Calder Central,2,45-59,English,Resident with family,2022-12-16,Active,,895.37,2,0,21
C-31749,Northgate,5,45-59,Spanish,No fixed abode,2021-01-21,Active,,1477.15,0,5,14
C-31750,Weybridge,3,45-59,English,No fixed abode,2025-02-10,Active,,930.18,0,2,8
C-31751,Calder Central,6,75+,English,Social tenancy,2023-05-11,Active,,1476.64,0,2,11
C-31752,Weybridge,3,45-59,English,No fixed abode,2024-05-13,Active,,1165.09,1,0,1
C-31753,Northgate,4,75+,English,No fixed abode,2023-03-13,Active,,1196.89,0,2,16
C-31754,Weybridge,3,45-59,English,Social tenancy,2024-10-09,Active,,864.97,1,2,8
C-31755,Weybridge,2,30-44,English,Private tenancy,2023-01-23,Active,,989.69,0,4,14
C-31756,Weybridge,2,60-74,English,Resident with family,2024-12-01,Suspended,,969.29,0,3,0
C-31757,Northgate,1,45-59,English,No fixed abode,2022-02-01,Active,,589.06,1,1,9
C-31758,Weybridge,2,30-44,English,Social tenancy,2025-06-30,Active,,794.5,0,3,10
C-31759,Ash Hill,1,45-59,English,No fixed abode,2022-12-16,Active,,699.92,0,0,9
C-31760,Calder Central,1,60-74,English,Owner-occupier,2023-09-25,Active,,558.37,0,0,14
C-31761,Calder Central,1,60-74,English,Private tenancy,2021-09-17,Suspended,,388.92,0,1,8
C-31762,Weybridge,1,60-74,English,Owner-occupier,2024-02-13,Suspended,,470.3,0,2,5
C-31763,Northgate,3,18-29,English,Social tenancy,2024-04-11,Active,,980.13,1,2,2
C-31764,Northgate,3,75+,Spanish,No fixed abode,2025-06-19,Active,,748.8,5,5,17
C-31765,Ash Hill,3,75+,English,No fixed abode,2021-11-10,Active,,1057.49,1,1,23
C-31766,Calder Central,1,45-59,English,Resident with family,2023-01-09,Active,,550.51,1,2,15
C-31767,Calder Central,1,45-59,English,Resident with family,2024-06-14,Active,,612.07,1,3,10
C-31768,Calder Central,4,30-44,English,Owner-occupier,2025-01-15,Active,,751.39,1,0,11
C-31769,Weybridge,3,45-59,English,Private tenancy,2023-04-26,Active,,1238.73,1,2,8
C-31770,Northgate,2,45-59,Spanish,Owner-occupier,2025-01-29,Active,,523.32,2,4,7
C-31771,Calder Central,6,45-59,English,Private tenancy,2025-03-06,Active,,1569.47,3,3,3
C-31772,Ash Hill,1,30-44,English,Owner-occupier,2025-05-20,Closed,2025-09,487.91,1,3,20
C-31773,Weybridge,3,45-59,English,Resident with family,2022-06-11,Active,,634.74,1,0,15
C-31774,Northgate,2,60-74,English,Resident with family,2021-04-09,Active,,674.38,0,1,0
C-31775,Weybridge,1,60-74,English,Private tenancy,2024-02-08,Active,,569.78,1,3,4
C-31776,Calder Central,3,18-29,English,Owner-occupier,2025-02-11,Active,,962.38,1,2,14
C-31777,Calder Central,1,45-59,English,Private tenancy,2024-06-06,Active,,670.13,0,3,14
C-31778,Northgate,2,60-74,Spanish,Social tenancy,2025-08-18,Active,,805.9,1,6,11
C-31779,Weybridge,3,18-29,Spanish,Private tenancy,2024-03-16,Active,,801.39,2,4,22
C-31780,Northgate,4,30-44,Other,No fixed abode,2021-10-18,Active,,1414.64,1,6,8
C-31781,Calder Central,1,60-74,English,Resident with family,2021-07-08,Active,,721.37,2,1,7
C-31782,Weybridge,1,75+,English,Social tenancy,2025-03-23,Active,,637.23,1,4,5
C-31783,Northgate,1,18-29,Other,Resident with family,2022-12-15,Suspended,,392.48,1,4,21
C-31784,Calder Central,4,30-44,English,No fixed abode,2025-02-17,Active,,725.03,0,0,16
C-31785,Northgate,3,30-44,English,Owner-occupier,2022-12-31,Active,,937.18,0,3,8
C-31786,Calder Central,2,18-29,English,No fixed abode,2022-09-19,Closed,2025-07,593.68,2,2,7
C-31787,Calder Central,3,60-74,Spanish,No fixed abode,2023-08-20,Active,,691.88,1,3,6
C-31788,Northgate,2,30-44,Other,Resident with family,2022-03-12,Active,,679.22,2,5,13
C-31789,Calder Central,3,18-29,English,No fixed abode,2022-01-29,Suspended,,1220.24,2,1,8
C-31790,Northgate,4,30-44,Spanish,Private tenancy,2024-11-02,Active,,1420.75,2,4,9
C-31791,Northgate,2,18-29,Spanish,Resident with family,2024-11-18,Active,,796.83,3,9,14
C-31792,Calder Central,5,60-74,Other,Resident with family,2023-05-23,Active,,1580.16,2,6,9
C-31793,Northgate,1,30-44,English,Resident with family,2022-04-09,Active,,645.42,0,3,2
C-31794,Northgate,2,60-74,English,No fixed abode,2024-01-14,Active,,529.79,0,1,5
C-31795,Northgate,1,30-44,English,No fixed abode,2023-11-06,Active,,752.86,1,0,2
C-31796,Weybridge,2,60-74,Spanish,Owner-occupier,2024-02-17,Active,,608.21,2,3,1
C-31797,Calder Central,4,30-44,English,Social tenancy,2024-05-29,Active,,1363.64,0,2,10
C-31798,Ash Hill,2,45-59,English,No fixed abode,2024-12-10,Active,,760.2,0,3,21
C-31799,Calder Central,2,75+,English,Resident with family,2024-03-17,Active,,605.29,0,2,14
C-31800,Ash Hill,3,60-74,English,No fixed abode,2021-10-09,Active,,835.18,2,3,9
C-31801,Weybridge,1,18-29,English,Resident with family,2023-10-05,Active,,510.36,0,1,8
C-31802,Calder Central,2,60-74,English,Resident with family,2022-07-18,Active,,820.04,1,4,4
C-31803,Calder Central,4,18-29,English,Resident with family,2024-05-16,Active,,1120.41,0,4,12
C-31804,Weybridge,1,45-59,English,No fixed abode,2022-06-23,Active,,726.18,4,4,21
C-31805,Calder Central,2,18-29,English,Owner-occupier,2021-04-25,Active,,978.06,0,2,4
C-31806,Weybridge,2,75+,Other,Resident with family,2021-08-24,Suspended,,876.18,1,4,10
C-31807,Northgate,2,60-74,English,Social tenancy,2023-05-09,Active,,648.6,1,2,3
C-31808,Weybridge,3,75+,English,Private tenancy,2023-12-27,Closed,2025-08,884.56,0,6,23
C-31809,Ash Hill,1,30-44,English,No fixed abode,2025-02-02,Active,,647.89,0,1,15
C-31810,Ash Hill,1,45-59,English,Owner-occupier,2021-09-09,Active,,601.99,0,5,21
C-31811,Northgate,4,18-29,English,No fixed abode,2023-07-21,Active,,1387.56,1,3,18
C-31812,Calder Central,1,45-59,English,Owner-occupier,2024-09-20,Active,,381.29,0,1,12
C-31813,Calder Central,1,30-44,English,Owner-occupier,2025-03-24,Active,,661.28,2,3,13
C-31814,Weybridge,1,45-59,English,Owner-occupier,2021-11-28,Active,,687.65,0,0,5
C-31815,Calder Central,2,45-59,English,Social tenancy,2025-06-17,Active,,620.33,1,2,9
C-31816,Ash Hill,2,30-44,English,No fixed abode,2024-05-18,Active,,652.02,0,4,5
C-31817,Ash Hill,1,30-44,English,Owner-occupier,2021-04-23,Closed,2025-09,713.49,0,0,17
C-31818,Calder Central,3,45-59,English,Resident with family,2022-11-24,Active,,1142.25,1,0,22
C-31819,Weybridge,2,30-44,Other,Social tenancy,2025-08-16,Active,,503.53,4,5,16
C-31820,Northgate,1,75+,English,Resident with family,2024-05-17,Active,,480.28,0,3,16
C-31821,Calder Central,2,45-59,English,Resident with family,2024-07-29,Active,,757.3,1,3,5
C-31822,Calder Central,3,60-74,Other,Social tenancy,2021-10-19,Active,,1074.11,1,6,12
C-31823,Weybridge,2,30-44,English,No fixed abode,2022-12-04,Active,,780.21,1,4,2
C-31824,Weybridge,2,30-44,Other,Owner-occupier,2022-03-18,Active,,713.59,3,2,19
C-31825,Ash Hill,5,75+,English,Resident with family,2023-08-19,Active,,896.44,1,0,23
C-31826,Northgate,1,30-44,English,Social tenancy,2021-04-14,Active,,531.73,1,0,4
C-31827,Northgate,3,18-29,English,No fixed abode,2024-10-23,Active,,1118.61,1,4,15
C-31828,Weybridge,5,30-44,English,No fixed abode,2025-02-14,Active,,1301.83,0,3,15
C-31829,Calder Central,2,18-29,English,Resident with family,2025-06-23,Active,,684.52,1,1,18
C-31830,Weybridge,3,60-74,Spanish,Social tenancy,2022-09-14,Suspended,,936.93,2,4,10
C-31831,Calder Central,3,45-59,English,Private tenancy,2023-03-07,Active,,612.68,2,3,21
C-31832,Calder Central,4,18-29,Other,Social tenancy,2021-10-19,Active,,715.45,3,3,8
C-31833,Calder Central,1,30-44,English,Private tenancy,2025-03-13,Active,,747.12,2,2,9
C-31834,Calder Central,3,60-74,English,Private tenancy,2022-04-27,Active,,1054.55,1,5,19
C-31835,Calder Central,4,45-59,Spanish,Social tenancy,2023-05-05,Active,,1371.22,2,5,7
C-31836,Northgate,1,45-59,English,No fixed abode,2022-02-01,Active,,683.42,2,2,14
C-31837,Calder Central,1,18-29,English,Private tenancy,2025-06-08,Active,,424.6,0,4,16
C-31838,Northgate,1,30-44,English,No fixed abode,2021-04-19,Active,,512.09,1,1,4
C-31839,Weybridge,1,30-44,Spanish,No fixed abode,2022-01-09,Active,,435.25,1,4,10
C-31840,Calder Central,1,18-29,English,Social tenancy,2024-01-07,Active,,444.41,0,3,7
C-31841,Calder Central,3,60-74,English,Private tenancy,2025-06-24,Active,,655.57,0,2,9
C-31842,Ash Hill,2,60-74,English,Private tenancy,2022-07-29,Active,,798.82,1,0,4
C-31843,Calder Central,4,18-29,English,Resident with family,2024-03-19,Active,,1327.8,0,2,2
C-31844,Calder Central,4,60-74,English,Resident with family,2021-11-04,Active,,1121.52,0,0,1
C-31845,Northgate,1,45-59,English,Owner-occupier,2021-08-20,Active,,716.62,0,0,20
C-31846,Weybridge,2,30-44,English,Owner-occupier,2024-03-30,Active,,947.09,2,1,3
C-31847,Northgate,5,60-74,English,Owner-occupier,2024-07-08,Active,,1259.09,0,0,9
C-31848,Weybridge,2,18-29,English,Resident with family,2021-09-08,Active,,1016.26,1,3,0
C-31849,Weybridge,4,45-59,English,Resident with family,2024-08-22,Active,,903.09,0,2,16
C-31850,Ash Hill,3,30-44,English,Resident with family,2024-01-23,Active,,1069.32,0,1,3
C-31851,Northgate,5,45-59,English,Owner-occupier,2024-01-28,Suspended,,1330.96,0,2,17
C-31852,Calder Central,4,30-44,Other,Owner-occupier,2024-08-21,Active,,1292.34,2,5,12
C-31853,Northgate,1,18-29,English,Social tenancy,2022-05-22,Closed,2025-08,458.61,0,1,9
C-31854,Calder Central,1,75+,English,Social tenancy,2025-04-28,Suspended,,549.43,0,3,23
C-31855,Ash Hill,2,60-74,English,Private tenancy,2022-12-28,Active,,961.85,1,1,13
C-31856,Northgate,1,30-44,English,No fixed abode,2025-05-26,Active,,544.54,2,0,10
C-31857,Ash Hill,1,45-59,English,Social tenancy,2022-11-23,Closed,2025-12,528.44,1,3,3
C-31858,Ash Hill,3,75+,English,Resident with family,2022-08-09,Active,,876.85,0,2,13
C-31859,Calder Central,3,60-74,English,Private tenancy,2023-08-15,Active,,809.16,2,4,18
C-31860,Weybridge,1,45-59,Other,Social tenancy,2021-10-01,Active,,714.48,4,7,20
C-31861,Weybridge,2,60-74,English,No fixed abode,2023-02-19,Active,,914.65,2,1,10
C-31862,Northgate,3,75+,English,Social tenancy,2022-06-16,Active,,1013.55,0,0,4
C-31863,Calder Central,4,18-29,Spanish,Owner-occupier,2021-08-14,Active,,1005.48,2,0,11
C-31864,Northgate,4,18-29,English,Social tenancy,2025-06-20,Active,,944.92,3,1,20
C-31865,Ash Hill,2,18-29,Spanish,No fixed abode,2023-12-23,Active,,698.13,1,5,0
C-31866,Ash Hill,4,45-59,English,Social tenancy,2021-07-03,Active,,1398.51,3,4,3
C-31867,Northgate,3,30-44,English,No fixed abode,2024-06-28,Active,,864.48,3,2,7
C-31868,Ash Hill,1,45-59,English,Resident with family,2024-03-30,Active,,524.41,1,2,14
C-31869,Weybridge,2,30-44,Other,Private tenancy,2022-04-18,Closed,2025-11,516.43,2,5,4
C-31870,Northgate,3,60-74,English,Social tenancy,2021-08-26,Active,,1227.27,2,0,3
C-31871,Weybridge,4,60-74,English,Owner-occupier,2022-08-06,Suspended,,1349.19,0,2,8
C-31872,Weybridge,1,30-44,English,Resident with family,2023-09-02,Active,,633.0,0,2,11
C-31873,Weybridge,1,45-59,Other,Private tenancy,2024-02-22,Active,,616.6,3,5,12
C-31874,Weybridge,4,60-74,English,Owner-occupier,2022-06-25,Active,,1257.11,1,1,20
C-31875,Ash Hill,4,75+,English,Social tenancy,2021-11-23,Active,,1327.86,0,0,10
C-31876,Weybridge,1,45-59,English,Owner-occupier,2022-11-19,Active,,718.89,0,3,20
C-31877,Weybridge,1,45-59,Other,Owner-occupier,2024-05-05,Active,,603.21,3,5,22
C-31878,Northgate,4,30-44,Spanish,Social tenancy,2025-08-24,Active,,926.23,1,3,4
C-31879,Ash Hill,5,60-74,English,Resident with family,2023-12-14,Active,,1604.49,0,0,19
C-31880,Calder Central,6,60-74,English,No fixed abode,2021-08-08,Active,,1335.1,0,0,13
C-31881,Weybridge,2,30-44,English,Owner-occupier,2023-12-07,Active,,928.38,2,3,19
C-31882,Northgate,4,60-74,English,Resident with family,2023-07-03,Active,,1192.18,0,3,8
C-31883,Calder Central,4,18-29,English,Social tenancy,2024-03-08,Active,,1260.31,3,2,22
C-31884,Northgate,3,75+,English,Social tenancy,2024-06-28,Active,,1073.97,0,1,18
C-31885,Calder Central,4,60-74,English,Social tenancy,2025-05-13,Active,,1416.07,0,1,9
C-31886,Ash Hill,3,45-59,English,No fixed abode,2021-02-12,Active,,1133.85,1,0,23
C-31887,Weybridge,2,45-59,English,Resident with family,2021-04-11,Active,,536.22,0,5,9
C-31888,Weybridge,4,75+,Spanish,Private tenancy,2025-02-02,Active,,1148.71,2,4,13
C-31889,Northgate,4,45-59,English,Resident with family,2023-07-27,Active,,1409.59,1,5,17
C-31890,Weybridge,3,30-44,Other,Owner-occupier,2022-09-13,Active,,857.75,5,4,6
C-31891,Calder Central,1,30-44,English,No fixed abode,2024-06-29,Active,,440.33,2,0,17
C-31892,Ash Hill,1,60-74,Other,Resident with family,2023-04-23,Active,,767.02,1,7,5
C-31893,Ash Hill,1,60-74,English,Resident with family,2022-12-25,Closed,2025-09,420.48,1,0,21
C-31894,Calder Central,3,45-59,English,Resident with family,2022-08-24,Active,,739.94,2,2,12
C-31895,Northgate,1,45-59,English,Resident with family,2023-06-04,Active,,644.87,1,2,12
C-31896,Weybridge,3,45-59,English,No fixed abode,2025-07-23,Active,,833.39,3,0,10
C-31897,Calder Central,2,30-44,Other,No fixed abode,2021-01-03,Active,,741.98,1,5,17
C-31898,Weybridge,1,60-74,English,Owner-occupier,2021-12-27,Active,,521.74,1,1,23
C-31899,Calder Central,1,45-59,English,Social tenancy,2022-07-20,Active,,678.92,1,2,12
C-31900,Ash Hill,1,60-74,English,Resident with family,2025-03-31,Active,,719.47,1,0,0
C-31901,Calder Central,1,45-59,Other,No fixed abode,2023-07-18,Active,,483.74,1,5,4
C-31902,Calder Central,1,45-59,English,No fixed abode,2022-02-16,Active,,531.34,0,2,16
C-31903,Calder Central,2,30-44,English,Resident with family,2024-09-04,Active,,973.98,2,3,14
C-31904,Calder Central,2,45-59,English,Resident with family,2021-06-06,Active,,904.31,1,3,14
C-31905,Calder Central,2,75+,English,Private tenancy,2021-01-03,Active,,955.39,1,2,3
C-31906,Northgate,2,75+,English,Private tenancy,2024-05-22,Active,,920.52,0,2,4
C-31907,Calder Central,3,30-44,English,Owner-occupier,2023-02-08,Active,,854.0,2,2,12
C-31908,Northgate,2,45-59,English,Private tenancy,2021-10-15,Closed,2025-08,650.09,1,2,19
C-31909,Weybridge,5,75+,English,Private tenancy,2022-10-11,Active,,1611.83,1,2,3
C-31910,Weybridge,4,75+,English,Social tenancy,2025-06-11,Active,,1407.84,0,3,9
C-31911,Northgate,1,75+,English,Resident with family,2023-08-02,Active,,727.33,0,4,12
C-31912,Weybridge,3,45-59,Spanish,Private tenancy,2023-12-26,Active,,775.12,2,4,8
C-31913,Northgate,3,18-29,English,Social tenancy,2025-05-21,Active,,916.61,1,2,11
C-31914,Northgate,4,60-74,English,Owner-occupier,2021-03-23,Active,,839.71,0,1,18
C-31915,Calder Central,1,60-74,English,Social tenancy,2025-08-11,Closed,2025-09,693.61,2,5,10
C-31916,Calder Central,1,45-59,Other,Owner-occupier,2023-02-24,Active,,593.6,1,7,18
C-31917,Calder Central,1,30-44,English,Social tenancy,2021-07-10,Active,,596.41,0,2,9
C-31918,Weybridge,3,60-74,English,No fixed abode,2024-11-26,Active,,1203.64,1,2,16
C-31919,Weybridge,2,30-44,English,No fixed abode,2022-04-23,Active,,598.8,0,0,18
C-31920,Calder Central,1,45-59,English,Private tenancy,2022-10-05,Active,,745.94,0,2,13
C-31921,Calder Central,2,60-74,English,Private tenancy,2023-11-24,Active,,581.31,1,2,7
C-31922,Weybridge,3,18-29,English,Resident with family,2021-04-19,Active,,705.61,0,0,10
C-31923,Calder Central,3,75+,English,No fixed abode,2022-04-25,Active,,609.34,1,1,15
C-31924,Calder Central,4,75+,English,Social tenancy,2024-06-17,Active,,913.18,1,3,15
C-31925,Northgate,4,60-74,English,Social tenancy,2023-10-22,Active,,1037.52,0,3,2
C-31926,Ash Hill,4,30-44,Spanish,Private tenancy,2023-12-12,Active,,709.94,3,3,10
C-31927,Northgate,1,30-44,Other,Social tenancy,2021-10-13,Active,,468.53,0,5,1
C-31928,Calder Central,3,30-44,English,No fixed abode,2023-09-26,Active,,1210.6,2,5,5
C-31929,Northgate,3,45-59,English,No fixed abode,2021-05-26,Active,,699.52,3,1,1
C-31930,Weybridge,2,60-74,English,Private tenancy,2021-11-30,Active,,987.7,0,2,21
C-31931,Calder Central,2,60-74,English,No fixed abode,2022-07-08,Active,,795.87,0,3,18
C-31932,Calder Central,4,18-29,English,Owner-occupier,2022-03-17,Active,,1151.58,0,0,16
C-31933,Calder Central,1,18-29,English,No fixed abode,2022-01-18,Closed,2025-10,426.82,2,5,11
C-31934,Northgate,3,30-44,English,Resident with family,2024-06-11,Active,,847.33,2,2,6
C-31935,Weybridge,3,45-59,English,Resident with family,2025-06-30,Active,,609.19,0,1,17
C-31936,Northgate,1,45-59,English,Owner-occupier,2022-03-01,Active,,598.45,1,2,0
C-31937,Ash Hill,3,30-44,English,Private tenancy,2023-05-13,Closed,2025-07,831.81,1,4,0
C-31938,Calder Central,3,18-29,English,Owner-occupier,2023-05-28,Active,,821.25,2,2,6
C-31939,Northgate,2,75+,English,Social tenancy,2021-05-26,Active,,556.35,1,0,7
C-31940,Ash Hill,4,30-44,English,Social tenancy,2025-08-10,Active,,1271.7,0,2,5
C-31941,Calder Central,3,60-74,English,Resident with family,2024-03-07,Active,,1203.12,0,3,19
C-31942,Weybridge,3,60-74,English,Private tenancy,2023-04-08,Closed,2025-11,1226.15,1,2,19
C-31943,Ash Hill,4,45-59,English,Social tenancy,2022-03-04,Active,,908.36,0,3,15
C-31944,Calder Central,1,18-29,English,Resident with family,2022-06-30,Active,,677.13,1,1,18
C-31945,Northgate,3,30-44,English,No fixed abode,2022-01-08,Active,,724.59,1,1,15
C-31946,Calder Central,4,60-74,Spanish,Private tenancy,2023-12-30,Active,,769.84,1,6,16
C-31947,Calder Central,1,30-44,English,Private tenancy,2024-01-16,Active,,499.51,0,3,15
C-31948,Weybridge,5,30-44,English,Private tenancy,2024-11-03,Active,,1049.89,3,2,17
C-31949,Calder Central,5,18-29,Other,Resident with family,2024-11-30,Active,,1320.82,1,7,3
C-31950,Weybridge,3,30-44,English,Resident with family,2021-12-03,Active,,1233.03,2,1,6
C-31951,Northgate,2,75+,English,Social tenancy,2023-12-18,Active,,769.55,1,0,16
C-31952,Weybridge,1,30-44,English,Resident with family,2023-11-11,Active,,392.9,0,1,5
C-31953,Calder Central,1,30-44,English,Social tenancy,2023-01-25,Active,,766.09,2,0,3
C-31954,Weybridge,1,30-44,English,Social tenancy,2024-05-17,Closed,2025-07,390.78,2,0,3
C-31955,Weybridge,4,30-44,English,Owner-occupier,2021-01-16,Active,,1152.52,0,1,0
C-31956,Weybridge,1,30-44,English,Private tenancy,2021-10-19,Active,,552.7,2,1,7
C-31957,Calder Central,1,30-44,English,Social tenancy,2024-03-24,Active,,560.3,1,2,14
C-31958,Weybridge,5,45-59,English,Owner-occupier,2024-04-10,Suspended,,799.64,0,0,7
C-31959,Ash Hill,4,45-59,English,No fixed abode,2022-09-03,Closed,2025-09,1412.96,3,2,10
C-31960,Ash Hill,5,60-74,Other,No fixed abode,2023-07-22,Suspended,,1598.22,0,2,4
C-31961,Weybridge,3,45-59,English,Resident with family,2024-10-07,Active,,872.02,2,2,17
C-31962,Weybridge,2,75+,Other,Resident with family,2021-10-23,Active,,663.82,2,2,8
C-31963,Weybridge,4,75+,English,Resident with family,2023-11-27,Active,,1258.86,1,3,18
C-31964,Calder Central,3,60-74,English,Social tenancy,2021-12-17,Active,,900.41,1,1,17
C-31965,Calder Central,2,30-44,English,No fixed abode,2024-05-31,Active,,741.5,0,4,4
C-31966,Northgate,5,45-59,English,Owner-occupier,2021-02-13,Active,,890.58,0,2,4
C-31967,Weybridge,3,18-29,Spanish,Owner-occupier,2022-07-22,Active,,1029.68,0,4,6
C-31968,Calder Central,1,45-59,Spanish,No fixed abode,2022-07-22,Active,,626.08,0,2,14
C-31969,Northgate,1,75+,English,Social tenancy,2024-02-08,Suspended,,536.47,1,2,2
C-31970,Weybridge,3,60-74,Other,Owner-occupier,2024-12-05,Active,,1194.3,2,3,7
C-31971,Calder Central,1,75+,English,No fixed abode,2024-09-24,Closed,2025-07,487.77,1,0,21
C-31972,Weybridge,2,30-44,English,No fixed abode,2024-12-25,Active,,697.83,0,2,5
C-31973,Northgate,4,60-74,English,Owner-occupier,2021-07-16,Active,,1260.44,0,2,5
C-31974,Weybridge,2,45-59,Other,Social tenancy,2025-06-21,Active,,938.78,1,4,2
C-31975,Northgate,1,75+,English,Social tenancy,2022-12-27,Active,,437.19,3,0,5
C-31976,Weybridge,5,60-74,English,Owner-occupier,2021-08-06,Active,,830.63,2,3,11
C-31977,Northgate,1,18-29,English,Resident with family,2023-11-09,Active,,740.41,1,1,13
C-31978,Weybridge,1,30-44,Other,Resident with family,2022-02-27,Active,,553.14,1,4,0
C-31979,Northgate,3,45-59,Spanish,Social tenancy,2023-03-28,Active,,987.88,3,5,9
C-31980,Ash Hill,4,45-59,Spanish,No fixed abode,2022-09-13,Active,,987.09,3,3,7
C-31981,Calder Central,1,30-44,Spanish,No fixed abode,2022-05-15,Active,,634.99,2,4,12
C-31982,Weybridge,1,30-44,English,Private tenancy,2021-07-09,Active,,439.4,1,2,7
C-31983,Calder Central,3,30-44,English,Social tenancy,2023-08-01,Active,,973.68,0,2,11
C-31984,Northgate,1,30-44,Spanish,Owner-occupier,2025-06-05,Active,,599.54,3,1,15
C-31985,Calder Central,4,30-44,Spanish,Social tenancy,2022-01-24,Active,,780.75,3,5,21
C-31986,Weybridge,3,30-44,English,Private tenancy,2022-07-31,Active,,625.56,0,2,21
C-31987,Weybridge,4,45-59,English,Owner-occupier,2021-04-06,Active,,1189.23,1,3,2
C-31988,Calder Central,2,60-74,English,Private tenancy,2024-11-08,Active,,522.85,1,2,21
C-31989,Ash Hill,1,45-59,English,Private tenancy,2021-11-22,Active,,383.28,1,4,16
C-31990,Northgate,3,75+,Spanish,Owner-occupier,2024-03-15,Active,,1089.36,3,4,15
C-31991,Calder Central,1,18-29,English,Private tenancy,2022-08-21,Active,,619.09,0,3,6
C-31992,Calder Central,2,75+,English,Owner-occupier,2021-01-05,Active,,939.07,1,2,11
C-31993,Ash Hill,4,30-44,English,Private tenancy,2021-09-02,Active,,845.51,1,3,2
C-31994,Northgate,3,30-44,English,No fixed abode,2021-07-15,Active,,1066.97,0,1,0
C-31995,Northgate,1,30-44,Other,No fixed abode,2022-11-26,Active,,435.02,4,4,7
C-31996,Northgate,2,30-44,English,Owner-occupier,2024-05-26,Active,,880.64,3,0,20
C-31997,Northgate,3,30-44,English,Resident with family,2022-05-11,Active,,851.26,0,3,12
C-31998,Ash Hill,4,60-74,English,Resident with family,2023-10-27,Active,,1418.63,0,3,9
C-31999,Calder Central,1,75+,English,Resident with family,2025-07-19,Active,,596.81,2,0,2
C-32000,Calder Central,3,45-59,English,No fixed abode,2023-03-28,Active,,746.9,0,2,19
C-32001,Calder Central,4,18-29,English,No fixed abode,2021-02-14,Closed,2025-09,1407.33,0,3,0
C-32002,Calder Central,2,30-44,Spanish,Private tenancy,2023-12-15,Active,,511.96,2,3,8
C-32003,Calder Central,5,75+,English,Private tenancy,2025-06-09,Active,,1267.15,1,2,15
C-32004,Northgate,4,45-59,English,Private tenancy,2022-11-13,Active,,907.8,2,2,16
C-32005,Calder Central,3,45-59,English,Owner-occupier,2022-05-14,Active,,860.43,2,2,12
C-32006,Calder Central,3,60-74,English,Owner-occupier,2022-06-29,Active,,1103.05,0,0,9
C-32007,Northgate,4,75+,Other,Social tenancy,2024-11-18,Suspended,,1099.14,3,6,7
C-32008,Weybridge,4,30-44,English,Social tenancy,2024-07-31,Active,,1247.27,0,0,7
C-32009,Ash Hill,1,45-59,English,Resident with family,2021-03-27,Active,,459.91,1,2,10
C-32010,Northgate,2,18-29,English,Social tenancy,2025-05-30,Active,,694.34,0,1,16
C-32011,Calder Central,1,45-59,English,No fixed abode,2025-03-04,Closed,2025-09,571.83,0,4,14
C-32012,Weybridge,2,30-44,English,Social tenancy,2025-05-03,Active,,814.74,1,3,17
C-32013,Weybridge,1,30-44,English,Private tenancy,2022-07-25,Active,,596.07,1,3,3
C-32014,Ash Hill,4,45-59,English,Owner-occupier,2022-07-24,Active,,886.39,0,1,8
C-32015,Ash Hill,2,45-59,English,Private tenancy,2023-10-01,Active,,862.07,0,2,23
C-32016,Weybridge,4,30-44,English,Social tenancy,2023-10-26,Suspended,,1135.85,2,3,16
C-32017,Calder Central,3,75+,English,Social tenancy,2024-06-30,Active,,704.75,0,1,14
C-32018,Calder Central,4,18-29,English,No fixed abode,2025-06-07,Closed,2025-09,1383.69,1,1,19
C-32019,Weybridge,2,45-59,English,No fixed abode,2024-01-06,Active,,1021.2,0,4,4
C-32020,Ash Hill,2,60-74,English,No fixed abode,2025-01-02,Active,,630.21,0,2,15
C-32021,Weybridge,3,75+,Spanish,Owner-occupier,2023-02-19,Active,,1043.09,0,4,11
C-32022,Calder Central,2,75+,English,Social tenancy,2024-10-05,Active,,951.98,1,3,1
C-32023,Ash Hill,1,18-29,English,Resident with family,2022-06-11,Active,,574.62,0,1,19
C-32024,Northgate,3,30-44,Other,No fixed abode,2024-05-17,Active,,661.75,0,2,7
C-32025,Calder Central,4,45-59,English,Social tenancy,2022-05-24,Active,,949.55,2,2,23
C-32026,Northgate,2,30-44,English,Owner-occupier,2023-09-29,Closed,2025-08,585.83,1,2,3
C-32027,Northgate,2,18-29,English,Resident with family,2025-03-26,Active,,883.96,1,0,18
C-32028,Northgate,4,75+,English,No fixed abode,2021-07-19,Active,,1158.92,2,2,10
C-32029,Northgate,3,45-59,English,Resident with family,2023-12-11,Active,,622.46,0,3,3
C-32030,Northgate,3,18-29,English,No fixed abode,2021-08-27,Active,,1106.35,1,0,23
C-32031,Northgate,3,30-44,English,Private tenancy,2023-01-11,Active,,770.59,0,2,7
C-32032,Weybridge,3,18-29,Spanish,No fixed abode,2025-01-31,Active,,1153.55,2,5,10
C-32033,Ash Hill,2,60-74,English,Owner-occupier,2022-05-27,Active,,585.14,0,4,18
C-32034,Calder Central,3,45-59,Other,Resident with family,2024-06-12,Active,,1122.61,1,4,21
C-32035,Ash Hill,5,18-29,English,Social tenancy,2022-12-20,Active,,1139.01,3,5,19
C-32036,Weybridge,2,45-59,Spanish,Resident with family,2021-05-26,Suspended,,603.96,1,5,1
C-32037,Calder Central,4,75+,Spanish,Owner-occupier,2021-02-07,Active,,937.14,1,5,2
C-32038,Ash Hill,4,30-44,English,Social tenancy,2023-12-04,Active,,1171.37,1,3,20
C-32039,Northgate,2,18-29,Other,Social tenancy,2021-09-30,Active,,673.5,0,4,19
C-32040,Calder Central,3,60-74,Other,Social tenancy,2024-04-12,Active,,653.65,2,5,15
C-32041,Calder Central,2,18-29,English,Social tenancy,2024-07-10,Active,,689.68,2,1,7
C-32042,Calder Central,4,60-74,English,Social tenancy,2024-06-16,Active,,959.89,1,4,2
C-32043,Weybridge,1,30-44,English,Owner-occupier,2023-11-22,Active,,512.0,0,1,16
C-32044,Weybridge,2,30-44,English,Resident with family,2024-12-19,Active,,802.02,0,2,5
C-32045,Northgate,2,30-44,Other,Resident with family,2022-10-08,Active,,571.08,1,4,15
C-32046,Weybridge,2,18-29,Spanish,Owner-occupier,2021-06-08,Active,,820.46,3,5,2
C-32047,Northgate,1,75+,Spanish,Private tenancy,2024-04-19,Active,,486.47,2,6,7
C-32048,Northgate,3,30-44,English,Owner-occupier,2022-11-01,Active,,1206.29,3,3,5
C-32049,Calder Central,3,18-29,English,Resident with family,2021-02-18,Active,,980.88,0,2,22
C-32050,Calder Central,6,30-44,English,Resident with family,2022-05-30,Active,,1085.04,0,2,16
C-32051,Calder Central,4,45-59,Other,Private tenancy,2023-08-23,Active,,1249.22,0,4,3
C-32052,Ash Hill,6,45-59,English,Private tenancy,2021-07-16,Active,,1585.76,1,2,23
C-32053,Northgate,2,18-29,Other,Resident with family,2021-01-04,Active,,741.05,2,3,4
C-32054,Calder Central,1,60-74,Other,Owner-occupier,2021-02-02,Active,,701.11,0,4,10
C-32055,Weybridge,1,18-29,English,Private tenancy,2023-11-23,Active,,654.8,2,4,4
C-32056,Calder Central,1,30-44,English,Private tenancy,2023-06-14,Active,,415.28,0,3,8
C-32057,Northgate,5,45-59,English,Owner-occupier,2024-03-01,Active,,1560.61,0,3,2
C-32058,Ash Hill,1,60-74,English,Owner-occupier,2023-01-25,Active,,420.51,0,0,0
C-32059,Calder Central,1,75+,English,No fixed abode,2022-09-04,Active,,403.71,3,1,11
C-32060,Northgate,1,60-74,English,No fixed abode,2023-02-26,Active,,492.14,1,3,17
C-32061,Ash Hill,4,30-44,English,Owner-occupier,2024-07-07,Active,,1090.56,0,2,12
C-32062,Calder Central,2,30-44,English,Social tenancy,2021-08-22,Active,,943.2,1,0,18
C-32063,Calder Central,1,60-74,English,Owner-occupier,2023-03-13,Active,,467.69,3,2,15
C-32064,Northgate,5,30-44,English,Private tenancy,2021-03-26,Active,,1543.94,2,2,2
C-32065,Calder Central,5,60-74,English,Social tenancy,2025-03-02,Active,,1459.25,0,3,7
C-32066,Northgate,2,30-44,Spanish,No fixed abode,2022-11-07,Active,,785.89,2,3,15
C-32067,Calder Central,5,60-74,English,No fixed abode,2021-04-07,Active,,898.18,0,3,5
C-32068,Weybridge,1,60-74,English,Social tenancy,2023-05-14,Active,,389.99,1,2,9
C-32069,Northgate,2,18-29,English,Private tenancy,2023-09-18,Active,,988.52,0,3,23
C-32070,Ash Hill,4,30-44,English,Resident with family,2024-06-12,Active,,1143.99,1,1,11
C-32071,Weybridge,4,60-74,English,Private tenancy,2025-01-24,Active,,1053.18,0,2,10
C-32072,Calder Central,4,60-74,English,Owner-occupier,2022-11-24,Active,,1254.05,1,1,11
C-32073,Northgate,3,30-44,English,No fixed abode,2024-07-27,Active,,896.94,1,2,19
C-32074,Weybridge,1,60-74,English,Private tenancy,2021-03-31,Active,,481.06,1,2,2
C-32075,Calder Central,2,45-59,English,Resident with family,2024-11-27,Active,,502.29,0,1,3
C-32076,Calder Central,1,45-59,English,Owner-occupier,2021-04-24,Active,,490.56,1,2,21
C-32077,Calder Central,4,45-59,English,Resident with family,2023-03-15,Active,,1008.84,1,2,3
C-32078,Ash Hill,1,75+,English,No fixed abode,2022-11-02,Active,,549.42,1,2,12
C-32079,Ash Hill,1,60-74,English,Resident with family,2023-10-24,Suspended,,693.19,1,2,18
C-32080,Calder Central,2,18-29,Spanish,Social tenancy,2022-01-01,Active,,532.86,1,5,3
C-32081,Weybridge,3,45-59,English,No fixed abode,2025-04-12,Active,,1235.23,2,4,7
C-32082,Calder Central,3,60-74,English,Social tenancy,2021-01-29,Active,,1052.98,0,0,6
C-32083,Calder Central,3,18-29,Spanish,Owner-occupier,2022-07-06,Active,,774.76,1,6,3
C-32084,Weybridge,4,60-74,Other,No fixed abode,2022-12-14,Active,,1279.24,1,3,11
C-32085,Weybridge,3,30-44,English,Owner-occupier,2024-03-03,Suspended,,886.29,0,0,12
C-32086,Calder Central,4,45-59,English,Owner-occupier,2023-07-19,Active,,998.65,0,0,12
C-32087,Weybridge,1,45-59,English,Private tenancy,2024-05-30,Active,,526.43,0,4,18
C-32088,Ash Hill,4,30-44,English,Owner-occupier,2021-07-13,Active,,877.04,0,4,15
C-32089,Calder Central,2,45-59,Spanish,No fixed abode,2024-11-08,Active,,923.28,2,2,7
C-32090,Weybridge,2,30-44,English,Private tenancy,2022-05-15,Closed,2025-11,929.16,3,0,23
C-32091,Calder Central,2,30-44,English,Social tenancy,2022-02-08,Active,,570.89,0,5,13
C-32092,Calder Central,2,18-29,Spanish,Owner-occupier,2023-05-29,Active,,748.21,3,1,7
C-32093,Weybridge,2,45-59,Other,Social tenancy,2023-10-22,Active,,1030.98,4,3,15
C-32094,Weybridge,1,45-59,English,Resident with family,2021-11-24,Active,,485.44,0,1,6
C-32095,Weybridge,4,30-44,English,Resident with family,2024-11-27,Active,,1071.63,0,1,21
C-32096,Weybridge,4,45-59,English,Resident with family,2021-05-02,Closed,2025-08,822.55,1,3,14
C-32097,Ash Hill,1,45-59,Spanish,Private tenancy,2024-02-04,Active,,571.06,1,5,18
C-32098,Ash Hill,1,18-29,Spanish,No fixed abode,2023-05-28,Active,,703.92,2,5,8
C-32099,Ash Hill,1,45-59,English,Resident with family,2021-05-12,Closed,2025-09,394.88,1,1,15
C-32100,Northgate,2,30-44,English,Owner-occupier,2023-10-15,Active,,894.56,1,1,8
C-32101,Ash Hill,1,30-44,English,Private tenancy,2024-02-05,Active,,700.83,2,1,6
C-32102,Calder Central,1,45-59,English,Resident with family,2023-04-14,Active,,504.62,0,2,2
C-32103,Weybridge,3,60-74,English,Resident with family,2021-10-24,Active,,720.62,3,1,11
C-32104,Calder Central,1,60-74,English,Social tenancy,2021-03-26,Closed,2025-08,394.39,2,5,13
C-32105,Calder Central,1,30-44,English,No fixed abode,2022-02-08,Active,,746.56,2,1,16
C-32106,Calder Central,2,60-74,English,No fixed abode,2022-02-16,Active,,835.24,2,2,22
C-32107,Ash Hill,4,30-44,Other,Owner-occupier,2024-11-18,Active,,1130.85,1,5,8
C-32108,Northgate,1,45-59,English,Private tenancy,2021-07-06,Closed,2025-11,379.47,0,1,2
C-32109,Weybridge,1,75+,Spanish,Owner-occupier,2022-06-12,Active,,552.88,3,5,5
C-32110,Weybridge,2,75+,Other,Social tenancy,2025-05-09,Active,,569.42,5,3,19
C-32111,Ash Hill,3,18-29,English,Private tenancy,2025-07-05,Active,,1036.88,0,0,6
C-32112,Ash Hill,3,30-44,English,Resident with family,2023-12-22,Active,,1140.46,1,0,19
C-32113,Calder Central,5,45-59,English,Private tenancy,2025-02-10,Active,,1218.17,1,1,2
C-32114,Calder Central,3,30-44,English,Private tenancy,2021-12-24,Active,,813.69,0,4,14
C-32115,Calder Central,1,18-29,Other,No fixed abode,2025-07-30,Active,,395.81,2,4,22
C-32116,Calder Central,1,45-59,English,No fixed abode,2023-02-11,Active,,486.75,0,1,20
C-32117,Ash Hill,3,45-59,English,Resident with family,2021-10-14,Active,,897.4,1,0,18
C-32118,Calder Central,3,30-44,English,Social tenancy,2022-08-05,Active,,738.16,1,2,19
C-32119,Weybridge,3,30-44,English,Private tenancy,2021-04-04,Active,,852.35,0,0,7
C-32120,Calder Central,3,18-29,Other,Private tenancy,2023-06-20,Closed,2025-09,1022.81,3,4,18
C-32121,Calder Central,2,75+,English,Resident with family,2024-11-07,Active,,731.25,1,1,15
C-32122,Weybridge,2,45-59,English,Owner-occupier,2022-10-19,Active,,844.52,1,3,23
C-32123,Calder Central,3,45-59,Spanish,Social tenancy,2022-04-04,Active,,994.22,1,4,13
C-32124,Weybridge,2,60-74,Spanish,Social tenancy,2023-09-03,Active,,625.43,2,4,4
C-32125,Weybridge,4,18-29,Spanish,Resident with family,2021-07-30,Active,,1200.74,2,5,8
C-32126,Ash Hill,1,60-74,English,No fixed abode,2025-03-15,Active,,419.03,0,2,15
C-32127,Ash Hill,3,45-59,Other,No fixed abode,2023-04-04,Active,,1187.95,2,4,10
C-32128,Northgate,3,45-59,English,Resident with family,2021-11-12,Active,,893.11,0,3,21
C-32129,Calder Central,3,45-59,English,Social tenancy,2022-05-28,Active,,1041.98,0,0,21
C-32130,Northgate,1,60-74,English,Social tenancy,2024-12-20,Active,,712.55,1,0,20
C-32131,Weybridge,4,30-44,English,Social tenancy,2023-08-12,Closed,2025-12,966.69,0,0,15
C-32132,Ash Hill,4,18-29,English,Resident with family,2024-10-27,Active,,1263.72,0,1,16
C-32133,Northgate,3,75+,Other,Social tenancy,2023-01-23,Active,,1208.96,2,6,15
C-32134,Northgate,3,18-29,English,No fixed abode,2022-09-17,Active,,658.98,0,4,11
C-32135,Ash Hill,4,60-74,English,No fixed abode,2024-12-30,Active,,801.31,0,2,10
C-32136,Calder Central,1,45-59,Other,No fixed abode,2024-08-14,Active,,601.65,1,5,11
C-32137,Calder Central,2,75+,English,Resident with family,2023-02-26,Active,,512.47,1,6,22
C-32138,Ash Hill,1,45-59,Spanish,Resident with family,2022-12-12,Active,,424.51,2,9,5
C-32139,Ash Hill,1,75+,English,Owner-occupier,2024-08-01,Closed,2025-12,441.48,2,0,22
C-32140,Northgate,2,45-59,Spanish,Social tenancy,2022-11-12,Closed,2025-10,828.91,1,4,9
C-32141,Northgate,2,30-44,English,Resident with family,2025-01-11,Active,,763.58,0,0,22
C-32142,Northgate,4,30-44,Other,Owner-occupier,2023-10-10,Active,,1139.8,4,5,13
C-32143,Calder Central,1,60-74,Spanish,Resident with family,2024-09-06,Active,,720.6,0,4,10
C-32144,Calder Central,2,30-44,English,Resident with family,2025-07-20,Active,,655.68,0,2,2
C-32145,Calder Central,2,45-59,Spanish,Private tenancy,2022-09-01,Suspended,,995.58,3,2,19
C-32146,Weybridge,1,45-59,English,Social tenancy,2022-09-13,Closed,2025-10,524.54,1,2,2
C-32147,Ash Hill,2,60-74,English,Social tenancy,2022-09-18,Active,,981.1,1,4,22
C-32148,Calder Central,1,30-44,English,Social tenancy,2024-02-15,Active,,680.72,1,1,15
C-32149,Ash Hill,1,45-59,English,Owner-occupier,2025-08-02,Active,,661.03,1,3,16
C-32150,Northgate,2,45-59,Spanish,Social tenancy,2024-08-20,Active,,516.79,0,3,16
C-32151,Northgate,3,30-44,English,No fixed abode,2023-09-14,Active,,620.15,1,3,16
C-32152,Ash Hill,5,75+,English,Social tenancy,2022-02-03,Closed,2025-07,1074.99,2,0,4
C-32153,Northgate,1,45-59,English,No fixed abode,2023-05-12,Active,,576.86,0,3,4
C-32154,Northgate,1,30-44,English,No fixed abode,2022-01-05,Suspended,,573.79,0,6,16
C-32155,Ash Hill,1,75+,English,Social tenancy,2023-06-22,Closed,2025-08,390.41,1,5,8
C-32156,Northgate,1,60-74,English,Resident with family,2021-02-01,Active,,487.42,1,1,18
C-32157,Ash Hill,3,18-29,Other,No fixed abode,2025-08-08,Active,,957.35,0,4,21
C-32158,Calder Central,2,60-74,English,Resident with family,2022-02-20,Active,,801.83,1,1,15
C-32159,Calder Central,2,45-59,English,Resident with family,2021-08-29,Active,,757.01,1,3,15
C-32160,Northgate,1,60-74,English,Social tenancy,2024-06-15,Active,,711.65,1,0,21
C-32161,Calder Central,3,30-44,English,No fixed abode,2023-04-09,Active,,715.53,1,2,16
C-32162,Northgate,4,60-74,English,Social tenancy,2023-05-24,Active,,1433.22,0,0,1
C-32163,Calder Central,3,30-44,English,No fixed abode,2022-01-15,Active,,605.89,1,2,6
C-32164,Northgate,2,30-44,English,Owner-occupier,2022-12-24,Active,,711.74,0,3,23
C-32165,Calder Central,1,45-59,English,No fixed abode,2024-06-04,Active,,606.78,1,1,6
C-32166,Calder Central,2,45-59,English,No fixed abode,2023-11-09,Active,,933.1,0,2,3
C-32167,Ash Hill,2,60-74,English,No fixed abode,2025-06-05,Active,,606.09,1,1,10
C-32168,Calder Central,2,75+,English,Resident with family,2021-04-21,Closed,2025-08,1014.16,0,0,14
C-32169,Calder Central,2,45-59,English,Resident with family,2022-12-10,Active,,851.18,1,0,23
C-32170,Weybridge,1,30-44,English,Social tenancy,2025-04-11,Active,,716.35,2,1,0
C-32171,Calder Central,2,75+,English,No fixed abode,2024-04-11,Active,,619.06,1,0,0
C-32172,Weybridge,1,30-44,English,Private tenancy,2023-06-18,Active,,582.05,3,0,22
C-32173,Weybridge,1,45-59,English,Private tenancy,2023-02-05,Active,,653.35,1,1,5
C-32174,Weybridge,3,30-44,English,Owner-occupier,2021-06-22,Active,,695.95,0,4,12
C-32175,Calder Central,2,30-44,English,Resident with family,2021-10-25,Active,,618.18,1,4,10
C-32176,Northgate,1,18-29,English,Owner-occupier,2022-02-08,Active,,716.02,2,0,23
C-32177,Northgate,3,30-44,English,Social tenancy,2022-02-20,Active,,1181.99,0,0,1
C-32178,Northgate,2,18-29,Other,Resident with family,2021-05-14,Active,,785.57,1,3,19
C-32179,Ash Hill,6,45-59,English,Private tenancy,2024-02-22,Active,,1841.46,1,1,10
C-32180,Ash Hill,3,18-29,English,Social tenancy,2023-09-28,Active,,924.93,0,3,12
C-32181,Calder Central,4,60-74,English,Owner-occupier,2021-05-19,Active,,1348.39,1,2,9
C-32182,Northgate,3,45-59,English,Owner-occupier,2024-03-20,Active,,780.62,1,0,2
C-32183,Ash Hill,3,75+,English,Social tenancy,2021-12-10,Suspended,,889.62,2,4,4
C-32184,Calder Central,1,45-59,Spanish,Resident with family,2022-02-28,Active,,584.27,1,6,6
C-32185,Northgate,1,30-44,English,Private tenancy,2023-05-02,Active,,706.3,0,0,4
C-32186,Weybridge,3,18-29,English,Social tenancy,2023-12-18,Active,,1030.34,0,2,6
C-32187,Northgate,2,30-44,Other,No fixed abode,2024-12-13,Active,,524.55,1,4,9
C-32188,Weybridge,4,75+,English,Resident with family,2022-11-24,Active,,1265.49,0,0,9
C-32189,Calder Central,1,30-44,English,Resident with family,2022-06-02,Active,,732.86,0,2,22
C-32190,Northgate,3,30-44,English,No fixed abode,2021-06-11,Active,,896.56,3,6,4
C-32191,Ash Hill,2,60-74,English,Private tenancy,2021-05-13,Active,,583.39,0,1,11
C-32192,Calder Central,2,75+,English,Resident with family,2022-05-21,Active,,744.05,1,1,18
C-32193,Calder Central,1,75+,English,Owner-occupier,2025-07-09,Closed,2025-10,664.57,0,1,1
C-32194,Northgate,6,60-74,English,No fixed abode,2021-06-30,Active,,1458.69,1,2,23
C-32195,Calder Central,4,30-44,English,Private tenancy,2023-03-05,Active,,1114.27,2,3,3
C-32196,Northgate,4,45-59,English,Resident with family,2022-04-12,Closed,2025-08,780.57,1,3,22
C-32197,Northgate,4,30-44,English,Resident with family,2021-07-23,Active,,927.31,1,4,0
C-32198,Calder Central,1,30-44,English,Private tenancy,2025-05-04,Active,,398.47,0,0,12
C-32199,Calder Central,2,45-59,Spanish,Social tenancy,2025-05-17,Active,,765.39,2,4,3
C-32200,Calder Central,1,75+,English,Social tenancy,2023-12-06,Closed,2025-07,400.76,2,2,23
C-32201,Weybridge,3,60-74,English,Resident with family,2022-10-27,Active,,776.4,1,0,10
C-32202,Ash Hill,3,30-44,English,Owner-occupier,2022-04-17,Suspended,,1038.46,2,3,2
C-32203,Northgate,1,18-29,Other,No fixed abode,2022-02-11,Active,,409.83,2,4,3
C-32204,Ash Hill,1,18-29,English,Owner-occupier,2021-09-03,Closed,2025-11,766.13,0,3,13
C-32205,Weybridge,4,18-29,English,Owner-occupier,2025-01-31,Active,,1331.84,2,5,4
C-32206,Calder Central,1,30-44,English,Owner-occupier,2025-03-27,Active,,496.17,1,4,1
C-32207,Calder Central,1,30-44,English,No fixed abode,2025-06-05,Active,,452.27,1,1,23
C-32208,Northgate,3,45-59,English,Owner-occupier,2024-01-20,Active,,819.94,0,2,0
C-32209,Calder Central,2,60-74,English,Private tenancy,2023-08-25,Active,,923.99,0,0,20
C-32210,Weybridge,5,18-29,English,No fixed abode,2023-09-28,Active,,1588.68,0,4,12
C-32211,Calder Central,1,75+,English,No fixed abode,2022-08-25,Active,,638.91,0,1,10
C-32212,Weybridge,4,45-59,Other,Social tenancy,2024-01-30,Active,,1156.32,2,3,13
C-32213,Calder Central,2,60-74,Other,No fixed abode,2021-02-01,Active,,885.73,0,4,20
C-32214,Ash Hill,3,18-29,English,Resident with family,2024-04-24,Active,,955.43,0,4,16
C-32215,Weybridge,3,75+,English,No fixed abode,2023-11-04,Active,,1061.56,2,1,20
C-32216,Ash Hill,1,18-29,English,Owner-occupier,2025-04-21,Active,,404.51,2,1,3
C-32217,Ash Hill,2,30-44,English,No fixed abode,2025-03-09,Closed,2025-12,832.28,1,0,3
C-32218,Calder Central,2,30-44,English,Private tenancy,2023-11-27,Closed,2025-08,710.84,0,2,1
C-32219,Northgate,2,45-59,English,Owner-occupier,2021-07-23,Active,,810.61,1,1,10
C-32220,Weybridge,2,18-29,Spanish,Private tenancy,2025-05-30,Active,,579.85,0,4,1
C-32221,Northgate,1,60-74,English,Owner-occupier,2024-09-03,Closed,2025-09,538.28,0,4,18
C-32222,Ash Hill,4,45-59,English,Resident with family,2022-09-21,Active,,989.3,0,5,10
C-32223,Northgate,6,45-59,English,Social tenancy,2023-05-06,Active,,921.4,1,2,15
C-32224,Northgate,2,30-44,English,Private tenancy,2023-09-26,Active,,581.86,1,3,4
C-32225,Calder Central,5,18-29,English,No fixed abode,2024-06-28,Active,,1307.34,2,3,21
C-32226,Ash Hill,1,75+,Other,Owner-occupier,2022-09-19,Active,,446.01,0,5,14
C-32227,Northgate,5,45-59,English,No fixed abode,2021-02-16,Active,,820.14,2,0,20
C-32228,Weybridge,4,75+,English,No fixed abode,2024-12-08,Active,,1312.98,1,1,1
C-32229,Calder Central,3,75+,English,No fixed abode,2024-01-20,Active,,1226.96,2,3,1
C-32230,Calder Central,4,30-44,English,No fixed abode,2024-08-26,Active,,992.33,1,3,19
C-32231,Calder Central,3,60-74,English,Resident with family,2021-07-05,Active,,924.12,2,2,11
C-32232,Calder Central,4,18-29,English,Private tenancy,2021-04-09,Active,,1220.18,0,2,4
C-32233,Weybridge,2,45-59,Other,Social tenancy,2023-05-17,Closed,2025-11,854.28,1,3,21
C-32234,Calder Central,2,75+,English,Private tenancy,2023-07-25,Active,,864.9,0,1,8
C-32235,Weybridge,2,45-59,English,Social tenancy,2023-10-22,Active,,501.18,1,2,3
C-32236,Ash Hill,1,75+,Spanish,No fixed abode,2022-03-04,Active,,549.36,1,6,14
C-32237,Calder Central,3,60-74,English,Social tenancy,2024-01-18,Active,,992.29,0,0,20
C-32238,Northgate,1,75+,English,Social tenancy,2024-06-04,Active,,454.83,0,1,3
C-32239,Weybridge,2,75+,Spanish,Social tenancy,2021-05-23,Active,,827.5,1,2,15
C-32240,Calder Central,2,60-74,English,Social tenancy,2021-04-16,Suspended,,596.8,1,2,2
C-32241,Calder Central,2,45-59,English,Social tenancy,2024-10-04,Active,,1020.38,1,5,18
C-32242,Ash Hill,1,45-59,English,Resident with family,2021-03-31,Active,,499.23,1,1,8
C-32243,Calder Central,5,45-59,English,No fixed abode,2024-02-09,Active,,1051.5,0,0,19
C-32244,Weybridge,2,45-59,English,Owner-occupier,2025-01-21,Active,,672.92,1,0,11
C-32245,Ash Hill,1,45-59,English,Private tenancy,2024-12-16,Active,,703.0,1,1,4
C-32246,Weybridge,4,75+,English,Social tenancy,2021-11-10,Active,,1153.6,0,3,7
C-32247,Weybridge,4,18-29,English,No fixed abode,2021-10-02,Closed,2025-12,842.73,2,3,5
C-32248,Weybridge,3,45-59,English,Resident with family,2022-01-23,Active,,950.87,1,3,21
C-32249,Weybridge,4,30-44,English,Owner-occupier,2022-07-23,Active,,1262.36,0,3,6
C-32250,Northgate,1,45-59,English,Resident with family,2022-12-17,Active,,496.99,1,1,21
C-32251,Ash Hill,1,30-44,English,Owner-occupier,2024-11-11,Suspended,,400.24,0,1,3
C-32252,Ash Hill,3,18-29,Spanish,Resident with family,2023-10-12,Active,,857.1,1,8,18
C-32253,Weybridge,1,30-44,English,No fixed abode,2022-11-03,Suspended,,413.65,0,3,20
C-32254,Calder Central,2,30-44,English,Private tenancy,2021-12-03,Active,,941.67,2,1,4
C-32255,Northgate,5,60-74,English,No fixed abode,2025-08-27,Closed,2025-10,1557.84,0,2,19
C-32256,Northgate,1,60-74,English,Owner-occupier,2024-04-11,Active,,379.94,0,2,7
C-32257,Northgate,6,45-59,English,No fixed abode,2024-05-06,Active,,1741.29,1,2,9
C-32258,Ash Hill,2,30-44,English,Social tenancy,2022-12-08,Active,,947.13,1,0,19
C-32259,Calder Central,3,45-59,English,No fixed abode,2023-02-19,Active,,796.26,0,3,20
C-32260,Weybridge,2,45-59,English,No fixed abode,2024-09-21,Active,,675.95,0,3,10
C-32261,Northgate,2,30-44,English,Social tenancy,2021-02-05,Active,,540.71,0,1,2
C-32262,Weybridge,1,30-44,English,No fixed abode,2023-01-26,Active,,604.3,1,2,19
C-32263,Weybridge,3,18-29,English,No fixed abode,2022-06-13,Active,,969.41,1,2,16
C-32264,Calder Central,3,18-29,English,Private tenancy,2025-04-26,Active,,1000.16,1,1,10
C-32265,Ash Hill,3,45-59,English,Social tenancy,2025-02-10,Active,,700.63,0,2,21
C-32266,Weybridge,1,30-44,Other,No fixed abode,2023-07-07,Active,,412.33,1,5,10
C-32267,Calder Central,4,75+,English,Private tenancy,2022-09-07,Active,,1029.52,1,1,5
C-32268,Calder Central,2,30-44,English,Resident with family,2023-11-17,Active,,769.45,0,2,22
C-32269,Northgate,4,60-74,English,No fixed abode,2021-07-25,Active,,889.8,2,0,0
C-32270,Calder Central,1,45-59,English,Resident with family,2025-01-16,Active,,643.64,1,1,6
C-32271,Ash Hill,4,45-59,Spanish,Social tenancy,2021-02-03,Active,,909.2,1,6,8
C-32272,Ash Hill,1,18-29,English,Social tenancy,2024-12-02,Active,,460.3,0,2,3
C-32273,Ash Hill,5,60-74,Spanish,Social tenancy,2021-07-27,Active,,908.94,1,3,12
C-32274,Ash Hill,2,30-44,Spanish,Social tenancy,2023-07-07,Active,,535.49,2,3,7
C-32275,Northgate,2,18-29,English,Social tenancy,2022-01-09,Active,,726.93,0,2,21
C-32276,Northgate,2,30-44,English,No fixed abode,2022-12-30,Active,,987.04,0,0,12
C-32277,Northgate,2,18-29,English,Resident with family,2022-08-12,Active,,746.19,1,3,2
C-32278,Calder Central,4,45-59,Other,Social tenancy,2025-07-11,Active,,845.11,2,4,9
C-32279,Calder Central,2,18-29,English,Social tenancy,2025-02-08,Active,,677.48,0,2,5
C-32280,Calder Central,3,45-59,Spanish,Private tenancy,2022-11-30,Active,,762.86,2,2,10
C-32281,Northgate,4,45-59,English,Social tenancy,2024-04-26,Active,,1264.71,2,2,2
C-32282,Northgate,2,30-44,English,Private tenancy,2023-01-29,Active,,916.66,1,3,22
C-32283,Calder Central,2,30-44,English,Resident with family,2024-10-14,Active,,918.46,0,2,10
C-32284,Calder Central,1,60-74,English,Social tenancy,2021-02-09,Active,,520.8,2,2,20
C-32285,Northgate,3,60-74,English,Social tenancy,2023-11-18,Suspended,,956.94,0,5,17
C-32286,Weybridge,3,30-44,English,No fixed abode,2021-04-17,Closed,2025-12,648.84,0,4,11
C-32287,Calder Central,3,75+,English,Owner-occupier,2021-06-21,Active,,654.86,0,0,10
C-32288,Northgate,1,18-29,English,Private tenancy,2022-02-20,Suspended,,488.72,0,3,8
C-32289,Northgate,5,45-59,Other,Private tenancy,2021-09-01,Active,,1443.82,2,6,17
C-32290,Northgate,4,30-44,English,No fixed abode,2022-07-17,Active,,1316.08,0,0,21
C-32291,Weybridge,3,60-74,Spanish,Owner-occupier,2023-01-16,Active,,651.37,2,4,7
C-32292,Northgate,6,45-59,English,Private tenancy,2022-03-18,Active,,1177.2,1,3,7
C-32293,Ash Hill,3,30-44,Other,Social tenancy,2024-10-26,Active,,750.86,1,4,0
C-32294,Calder Central,2,75+,English,Owner-occupier,2025-05-10,Active,,761.75,1,5,1
C-32295,Northgate,2,60-74,English,Social tenancy,2024-05-08,Active,,1027.43,0,3,9
C-32296,Northgate,4,45-59,Spanish,Social tenancy,2024-11-08,Active,,949.96,2,4,20
C-32297,Northgate,5,60-74,English,Resident with family,2025-07-18,Closed,2025-07,1356.56,1,2,1
C-32298,Northgate,1,45-59,English,Social tenancy,2022-03-07,Active,,535.83,0,2,18
C-32299,Weybridge,2,60-74,English,Resident with family,2024-02-23,Active,,643.4,0,0,15
C-32300,Weybridge,4,30-44,English,No fixed abode,2023-02-21,Suspended,,741.12,0,4,16
C-32301,Calder Central,5,75+,English,Owner-occupier,2022-02-07,Active,,1154.88,1,1,18
C-32302,Northgate,1,75+,English,Private tenancy,2021-08-25,Active,,725.69,2,2,6
C-32303,Northgate,3,30-44,English,Private tenancy,2023-07-11,Active,,1053.62,1,4,5
C-32304,Calder Central,3,30-44,English,Private tenancy,2023-12-10,Active,,1124.64,0,2,7
C-32305,Northgate,1,75+,English,Private tenancy,2021-07-25,Active,,609.78,2,2,12
C-32306,Calder Central,2,30-44,English,No fixed abode,2023-06-11,Active,,939.35,1,0,10
C-32307,Calder Central,1,60-74,Spanish,Owner-occupier,2023-10-12,Active,,470.3,1,3,9
C-32308,Weybridge,4,60-74,English,Private tenancy,2025-04-10,Active,,1181.24,0,2,21
C-32309,Weybridge,4,30-44,English,Social tenancy,2023-04-16,Active,,709.78,0,0,20
C-32310,Calder Central,4,30-44,English,Resident with family,2023-08-08,Active,,1108.9,0,3,10
C-32311,Weybridge,6,18-29,English,Social tenancy,2024-06-17,Active,,1092.56,1,1,21
C-32312,Weybridge,2,30-44,Spanish,No fixed abode,2025-04-12,Active,,645.13,3,4,20
C-32313,Calder Central,4,60-74,English,Private tenancy,2021-09-26,Active,,1127.95,0,0,12
C-32314,Northgate,3,60-74,English,Private tenancy,2022-08-18,Active,,729.36,0,3,2
C-32315,Weybridge,5,30-44,English,No fixed abode,2022-06-29,Active,,822.46,0,0,15
C-32316,Ash Hill,1,30-44,English,Private tenancy,2022-07-12,Active,,702.32,0,2,7
C-32317,Weybridge,1,75+,English,Social tenancy,2023-04-25,Active,,611.75,0,2,16
C-32318,Ash Hill,2,60-74,English,Private tenancy,2025-08-25,Active,,541.58,1,5,2
C-32319,Northgate,2,18-29,Spanish,Private tenancy,2022-12-01,Active,,594.72,1,4,10
C-32320,Northgate,5,75+,English,Owner-occupier,2025-02-03,Active,,987.92,1,3,15
C-32321,Calder Central,1,75+,English,Resident with family,2024-01-25,Active,,604.71,0,1,14
C-32322,Northgate,1,60-74,Other,Resident with family,2022-08-23,Active,,758.4,4,7,19
C-32323,Weybridge,3,30-44,English,Resident with family,2023-09-26,Active,,1043.06,5,2,21
C-32324,Ash Hill,4,30-44,English,Resident with family,2024-04-20,Active,,1271.89,3,3,18
C-32325,Ash Hill,3,30-44,English,Private tenancy,2022-09-03,Closed,2025-11,912.15,0,2,13
C-32326,Northgate,4,30-44,English,Resident with family,2024-09-30,Active,,1147.0,0,3,22
C-32327,Weybridge,1,30-44,English,Owner-occupier,2023-10-25,Suspended,,613.65,1,1,20
C-32328,Northgate,3,30-44,Other,No fixed abode,2023-10-07,Active,,1216.96,1,4,22
C-32329,Calder Central,4,30-44,English,Owner-occupier,2021-11-12,Active,,1037.57,0,6,10
C-32330,Calder Central,3,18-29,English,Social tenancy,2023-05-03,Active,,605.77,3,2,19
C-32331,Northgate,3,75+,Other,Social tenancy,2024-07-09,Suspended,,848.79,1,7,14
C-32332,Northgate,3,75+,English,Resident with family,2021-01-02,Active,,1015.97,2,3,3
C-32333,Calder Central,1,45-59,English,Owner-occupier,2021-11-18,Active,,715.62,0,3,17
C-32334,Calder Central,4,60-74,English,No fixed abode,2025-07-08,Active,,1433.67,0,3,1
C-32335,Weybridge,1,75+,English,Social tenancy,2021-10-07,Active,,454.16,0,2,15
C-32336,Weybridge,3,60-74,English,Social tenancy,2024-10-18,Active,,1111.9,1,0,9
C-32337,Northgate,3,75+,English,Social tenancy,2023-01-13,Closed,2025-10,1045.63,0,2,4
C-32338,Ash Hill,3,45-59,English,Social tenancy,2025-03-13,Active,,1069.11,0,0,19
C-32339,Ash Hill,1,75+,Other,No fixed abode,2021-03-09,Active,,432.43,1,3,17
C-32340,Ash Hill,1,18-29,English,Resident with family,2023-03-15,Active,,721.77,1,2,7
C-32341,Ash Hill,2,45-59,English,Resident with family,2025-01-14,Active,,744.59,1,4,19
C-32342,Ash Hill,3,60-74,English,Owner-occupier,2021-10-19,Active,,665.57,1,4,3
C-32343,Northgate,3,75+,Spanish,Private tenancy,2024-03-06,Active,,730.54,2,2,8
C-32344,Ash Hill,2,75+,English,No fixed abode,2021-01-22,Active,,777.81,1,4,20
C-32345,Calder Central,3,60-74,Other,No fixed abode,2024-05-14,Active,,814.09,2,2,11
C-32346,Weybridge,1,75+,English,No fixed abode,2024-08-31,Suspended,,704.69,0,2,16
C-32347,Calder Central,4,45-59,English,Owner-occupier,2025-08-02,Active,,845.1,1,2,3
C-32348,Calder Central,4,45-59,Spanish,Private tenancy,2024-10-28,Active,,754.96,2,6,16
C-32349,Weybridge,4,60-74,Spanish,Private tenancy,2021-02-01,Active,,705.43,1,6,21
C-32350,Weybridge,4,45-59,English,Resident with family,2021-11-18,Active,,1284.0,1,0,19
C-32351,Calder Central,3,30-44,English,Social tenancy,2021-08-22,Active,,724.02,0,6,2
C-32352,Weybridge,2,60-74,English,Private tenancy,2022-02-21,Active,,914.6,1,2,7
C-32353,Calder Central,1,30-44,English,Resident with family,2025-07-31,Active,,490.1,1,0,0
C-32354,Weybridge,2,18-29,English,No fixed abode,2025-07-23,Active,,570.16,0,1,21
C-32355,Northgate,2,30-44,English,Social tenancy,2024-02-02,Closed,2025-07,704.93,0,0,7
C-32356,Ash Hill,2,45-59,English,Social tenancy,2022-07-18,Active,,675.32,2,2,8
C-32357,Northgate,4,75+,English,Private tenancy,2024-11-16,Active,,818.17,2,3,21
C-32358,Calder Central,2,18-29,English,Resident with family,2025-06-02,Active,,1023.69,1,1,11
C-32359,Ash Hill,2,45-59,English,Social tenancy,2024-11-26,Active,,789.4,0,4,8
C-32360,Northgate,3,45-59,Spanish,Private tenancy,2022-01-13,Active,,1181.49,1,3,19
C-32361,Weybridge,4,75+,English,Owner-occupier,2023-12-27,Active,,1346.27,1,0,22
C-32362,Calder Central,3,18-29,English,No fixed abode,2023-10-16,Active,,768.84,2,2,0
C-32363,Northgate,2,30-44,English,Owner-occupier,2023-12-09,Active,,876.66,0,1,17
C-32364,Northgate,1,30-44,English,Owner-occupier,2024-02-10,Active,,753.12,1,1,17
C-32365,Ash Hill,4,30-44,English,Social tenancy,2023-10-01,Active,,1405.33,0,0,13
C-32366,Weybridge,4,30-44,Spanish,No fixed abode,2025-08-04,Active,,1077.34,2,2,6
C-32367,Calder Central,1,60-74,English,Private tenancy,2021-07-07,Active,,445.39,1,4,0
C-32368,Ash Hill,1,75+,English,Private tenancy,2023-11-12,Active,,528.79,2,0,17
C-32369,Weybridge,1,45-59,English,Private tenancy,2025-08-13,Active,,592.78,4,3,12
C-32370,Ash Hill,2,75+,English,No fixed abode,2021-02-01,Active,,902.5,0,3,20
C-32371,Calder Central,4,18-29,Other,Private tenancy,2024-10-24,Active,,1140.13,1,4,20
C-32372,Ash Hill,1,30-44,English,Owner-occupier,2022-09-24,Active,,564.43,0,2,23
C-32373,Weybridge,5,45-59,Other,Resident with family,2024-08-22,Active,,1080.9,0,3,8
C-32374,Calder Central,1,45-59,English,Private tenancy,2024-03-01,Active,,538.54,0,0,21
C-32375,Calder Central,3,75+,English,Social tenancy,2023-12-23,Suspended,,900.07,1,3,9
C-32376,Northgate,6,60-74,English,Resident with family,2022-04-29,Active,,1388.04,1,0,22
C-32377,Weybridge,3,18-29,English,Resident with family,2023-01-26,Active,,675.22,0,3,2
C-32378,Northgate,1,60-74,English,Social tenancy,2024-02-17,Active,,716.94,1,3,8
C-32379,Calder Central,2,60-74,English,Social tenancy,2022-02-13,Active,,729.89,1,2,1
C-32380,Ash Hill,3,45-59,English,Social tenancy,2021-02-09,Active,,1003.03,1,1,12
C-32381,Ash Hill,4,30-44,English,Private tenancy,2021-02-10,Active,,885.21,1,3,19
C-32382,Northgate,2,45-59,Spanish,Resident with family,2022-03-30,Active,,821.4,2,5,18
C-32383,Calder Central,2,30-44,English,Owner-occupier,2024-06-20,Active,,549.85,1,1,5
C-32384,Calder Central,3,60-74,English,Private tenancy,2023-02-17,Active,,1063.91,0,3,2
C-32385,Weybridge,3,45-59,Spanish,Private tenancy,2022-01-05,Suspended,,678.26,0,5,18
C-32386,Calder Central,1,30-44,Other,Social tenancy,2021-02-03,Active,,438.2,2,3,9
C-32387,Northgate,1,60-74,Other,No fixed abode,2022-03-11,Active,,478.83,2,6,0
C-32388,Northgate,2,75+,English,Owner-occupier,2023-10-28,Active,,523.72,1,1,12
C-32389,Calder Central,2,45-59,English,No fixed abode,2025-08-27,Active,,632.47,0,1,11
C-32390,Northgate,1,60-74,English,Private tenancy,2022-04-12,Active,,430.94,0,2,3
C-32391,Calder Central,2,75+,Other,No fixed abode,2021-12-26,Suspended,,742.05,2,4,8
C-32392,Weybridge,2,45-59,English,Owner-occupier,2022-12-08,Active,,899.3,1,1,1
C-32393,Ash Hill,4,60-74,Other,Social tenancy,2022-11-21,Active,,1040.48,0,2,3
C-32394,Ash Hill,3,60-74,Spanish,Private tenancy,2021-08-03,Closed,2025-10,755.62,2,5,4
C-32395,Ash Hill,4,60-74,English,Owner-occupier,2023-09-10,Active,,1065.23,0,2,1
C-32396,Weybridge,5,75+,English,Private tenancy,2023-12-30,Active,,1401.28,0,3,14
C-32397,Calder Central,3,75+,English,Social tenancy,2024-11-24,Active,,1183.13,2,1,3
C-32398,Weybridge,1,30-44,English,Owner-occupier,2024-10-02,Suspended,,460.4,2,2,1
C-32399,Northgate,1,30-44,English,Social tenancy,2024-11-01,Active,,664.45,0,0,15
C-32400,Northgate,1,60-74,English,No fixed abode,2022-12-27,Active,,405.4,1,2,8
C-32401,Northgate,1,30-44,English,Resident with family,2024-06-05,Active,,670.99,1,0,8
C-32402,Calder Central,4,18-29,English,Private tenancy,2021-08-11,Closed,2025-07,1350.51,0,1,14
C-32403,Northgate,5,60-74,Spanish,No fixed abode,2022-02-26,Active,,1518.33,1,5,7
C-32404,Northgate,1,60-74,English,Private tenancy,2024-11-28,Active,,765.8,4,0,3
C-32405,Calder Central,1,75+,English,Resident with family,2022-09-10,Active,,732.65,1,0,22
C-32406,Calder Central,4,30-44,Other,Private tenancy,2022-01-07,Active,,848.87,4,6,11
C-32407,Calder Central,2,30-44,English,No fixed abode,2022-10-31,Active,,555.57,1,1,8
C-32408,Northgate,1,30-44,English,Owner-occupier,2023-04-22,Active,,416.06,1,0,21
C-32409,Calder Central,3,75+,Other,Private tenancy,2023-10-22,Active,,1150.71,2,3,13
C-32410,Calder Central,3,18-29,Spanish,Resident with family,2021-04-08,Active,,1056.96,2,6,17
C-32411,Calder Central,1,45-59,English,Private tenancy,2023-01-11,Active,,593.27,1,0,14
C-32412,Weybridge,4,75+,English,No fixed abode,2021-01-24,Active,,1357.73,0,3,7
C-32413,Northgate,3,30-44,English,No fixed abode,2023-05-17,Active,,667.52,1,2,23
C-32414,Calder Central,2,30-44,English,Resident with family,2021-02-23,Active,,758.95,0,1,20
C-32415,Calder Central,3,45-59,Other,No fixed abode,2023-10-05,Suspended,,935.18,0,4,13
C-32416,Calder Central,3,60-74,English,Social tenancy,2021-12-10,Active,,1080.65,0,0,7
C-32417,Northgate,1,45-59,Spanish,Owner-occupier,2023-06-01,Active,,614.82,1,6,12
C-32418,Northgate,1,18-29,English,Resident with family,2021-09-14,Active,,431.29,0,1,17
C-32419,Ash Hill,4,45-59,English,Owner-occupier,2021-04-29,Active,,1236.3,1,4,9
C-32420,Ash Hill,2,30-44,English,No fixed abode,2024-01-26,Active,,509.47,2,1,6
C-32421,Calder Central,3,18-29,English,Private tenancy,2023-08-19,Active,,749.6,2,1,21
C-32422,Weybridge,3,18-29,English,Social tenancy,2021-02-26,Active,,1196.18,1,2,5
C-32423,Northgate,2,45-59,English,No fixed abode,2022-01-02,Active,,823.57,1,0,8
C-32424,Calder Central,2,30-44,Spanish,Resident with family,2022-10-01,Active,,783.98,0,5,23
C-32425,Northgate,1,60-74,English,No fixed abode,2023-05-26,Suspended,,410.25,2,1,9
C-32426,Ash Hill,4,60-74,Other,No fixed abode,2021-05-25,Suspended,,835.15,1,5,11
C-32427,Calder Central,1,60-74,English,Resident with family,2024-03-28,Active,,620.76,0,0,23
C-32428,Weybridge,2,45-59,English,Owner-occupier,2024-07-17,Active,,1029.22,2,2,6
C-32429,Ash Hill,3,60-74,English,Resident with family,2024-04-02,Active,,1120.32,1,3,5
C-32430,Calder Central,2,18-29,English,Resident with family,2022-04-28,Active,,706.76,0,1,9
C-32431,Calder Central,2,30-44,English,No fixed abode,2024-06-03,Active,,900.41,1,2,23
C-32432,Ash Hill,6,60-74,English,Social tenancy,2022-08-22,Active,,1779.62,1,3,3
C-32433,Northgate,1,30-44,Other,Resident with family,2023-12-01,Active,,748.13,4,4,11
C-32434,Ash Hill,3,60-74,Spanish,No fixed abode,2022-09-18,Active,,1018.3,1,5,4
C-32435,Weybridge,1,18-29,Spanish,Private tenancy,2024-12-13,Active,,752.26,3,5,23
C-32436,Ash Hill,1,45-59,English,Private tenancy,2022-04-02,Active,,709.6,0,3,0
C-32437,Calder Central,2,45-59,English,Owner-occupier,2023-02-22,Active,,755.4,0,3,11
C-32438,Calder Central,2,30-44,Spanish,No fixed abode,2022-12-11,Active,,736.86,2,5,14
C-32439,Calder Central,4,60-74,English,Private tenancy,2022-12-27,Active,,1202.09,2,3,8
C-32440,Northgate,1,45-59,Spanish,Owner-occupier,2021-11-10,Active,,560.3,2,5,17
C-32441,Weybridge,3,18-29,English,Private tenancy,2025-04-01,Suspended,,885.59,1,2,6
C-32442,Calder Central,1,30-44,Spanish,Resident with family,2022-09-07,Active,,768.6,3,2,12
C-32443,Calder Central,5,30-44,English,Owner-occupier,2023-11-05,Active,,1127.9,1,4,13
C-32444,Calder Central,3,45-59,English,Owner-occupier,2023-10-18,Active,,924.61,1,1,14
C-32445,Northgate,3,75+,English,Owner-occupier,2023-11-16,Active,,799.55,0,0,15
C-32446,Calder Central,4,45-59,Other,Owner-occupier,2024-08-01,Active,,915.54,3,7,22
C-32447,Northgate,5,60-74,English,Resident with family,2021-08-14,Active,,1406.88,2,6,5
C-32448,Calder Central,4,60-74,English,Owner-occupier,2023-09-30,Closed,2025-08,1286.16,1,3,18
C-32449,Ash Hill,2,45-59,Spanish,Owner-occupier,2024-04-12,Active,,998.21,1,4,22
C-32450,Calder Central,6,45-59,English,Private tenancy,2024-12-13,Active,,1625.07,2,3,0
C-32451,Weybridge,2,45-59,Spanish,Resident with family,2023-11-25,Active,,513.79,4,3,14
C-32452,Calder Central,3,30-44,English,Resident with family,2023-10-19,Active,,1231.48,1,0,4
C-32453,Calder Central,2,45-59,English,No fixed abode,2024-06-12,Active,,579.64,0,0,17
C-32454,Calder Central,5,30-44,English,No fixed abode,2023-12-28,Active,,1014.93,0,4,5
C-32455,Calder Central,4,60-74,English,Private tenancy,2024-12-15,Suspended,,873.68,1,1,1
C-32456,Northgate,3,45-59,English,Owner-occupier,2025-01-10,Closed,2025-10,1164.82,0,1,23
C-32457,Ash Hill,3,45-59,Spanish,Private tenancy,2023-04-30,Active,,814.16,3,5,16
C-32458,Calder Central,4,18-29,English,Owner-occupier,2023-04-08,Active,,806.37,1,0,23
C-32459,Weybridge,3,45-59,English,Private tenancy,2023-10-14,Active,,696.13,0,0,20
C-32460,Ash Hill,5,30-44,English,No fixed abode,2023-08-18,Active,,1197.22,0,1,10
C-32461,Weybridge,3,30-44,English,Resident with family,2024-08-21,Active,,601.59,0,4,19
C-32462,Weybridge,4,30-44,Spanish,No fixed abode,2025-01-16,Active,,886.89,2,6,3
C-32463,Calder Central,5,60-74,Other,No fixed abode,2024-08-07,Suspended,,872.32,1,2,6
C-32464,Calder Central,3,45-59,English,No fixed abode,2024-07-02,Closed,2025-11,921.42,1,1,12
C-32465,Northgate,2,60-74,English,Social tenancy,2022-01-09,Active,,549.16,0,4,3
C-32466,Calder Central,1,60-74,English,Social tenancy,2024-09-02,Active,,708.34,0,2,3
C-32467,Calder Central,6,18-29,English,Owner-occupier,2021-02-26,Active,,1270.76,1,0,9
C-32468,Calder Central,5,30-44,Spanish,Resident with family,2024-04-28,Active,,1576.92,1,6,9
C-32469,Northgate,1,45-59,English,Private tenancy,2021-07-18,Active,,742.41,1,1,1
C-32470,Calder Central,1,75+,Other,Resident with family,2022-01-11,Active,,668.28,3,3,9
C-32471,Weybridge,3,75+,English,Private tenancy,2022-08-14,Active,,1195.12,2,4,22
C-32472,Northgate,4,30-44,English,Private tenancy,2025-06-16,Active,,1018.29,0,2,10
C-32473,Northgate,4,30-44,English,Resident with family,2023-02-18,Active,,798.96,2,2,15
C-32474,Weybridge,1,30-44,English,Social tenancy,2021-08-05,Active,,459.74,0,1,0
C-32475,Northgate,1,30-44,Other,Owner-occupier,2023-09-02,Active,,710.05,4,5,5
C-32476,Ash Hill,2,45-59,English,Resident with family,2022-10-21,Active,,830.34,1,1,16
C-32477,Calder Central,1,30-44,English,Private tenancy,2021-05-06,Active,,550.47,0,1,0
C-32478,Weybridge,1,75+,English,Resident with family,2021-03-27,Active,,519.36,1,1,14
C-32479,Weybridge,2,18-29,English,Owner-occupier,2021-03-20,Active,,1026.09,0,3,21
C-32480,Calder Central,5,60-74,English,Social tenancy,2021-01-19,Active,,1497.37,0,1,16
C-32481,Northgate,3,45-59,Spanish,No fixed abode,2024-05-10,Active,,719.43,1,2,14
C-32482,Calder Central,1,45-59,Other,Resident with family,2024-07-18,Active,,420.68,4,4,13
C-32483,Weybridge,1,60-74,English,Owner-occupier,2023-12-20,Active,,642.44,0,0,13
C-32484,Weybridge,2,30-44,English,Private tenancy,2023-10-06,Active,,892.45,3,5,18
C-32485,Calder Central,1,18-29,English,No fixed abode,2022-03-22,Active,,530.38,0,3,18
C-32486,Ash Hill,4,75+,English,No fixed abode,2025-03-05,Active,,1174.27,2,1,15
C-32487,Calder Central,4,30-44,Spanish,Social tenancy,2021-04-22,Active,,1100.75,2,7,2
C-32488,Calder Central,3,60-74,Spanish,Social tenancy,2021-09-22,Active,,735.52,1,3,1
C-32489,Northgate,1,60-74,English,Social tenancy,2024-05-26,Active,,425.45,1,0,6
C-32490,Weybridge,3,60-74,English,Resident with family,2023-03-19,Active,,1231.79,1,3,12
C-32491,Calder Central,1,75+,English,No fixed abode,2022-10-17,Active,,484.29,1,4,20
C-32492,Calder Central,4,30-44,English,Resident with family,2024-01-16,Active,,1183.48,2,2,10
C-32493,Northgate,3,60-74,English,Social tenancy,2022-06-27,Active,,694.84,0,3,21
C-32494,Weybridge,1,45-59,English,Social tenancy,2021-06-27,Closed,2025-08,516.84,0,1,14
C-32495,Calder Central,2,30-44,English,Owner-occupier,2023-01-03,Active,,932.15,1,1,22
C-32496,Calder Central,2,75+,Spanish,Resident with family,2021-06-16,Active,,773.59,1,3,19
C-32497,Calder Central,2,30-44,English,No fixed abode,2021-09-29,Active,,624.17,1,2,5
C-32498,Northgate,3,75+,Other,Resident with family,2023-07-01,Active,,768.0,0,6,13
C-32499,Weybridge,4,18-29,English,Owner-occupier,2023-11-15,Active,,800.51,1,3,9
C-32500,Weybridge,4,30-44,English,Private tenancy,2021-09-20,Active,,815.78,0,4,9
C-32501,Ash Hill,1,30-44,English,Resident with family,2021-07-26,Active,,755.29,2,1,10
C-32502,Calder Central,1,45-59,English,Private tenancy,2021-01-04,Active,,435.04,0,3,17
C-32503,Weybridge,2,75+,English,Resident with family,2024-12-09,Active,,994.81,0,2,22
C-32504,Northgate,3,18-29,English,Private tenancy,2022-03-28,Active,,1108.31,1,1,23
C-32505,Weybridge,3,18-29,English,Owner-occupier,2023-09-20,Active,,1131.69,0,0,12
C-32506,Northgate,1,30-44,English,Social tenancy,2025-07-28,Active,,543.37,1,2,15
C-32507,Calder Central,1,45-59,English,Resident with family,2024-02-12,Active,,418.1,1,0,11
C-32508,Northgate,1,30-44,English,Private tenancy,2022-01-18,Active,,568.6,2,2,2
C-32509,Northgate,4,30-44,English,Private tenancy,2023-01-19,Active,,1024.44,1,2,18
C-32510,Weybridge,4,45-59,English,No fixed abode,2022-11-26,Active,,1417.05,0,1,20
C-32511,Calder Central,3,45-59,Other,Owner-occupier,2025-03-20,Active,,784.71,1,5,1
C-32512,Calder Central,1,18-29,English,No fixed abode,2025-01-16,Active,,514.62,3,2,8
C-32513,Weybridge,4,60-74,English,No fixed abode,2023-11-13,Active,,1098.04,0,1,7
C-32514,Calder Central,5,45-59,Spanish,Resident with family,2022-05-03,Active,,1327.34,2,4,16
C-32515,Northgate,2,60-74,English,Social tenancy,2023-09-11,Active,,1027.11,2,4,6
C-32516,Calder Central,3,60-74,English,Resident with family,2022-02-25,Active,,1077.82,0,4,3
C-32517,Weybridge,3,45-59,English,Resident with family,2025-01-02,Active,,1069.5,0,1,10
C-32518,Calder Central,2,60-74,English,Private tenancy,2021-05-20,Active,,667.06,1,0,0
C-32519,Weybridge,3,60-74,English,Social tenancy,2021-08-03,Active,,1025.82,2,2,1
C-32520,Ash Hill,1,30-44,English,Owner-occupier,2025-02-11,Active,,524.06,1,2,21
C-32521,Ash Hill,4,45-59,English,Owner-occupier,2021-06-12,Active,,1322.43,1,2,8
C-32522,Weybridge,3,30-44,English,No fixed abode,2021-09-06,Active,,965.71,0,0,18
C-32523,Weybridge,3,30-44,English,No fixed abode,2024-11-29,Active,,964.38,1,1,14
C-32524,Weybridge,5,75+,English,Private tenancy,2023-11-16,Active,,958.21,2,0,16
C-32525,Northgate,3,18-29,English,Social tenancy,2024-10-14,Active,,1109.86,2,3,6
C-32526,Weybridge,1,75+,English,No fixed abode,2023-06-05,Active,,599.43,1,1,5
C-32527,Weybridge,1,45-59,Spanish,Resident with family,2021-06-19,Active,,633.78,4,6,23
C-32528,Calder Central,1,18-29,English,Social tenancy,2022-03-21,Active,,467.45,0,2,6
C-32529,Northgate,1,60-74,English,Resident with family,2022-01-19,Active,,504.37,2,3,23
C-32530,Northgate,5,30-44,English,Resident with family,2021-03-08,Active,,1232.34,1,3,2
C-32531,Ash Hill,4,60-74,English,Social tenancy,2024-12-03,Active,,1252.35,2,1,18
C-32532,Ash Hill,2,75+,Spanish,Private tenancy,2024-07-22,Active,,784.44,2,5,19
C-32533,Ash Hill,2,45-59,English,Social tenancy,2024-09-07,Active,,770.99,0,2,22
C-32534,Ash Hill,1,45-59,English,No fixed abode,2021-10-02,Active,,499.37,1,2,19
C-32535,Weybridge,3,60-74,English,No fixed abode,2021-11-25,Active,,690.65,0,0,6
C-32536,Calder Central,1,30-44,English,Resident with family,2023-06-22,Suspended,,403.14,2,1,7
C-32537,Weybridge,4,60-74,English,No fixed abode,2025-03-14,Active,,1249.3,1,2,23
C-32538,Northgate,3,30-44,English,Resident with family,2023-02-02,Active,,869.41,3,0,1
C-32539,Northgate,2,30-44,English,No fixed abode,2022-07-21,Active,,599.99,0,5,5
C-32540,Ash Hill,3,45-59,Spanish,Owner-occupier,2022-07-21,Active,,1058.67,1,4,18
C-32541,Northgate,1,45-59,English,Social tenancy,2022-12-10,Active,,704.01,2,2,6
C-32542,Northgate,2,45-59,English,No fixed abode,2025-06-06,Closed,2025-10,982.96,0,3,23
C-32543,Calder Central,1,60-74,English,Private tenancy,2023-04-17,Active,,453.13,0,1,8
C-32544,Ash Hill,4,60-74,English,Owner-occupier,2021-09-11,Closed,2025-11,1345.29,0,3,12
C-32545,Weybridge,2,18-29,English,Owner-occupier,2021-05-24,Closed,2025-10,993.6,1,3,1
C-32546,Ash Hill,3,18-29,English,Private tenancy,2023-07-29,Active,,1141.44,1,4,9
C-32547,Ash Hill,5,45-59,English,Private tenancy,2024-03-30,Active,,878.07,0,5,13
C-32548,Northgate,1,18-29,English,No fixed abode,2021-05-23,Active,,675.46,1,1,3
C-32549,Ash Hill,1,30-44,English,Owner-occupier,2024-12-20,Active,,746.85,0,1,4
C-32550,Ash Hill,3,75+,Spanish,Social tenancy,2022-09-29,Active,,967.14,2,7,10
C-32551,Northgate,5,75+,English,No fixed abode,2021-01-31,Active,,1517.9,1,1,1
C-32552,Northgate,1,60-74,Spanish,Social tenancy,2021-05-26,Active,,617.93,3,3,11
C-32553,Northgate,3,18-29,Spanish,Social tenancy,2025-05-23,Suspended,,819.95,0,4,17
C-32554,Northgate,4,75+,English,No fixed abode,2024-06-15,Active,,1168.96,0,0,19
C-32555,Weybridge,3,18-29,English,Owner-occupier,2021-03-17,Active,,787.67,2,6,23
C-32556,Calder Central,4,75+,English,Resident with family,2021-04-19,Active,,1418.99,1,1,10
C-32557,Northgate,4,45-59,English,Private tenancy,2023-04-01,Active,,945.83,0,3,7
C-32558,Calder Central,3,30-44,English,Owner-occupier,2025-08-28,Active,,907.52,0,1,23
C-32559,Weybridge,1,75+,English,Private tenancy,2024-10-05,Active,,755.74,1,2,4
C-32560,Calder Central,1,18-29,English,Resident with family,2022-09-13,Active,,617.67,3,4,16
C-32561,Weybridge,1,45-59,English,No fixed abode,2025-02-10,Active,,596.07,1,0,14
C-32562,Weybridge,6,45-59,English,Social tenancy,2022-04-11,Active,,1589.26,0,3,23
C-32563,Northgate,2,45-59,Spanish,No fixed abode,2021-08-17,Active,,645.94,1,3,6
C-32564,Ash Hill,1,60-74,English,Owner-occupier,2021-07-28,Suspended,,525.57,0,2,7
C-32565,Northgate,1,45-59,English,Private tenancy,2021-02-16,Active,,418.64,0,4,1
C-32566,Weybridge,3,30-44,English,Private tenancy,2023-11-22,Active,,1180.52,1,1,5
C-32567,Northgate,2,18-29,English,Resident with family,2021-10-28,Active,,952.57,1,1,11
C-32568,Northgate,1,45-59,Spanish,Resident with family,2021-10-16,Active,,525.02,2,3,20
C-32569,Calder Central,4,30-44,English,Owner-occupier,2023-07-25,Active,,754.7,1,1,16
C-32570,Northgate,1,30-44,English,Social tenancy,2022-11-06,Closed,2025-08,631.63,0,2,8
C-32571,Calder Central,2,18-29,Other,No fixed abode,2024-11-07,Active,,721.93,1,3,0
C-32572,Weybridge,3,60-74,English,Social tenancy,2024-11-12,Active,,764.78,0,2,16
C-32573,Calder Central,1,45-59,English,Social tenancy,2022-11-05,Active,,672.98,0,3,7
C-32574,Northgate,2,60-74,English,Social tenancy,2022-02-22,Active,,667.49,0,3,8
C-32575,Ash Hill,3,30-44,English,Resident with family,2023-02-02,Active,,1217.19,0,2,14
C-32576,Northgate,3,30-44,English,Private tenancy,2024-09-03,Active,,965.13,0,1,5
C-32577,Northgate,1,60-74,English,Owner-occupier,2023-01-05,Active,,446.43,1,1,16
C-32578,Northgate,2,45-59,Spanish,Resident with family,2025-06-29,Suspended,,639.02,3,5,23
C-32579,Ash Hill,2,60-74,English,Resident with family,2022-05-23,Active,,921.6,2,1,20
C-32580,Ash Hill,1,18-29,English,Resident with family,2024-11-17,Active,,452.88,2,1,13
C-32581,Calder Central,3,30-44,English,Private tenancy,2023-04-08,Active,,1108.1,1,2,12
C-32582,Weybridge,2,18-29,English,Private tenancy,2021-09-17,Active,,950.52,1,2,5
C-32583,Northgate,2,18-29,Spanish,Social tenancy,2024-04-11,Active,,917.48,2,5,18
C-32584,Weybridge,4,30-44,English,Resident with family,2022-08-30,Active,,798.74,0,1,19
C-32585,Ash Hill,2,30-44,English,Social tenancy,2022-01-20,Active,,808.66,1,2,7
C-32586,Weybridge,1,45-59,Spanish,No fixed abode,2021-03-30,Closed,2025-10,683.04,1,5,20
C-32587,Calder Central,5,30-44,English,Resident with family,2023-08-25,Active,,1082.23,0,0,22
C-32588,Northgate,1,75+,English,Social tenancy,2024-04-08,Active,,484.25,0,3,15
C-32589,Ash Hill,2,18-29,Spanish,Private tenancy,2021-03-11,Active,,1031.89,2,3,16
C-32590,Calder Central,2,18-29,English,Private tenancy,2024-12-18,Active,,530.31,1,2,3
C-32591,Ash Hill,1,75+,Spanish,Owner-occupier,2023-09-14,Active,,382.12,0,4,11
C-32592,Calder Central,2,18-29,English,Private tenancy,2024-06-25,Active,,892.79,0,1,10
C-32593,Ash Hill,2,45-59,English,No fixed abode,2022-01-15,Active,,1005.69,2,2,15
C-32594,Calder Central,2,30-44,English,Owner-occupier,2024-08-16,Active,,588.47,0,2,0
C-32595,Ash Hill,1,60-74,English,Resident with family,2022-03-28,Active,,387.68,0,1,17
C-32596,Weybridge,1,60-74,Other,No fixed abode,2022-03-07,Active,,377.83,5,6,13
C-32597,Calder Central,1,60-74,English,Social tenancy,2024-10-11,Active,,686.11,1,0,14
C-32598,Calder Central,2,45-59,Spanish,Private tenancy,2021-02-06,Active,,875.38,2,4,9
C-32599,Northgate,1,45-59,English,Owner-occupier,2021-06-19,Active,,382.6,0,2,22
C-32600,Northgate,2,30-44,English,Social tenancy,2021-01-11,Active,,502.12,3,3,12
C-32601,Northgate,2,45-59,English,Private tenancy,2023-09-26,Active,,688.14,1,3,21
C-32602,Northgate,2,45-59,Spanish,No fixed abode,2021-12-01,Active,,1000.11,2,7,5
C-32603,Weybridge,4,45-59,English,Social tenancy,2023-10-10,Active,,788.71,1,2,13
C-32604,Calder Central,2,45-59,English,Owner-occupier,2021-09-13,Active,,993.16,1,2,23
C-32605,Calder Central,3,30-44,English,Private tenancy,2023-12-21,Active,,1168.63,1,2,22
C-32606,Weybridge,3,30-44,Spanish,Private tenancy,2024-07-21,Active,,925.62,1,5,16
C-32607,Calder Central,1,30-44,English,Resident with family,2024-04-18,Closed,2025-10,632.78,2,3,21
C-32608,Northgate,1,75+,Spanish,Resident with family,2021-08-26,Active,,570.72,0,3,0
C-32609,Northgate,4,45-59,English,Private tenancy,2022-01-31,Active,,1116.06,1,4,17
C-32610,Ash Hill,2,75+,English,Owner-occupier,2021-02-03,Suspended,,845.61,0,4,23
C-32611,Northgate,4,60-74,Spanish,Owner-occupier,2025-02-17,Active,,1409.97,1,8,15
C-32612,Northgate,5,45-59,English,Social tenancy,2022-07-02,Active,,825.86,1,3,1
C-32613,Northgate,1,18-29,English,Owner-occupier,2024-07-29,Active,,758.99,0,1,11
C-32614,Northgate,2,30-44,English,Social tenancy,2022-05-03,Active,,866.12,0,4,0
C-32615,Weybridge,1,30-44,Spanish,Owner-occupier,2021-04-21,Active,,653.69,1,2,9
C-32616,Ash Hill,6,60-74,English,Owner-occupier,2021-08-15,Active,,1648.73,0,2,5
C-32617,Weybridge,1,60-74,English,Resident with family,2022-12-13,Closed,2025-10,570.51,0,0,19
C-32618,Calder Central,1,75+,English,Owner-occupier,2022-12-13,Suspended,,410.5,0,0,12
C-32619,Northgate,2,30-44,English,Resident with family,2024-12-02,Active,,588.3,0,2,15
C-32620,Weybridge,2,60-74,English,Private tenancy,2024-01-11,Active,,608.39,0,3,20
C-32621,Northgate,2,30-44,English,Social tenancy,2024-10-14,Active,,583.27,1,1,14
C-32622,Northgate,2,45-59,English,Social tenancy,2024-07-10,Active,,621.04,0,2,8
C-32623,Calder Central,4,45-59,Other,Social tenancy,2022-07-19,Active,,1398.07,1,5,21
C-32624,Calder Central,2,60-74,English,Social tenancy,2023-01-18,Active,,621.57,0,0,11
C-32625,Ash Hill,3,30-44,Spanish,No fixed abode,2021-09-29,Active,,1036.44,3,5,22
C-32626,Calder Central,2,60-74,Other,Social tenancy,2023-09-21,Active,,622.68,2,5,4
C-32627,Weybridge,3,45-59,English,Resident with family,2021-08-22,Active,,887.89,1,0,4
C-32628,Calder Central,2,75+,English,Private tenancy,2021-11-26,Active,,920.51,1,3,12
C-32629,Northgate,1,30-44,English,No fixed abode,2024-04-04,Active,,375.27,1,3,18
C-32630,Weybridge,1,60-74,English,No fixed abode,2024-06-16,Active,,704.76,0,5,18
C-32631,Calder Central,2,45-59,English,Owner-occupier,2025-02-08,Active,,914.01,0,1,21
C-32632,Calder Central,4,60-74,English,Owner-occupier,2025-03-25,Active,,1377.32,1,3,7
C-32633,Weybridge,1,18-29,English,Social tenancy,2021-08-28,Active,,525.94,1,2,6
C-32634,Weybridge,1,18-29,English,No fixed abode,2023-06-15,Active,,389.19,0,2,18
C-32635,Ash Hill,1,30-44,English,Owner-occupier,2023-08-27,Active,,496.73,1,2,16
C-32636,Calder Central,6,30-44,Spanish,No fixed abode,2021-10-11,Suspended,,1034.89,0,3,7
C-32637,Weybridge,3,45-59,English,Resident with family,2022-02-20,Active,,674.29,2,3,6
C-32638,Weybridge,1,75+,Other,No fixed abode,2022-10-15,Closed,2025-10,764.13,1,4,22
C-32639,Northgate,1,30-44,English,Resident with family,2022-01-20,Active,,673.67,0,2,1
C-32640,Calder Central,1,60-74,Other,Owner-occupier,2023-02-03,Active,,643.06,1,2,9
C-32641,Weybridge,1,60-74,English,Owner-occupier,2025-05-25,Active,,569.91,2,3,15
C-32642,Calder Central,2,60-74,English,Private tenancy,2023-05-26,Active,,898.12,0,3,7
C-32643,Calder Central,1,60-74,Other,Owner-occupier,2025-01-21,Active,,382.17,2,3,8
C-32644,Ash Hill,1,30-44,English,Private tenancy,2022-10-14,Active,,372.15,2,2,7
C-32645,Northgate,1,75+,English,Social tenancy,2021-05-06,Closed,2025-10,722.36,1,3,22
C-32646,Northgate,2,30-44,English,Social tenancy,2023-10-16,Active,,994.65,0,3,17
C-32647,Weybridge,1,45-59,English,Owner-occupier,2024-06-07,Active,,562.9,0,0,6
C-32648,Calder Central,4,60-74,English,Resident with family,2025-06-07,Active,,1020.18,2,3,12
C-32649,Northgate,2,18-29,English,Social tenancy,2021-04-10,Active,,683.42,0,1,10
C-32650,Weybridge,1,30-44,English,Owner-occupier,2021-02-19,Active,,439.38,2,3,2
C-32651,Weybridge,2,60-74,Other,Resident with family,2025-07-05,Suspended,,624.33,1,4,6
C-32652,Ash Hill,2,45-59,English,No fixed abode,2024-07-06,Suspended,,505.37,0,4,6
C-32653,Northgate,1,18-29,English,Social tenancy,2025-06-05,Active,,757.74,0,1,21
C-32654,Calder Central,1,18-29,English,Resident with family,2025-03-06,Active,,428.33,1,3,12
C-32655,Northgate,2,60-74,English,Private tenancy,2023-10-21,Active,,586.19,1,0,2
C-32656,Northgate,2,45-59,English,Private tenancy,2023-01-21,Active,,890.14,0,0,1
C-32657,Calder Central,5,60-74,English,Private tenancy,2025-05-07,Active,,812.47,2,2,5
C-32658,Ash Hill,1,75+,English,No fixed abode,2022-02-19,Active,,538.81,0,1,1
C-32659,Weybridge,1,60-74,Other,No fixed abode,2024-11-19,Active,,658.62,2,4,22
C-32660,Weybridge,4,18-29,English,Social tenancy,2025-01-16,Active,,1407.2,0,4,13
C-32661,Weybridge,2,45-59,English,Owner-occupier,2025-06-18,Active,,517.31,1,2,12
C-32662,Northgate,1,18-29,English,Private tenancy,2024-10-17,Active,,471.19,2,3,14
C-32663,Northgate,2,45-59,English,Social tenancy,2024-08-04,Active,,639.24,2,2,13
C-32664,Ash Hill,1,18-29,English,Private tenancy,2021-04-13,Active,,697.44,0,4,11
C-32665,Ash Hill,1,45-59,English,Resident with family,2022-04-27,Active,,596.83,0,2,12
C-32666,Weybridge,2,18-29,Spanish,Owner-occupier,2023-02-19,Active,,1011.84,3,6,15
C-32667,Calder Central,3,60-74,English,Social tenancy,2021-09-15,Active,,638.36,1,0,13
C-32668,Northgate,1,18-29,Other,No fixed abode,2021-04-06,Active,,388.69,2,4,16
C-32669,Calder Central,1,30-44,English,No fixed abode,2023-01-25,Active,,495.43,0,1,23
C-32670,Calder Central,3,30-44,Other,Private tenancy,2022-03-30,Active,,709.1,0,4,18
C-32671,Weybridge,3,18-29,Spanish,Owner-occupier,2024-07-06,Active,,931.72,2,3,0
C-32672,Northgate,1,60-74,English,No fixed abode,2025-02-05,Active,,499.68,1,3,2
C-32673,Calder Central,2,60-74,Spanish,Owner-occupier,2022-01-13,Active,,1013.91,2,2,7
C-32674,Weybridge,1,45-59,English,Resident with family,2022-12-09,Active,,677.75,0,1,10
C-32675,Weybridge,2,30-44,English,No fixed abode,2023-03-16,Active,,513.1,1,2,18
C-32676,Ash Hill,1,45-59,English,Resident with family,2023-06-26,Active,,452.6,2,2,6
C-32677,Northgate,1,75+,English,Owner-occupier,2024-05-04,Active,,665.31,1,0,10
C-32678,Ash Hill,3,60-74,English,Owner-occupier,2022-10-24,Active,,938.74,1,2,6
C-32679,Weybridge,1,60-74,English,No fixed abode,2022-03-30,Active,,467.52,2,2,1
C-32680,Calder Central,3,30-44,English,Social tenancy,2025-05-12,Active,,744.34,0,2,4
C-32681,Ash Hill,5,18-29,English,Owner-occupier,2022-11-24,Active,,1237.81,0,1,12
C-32682,Ash Hill,2,45-59,English,Private tenancy,2023-12-05,Active,,579.52,1,3,16
C-32683,Calder Central,3,75+,Spanish,Owner-occupier,2021-01-12,Active,,668.95,2,7,14
C-32684,Ash Hill,3,30-44,English,Resident with family,2022-01-20,Active,,639.81,1,3,13
C-32685,Calder Central,3,45-59,English,No fixed abode,2024-12-03,Active,,768.35,1,5,8
C-32686,Calder Central,1,75+,English,Resident with family,2023-06-30,Active,,545.98,1,0,14
C-32687,Calder Central,2,18-29,English,Private tenancy,2025-06-08,Active,,634.08,1,0,3
C-32688,Calder Central,1,75+,English,Private tenancy,2024-05-02,Active,,418.93,1,2,16
C-32689,Weybridge,1,75+,English,Owner-occupier,2024-05-05,Active,,551.41,3,0,16
C-32690,Northgate,4,75+,English,Social tenancy,2023-05-04,Active,,1268.89,0,0,17
C-32691,Northgate,1,45-59,English,Resident with family,2024-07-17,Active,,643.12,2,1,7
C-32692,Northgate,5,75+,Other,No fixed abode,2025-04-14,Closed,2025-09,1069.54,3,7,14
C-32693,Calder Central,1,45-59,English,Resident with family,2024-07-06,Active,,511.54,0,2,1
C-32694,Ash Hill,2,30-44,English,Owner-occupier,2023-10-13,Active,,814.94,1,0,20
C-32695,Calder Central,4,18-29,English,Social tenancy,2025-07-04,Active,,842.18,0,1,20
C-32696,Weybridge,5,45-59,Spanish,Private tenancy,2023-06-18,Active,,1423.27,0,5,11
C-32697,Calder Central,2,60-74,English,Social tenancy,2022-09-23,Active,,596.05,2,1,7
C-32698,Northgate,4,45-59,English,No fixed abode,2022-05-09,Active,,1041.73,2,0,8
C-32699,Weybridge,5,45-59,English,Owner-occupier,2024-04-21,Active,,933.67,0,2,1
C-32700,Weybridge,1,30-44,Other,Private tenancy,2021-10-05,Active,,424.72,1,4,2
C-32701,Calder Central,2,60-74,English,Owner-occupier,2021-09-03,Active,,1024.42,0,1,2
C-32702,Calder Central,4,18-29,English,Private tenancy,2024-02-16,Active,,1143.43,2,3,22
C-32703,Calder Central,1,30-44,English,Owner-occupier,2021-07-07,Active,,572.02,0,2,4
C-32704,Calder Central,2,45-59,English,Social tenancy,2023-03-23,Active,,775.95,0,0,21
C-32705,Northgate,2,30-44,English,Social tenancy,2021-12-31,Active,,643.93,0,2,7
C-32706,Ash Hill,1,45-59,English,Owner-occupier,2022-02-16,Active,,737.42,1,1,9
C-32707,Northgate,6,30-44,English,Resident with family,2022-11-05,Active,,1200.25,0,2,15
C-32708,Ash Hill,3,45-59,Other,Private tenancy,2021-01-27,Closed,2025-09,1126.42,3,4,21
C-32709,Calder Central,3,30-44,English,No fixed abode,2024-01-02,Active,,941.64,0,1,15
C-32710,Calder Central,2,18-29,English,Private tenancy,2024-09-23,Active,,787.45,1,4,4
C-32711,Northgate,3,18-29,English,Resident with family,2025-01-25,Active,,814.88,0,1,15
C-32712,Northgate,4,60-74,English,No fixed abode,2022-08-23,Active,,961.83,0,2,17
C-32713,Weybridge,5,30-44,English,Social tenancy,2024-11-01,Active,,849.96,0,0,13
C-32714,Weybridge,3,30-44,English,Owner-occupier,2021-02-22,Active,,1226.48,1,0,8
C-32715,Calder Central,1,45-59,English,Resident with family,2023-04-15,Active,,723.92,1,3,17
C-32716,Calder Central,5,30-44,English,Social tenancy,2022-02-26,Active,,1556.7,2,0,13
C-32717,Weybridge,4,60-74,English,No fixed abode,2024-09-10,Active,,819.17,0,4,3
C-32718,Weybridge,1,60-74,Spanish,Social tenancy,2025-04-27,Active,,591.53,3,5,21
C-32719,Weybridge,1,60-74,English,Private tenancy,2023-10-05,Closed,2025-11,419.3,1,3,14
C-32720,Calder Central,6,30-44,Spanish,No fixed abode,2024-12-04,Active,,1823.8,0,6,20
C-32721,Weybridge,4,60-74,English,Private tenancy,2023-05-16,Active,,1138.91,0,2,19
C-32722,Northgate,2,60-74,English,Owner-occupier,2021-05-26,Active,,543.42,0,3,15
C-32723,Northgate,2,45-59,English,Social tenancy,2022-01-24,Active,,986.15,0,1,19
C-32724,Ash Hill,2,60-74,English,Owner-occupier,2025-04-05,Active,,794.07,1,4,16
C-32725,Calder Central,1,60-74,English,Private tenancy,2023-03-28,Active,,387.3,0,1,8
C-32726,Calder Central,3,18-29,English,No fixed abode,2023-06-24,Active,,1162.09,2,4,18
C-32727,Northgate,2,75+,Spanish,Social tenancy,2021-06-27,Suspended,,719.07,1,5,17
C-32728,Calder Central,1,30-44,English,Private tenancy,2021-11-16,Active,,587.41,0,3,19
C-32729,Ash Hill,3,18-29,English,No fixed abode,2024-12-14,Active,,863.68,0,1,0
C-32730,Calder Central,6,18-29,English,Resident with family,2022-05-14,Active,,1213.18,0,3,16
C-32731,Northgate,2,45-59,English,Owner-occupier,2021-10-26,Active,,884.9,1,2,18
C-32732,Northgate,3,30-44,English,Private tenancy,2024-09-10,Active,,1116.63,2,0,5
C-32733,Weybridge,1,45-59,English,Private tenancy,2025-05-17,Active,,705.29,0,3,12
C-32734,Calder Central,1,18-29,English,Owner-occupier,2023-04-30,Active,,725.87,0,1,19
C-32735,Weybridge,2,45-59,Spanish,Social tenancy,2023-08-10,Active,,843.77,5,4,3
C-32736,Northgate,2,18-29,English,No fixed abode,2025-03-22,Active,,991.31,1,1,3
C-32737,Calder Central,2,75+,English,Resident with family,2021-04-27,Active,,890.16,1,2,9
C-32738,Northgate,2,60-74,English,Resident with family,2023-01-25,Closed,2025-08,538.86,2,3,15
C-32739,Weybridge,1,30-44,English,Owner-occupier,2021-10-08,Active,,568.51,0,1,6
C-32740,Calder Central,1,60-74,Spanish,Resident with family,2021-01-26,Active,,683.51,2,5,14
C-32741,Ash Hill,2,45-59,English,Private tenancy,2021-04-22,Active,,878.4,1,0,4
C-32742,Weybridge,2,45-59,English,No fixed abode,2023-09-18,Active,,763.24,0,3,23
C-32743,Ash Hill,2,18-29,English,Owner-occupier,2021-10-15,Active,,1033.81,1,2,21
C-32744,Calder Central,3,45-59,English,Private tenancy,2021-03-29,Suspended,,647.74,0,1,3
C-32745,Northgate,4,60-74,Spanish,Resident with family,2021-02-08,Active,,721.62,2,2,7
C-32746,Calder Central,4,30-44,English,Resident with family,2024-07-23,Active,,1084.68,1,3,8
C-32747,Ash Hill,1,30-44,Spanish,No fixed abode,2021-11-29,Active,,704.2,2,6,1
C-32748,Northgate,2,45-59,Spanish,Private tenancy,2024-07-27,Closed,2025-12,1004.13,2,3,7
C-32749,Ash Hill,2,30-44,English,Owner-occupier,2022-08-02,Active,,517.76,0,1,12
C-32750,Weybridge,4,18-29,Other,No fixed abode,2025-07-15,Active,,1093.68,1,5,18
C-32751,Northgate,4,18-29,English,Social tenancy,2024-10-07,Active,,810.9,0,0,8
C-32752,Northgate,1,45-59,Spanish,Social tenancy,2025-05-18,Active,,671.14,1,5,0
C-32753,Calder Central,3,18-29,English,Private tenancy,2023-05-23,Active,,611.7,1,0,20
C-32754,Weybridge,5,60-74,English,Private tenancy,2021-02-18,Active,,1155.7,2,1,11
C-32755,Calder Central,2,60-74,English,No fixed abode,2021-06-08,Active,,948.87,1,2,14
C-32756,Calder Central,3,45-59,English,No fixed abode,2025-01-15,Active,,867.07,1,1,14
C-32757,Northgate,3,75+,English,Owner-occupier,2023-03-30,Suspended,,932.16,0,2,17
C-32758,Weybridge,3,45-59,English,No fixed abode,2024-08-04,Active,,1044.82,0,3,3
C-32759,Weybridge,3,60-74,English,Resident with family,2022-07-25,Active,,1117.39,1,4,23
C-32760,Ash Hill,5,30-44,English,Resident with family,2022-04-09,Active,,1496.07,0,2,13
C-32761,Ash Hill,3,30-44,Spanish,Private tenancy,2025-05-08,Active,,1059.73,0,2,19
C-32762,Northgate,2,60-74,Other,Social tenancy,2024-09-03,Active,,530.49,3,6,6
C-32763,Northgate,3,75+,English,Resident with family,2025-05-03,Suspended,,627.13,0,1,12
C-32764,Calder Central,6,18-29,English,No fixed abode,2023-03-29,Active,,1304.79,1,2,18
C-32765,Calder Central,2,18-29,English,No fixed abode,2022-10-04,Closed,2025-09,833.46,2,4,7
C-32766,Calder Central,5,30-44,Other,Social tenancy,2024-11-24,Active,,881.65,0,4,16
C-32767,Northgate,3,75+,English,Social tenancy,2024-07-10,Closed,2025-10,693.02,2,3,20
C-32768,Calder Central,2,60-74,English,Social tenancy,2022-02-14,Active,,1012.72,2,3,20
C-32769,Northgate,1,75+,English,Private tenancy,2025-02-04,Active,,472.47,0,2,16
C-32770,Calder Central,2,45-59,English,Owner-occupier,2023-01-22,Suspended,,609.32,3,2,4
C-32771,Northgate,4,45-59,English,Resident with family,2025-04-23,Active,,787.38,0,4,0
C-32772,Northgate,1,75+,Other,No fixed abode,2021-08-25,Active,,682.37,1,5,6
C-32773,Calder Central,2,75+,English,No fixed abode,2023-11-19,Closed,2025-09,954.46,0,2,10
C-32774,Northgate,4,75+,English,Social tenancy,2024-07-26,Active,,700.68,1,0,4
C-32775,Weybridge,1,18-29,English,Owner-occupier,2021-03-19,Active,,692.84,0,3,15
C-32776,Calder Central,2,45-59,English,Resident with family,2023-07-28,Active,,501.99,0,1,7
C-32777,Weybridge,1,45-59,English,Resident with family,2025-03-18,Active,,755.8,0,2,5
C-32778,Ash Hill,1,45-59,English,Owner-occupier,2023-04-27,Active,,393.72,1,2,18
C-32779,Northgate,5,18-29,English,Social tenancy,2025-03-21,Suspended,,914.28,0,3,8
C-32780,Ash Hill,1,60-74,English,Resident with family,2022-08-19,Active,,508.71,0,3,8
C-32781,Calder Central,4,60-74,English,Owner-occupier,2022-06-27,Active,,1403.67,0,3,6
C-32782,Calder Central,1,60-74,English,Social tenancy,2022-09-23,Active,,497.57,0,0,17
C-32783,Calder Central,3,60-74,English,No fixed abode,2021-01-14,Closed,2025-09,1186.68,0,1,13
C-32784,Northgate,2,18-29,English,Private tenancy,2021-06-07,Suspended,,840.66,1,5,17
C-32785,Calder Central,1,30-44,English,Resident with family,2022-06-28,Active,,379.97,1,0,22
C-32786,Calder Central,1,60-74,English,Private tenancy,2025-04-22,Active,,514.26,1,0,4
C-32787,Ash Hill,1,18-29,English,Social tenancy,2023-08-16,Active,,376.4,3,2,20
C-32788,Weybridge,3,30-44,Other,Private tenancy,2024-01-07,Active,,606.54,1,4,23
C-32789,Calder Central,5,30-44,English,Social tenancy,2023-06-25,Active,,1537.37,0,2,6
C-32790,Weybridge,2,30-44,English,Private tenancy,2022-12-09,Active,,741.97,0,1,8
C-32791,Ash Hill,4,45-59,English,Social tenancy,2023-07-24,Closed,2025-09,1038.17,0,2,20
C-32792,Weybridge,3,75+,English,Social tenancy,2024-10-27,Suspended,,1032.51,0,5,10
C-32793,Calder Central,1,30-44,Spanish,Owner-occupier,2023-02-10,Active,,616.58,4,5,20
C-32794,Northgate,1,45-59,Other,Social tenancy,2022-07-23,Active,,453.91,2,4,22
C-32795,Northgate,3,18-29,English,Resident with family,2024-09-07,Active,,787.16,0,1,11
C-32796,Northgate,1,75+,Other,Private tenancy,2021-06-17,Active,,736.68,3,4,14
C-32797,Northgate,2,75+,English,Private tenancy,2025-03-15,Active,,610.88,0,0,11
C-32798,Calder Central,4,60-74,Spanish,Resident with family,2022-04-02,Suspended,,821.0,5,6,19
C-32799,Calder Central,4,30-44,English,No fixed abode,2025-04-22,Active,,821.5,3,6,18
C-32800,Northgate,2,75+,English,Resident with family,2022-02-25,Active,,965.7,1,1,20
C-32801,Calder Central,3,18-29,Spanish,No fixed abode,2024-03-31,Active,,1209.36,0,4,19
C-32802,Calder Central,3,75+,Spanish,No fixed abode,2022-11-28,Active,,805.62,3,4,23
C-32803,Calder Central,1,60-74,English,Resident with family,2023-09-29,Active,,763.13,0,2,5
C-32804,Calder Central,4,75+,English,No fixed abode,2022-03-18,Active,,1288.85,1,0,20
C-32805,Northgate,5,45-59,English,Owner-occupier,2022-02-17,Active,,1300.05,0,1,10
C-32806,Northgate,1,18-29,English,No fixed abode,2022-05-10,Active,,395.55,0,3,1
C-32807,Calder Central,1,18-29,English,Private tenancy,2024-10-18,Active,,630.06,1,3,14
C-32808,Northgate,5,75+,Spanish,No fixed abode,2023-07-26,Active,,1254.34,0,7,6
C-32809,Northgate,5,30-44,English,Resident with family,2024-07-17,Active,,946.59,0,0,8
C-32810,Calder Central,3,30-44,English,Private tenancy,2023-01-06,Active,,736.38,0,0,7
C-32811,Ash Hill,4,30-44,English,Owner-occupier,2023-06-26,Active,,1270.01,0,0,8
C-32812,Weybridge,6,60-74,English,Resident with family,2024-07-05,Active,,1030.55,0,5,7
C-32813,Calder Central,2,18-29,English,No fixed abode,2024-04-05,Active,,733.32,1,0,19
C-32814,Calder Central,6,18-29,English,Owner-occupier,2022-07-21,Closed,2025-08,1652.45,0,1,22
C-32815,Calder Central,3,30-44,English,Private tenancy,2023-04-10,Active,,910.81,0,2,1
C-32816,Northgate,2,45-59,English,No fixed abode,2021-11-13,Active,,810.91,1,0,16
C-32817,Weybridge,4,30-44,Spanish,Private tenancy,2021-07-17,Active,,985.79,2,6,7
C-32818,Ash Hill,4,75+,Spanish,Resident with family,2021-09-21,Active,,1407.01,2,7,16
C-32819,Weybridge,3,60-74,English,Social tenancy,2024-07-15,Active,,1029.25,1,3,9
C-32820,Northgate,1,30-44,English,No fixed abode,2022-10-27,Active,,504.51,1,2,19
C-32821,Weybridge,1,30-44,English,No fixed abode,2024-07-28,Active,,423.14,0,1,19
C-32822,Calder Central,4,30-44,English,Owner-occupier,2024-04-29,Active,,1002.01,2,2,7
C-32823,Northgate,4,30-44,English,Private tenancy,2021-01-23,Active,,1201.07,1,2,15
C-32824,Calder Central,1,45-59,Spanish,Social tenancy,2021-06-16,Closed,2025-09,731.16,4,3,5
C-32825,Calder Central,6,30-44,English,Social tenancy,2024-09-20,Active,,1247.41,1,3,0
C-32826,Calder Central,3,60-74,English,No fixed abode,2023-10-09,Closed,2025-09,974.32,1,1,20
C-32827,Calder Central,4,60-74,Other,Owner-occupier,2024-01-17,Active,,1165.95,2,1,10
C-32828,Northgate,2,75+,English,No fixed abode,2021-04-30,Active,,1013.68,1,0,16
C-32829,Weybridge,1,60-74,English,Private tenancy,2023-11-24,Active,,745.45,2,4,4
C-32830,Weybridge,1,18-29,Spanish,Owner-occupier,2024-11-18,Active,,525.58,1,4,11
C-32831,Northgate,3,60-74,English,Social tenancy,2024-12-24,Active,,1019.69,1,3,2
C-32832,Calder Central,1,30-44,English,Resident with family,2023-09-28,Active,,437.55,0,3,14
C-32833,Northgate,1,30-44,English,No fixed abode,2023-08-24,Active,,484.71,0,2,13
C-32834,Northgate,3,75+,English,Private tenancy,2021-08-29,Active,,1031.82,2,1,11
C-32835,Ash Hill,3,45-59,Spanish,Private tenancy,2024-11-28,Active,,894.38,1,4,4
C-32836,Northgate,1,75+,English,Private tenancy,2021-08-29,Active,,478.3,0,2,0
C-32837,Northgate,1,45-59,English,Owner-occupier,2021-08-13,Active,,406.22,1,5,3
C-32838,Northgate,1,75+,English,Owner-occupier,2024-12-09,Closed,2025-10,453.02,1,4,16
C-32839,Calder Central,2,30-44,English,Resident with family,2023-04-23,Active,,705.02,0,3,9
C-32840,Calder Central,2,75+,English,Private tenancy,2021-12-17,Suspended,,548.27,1,1,15
C-32841,Northgate,3,60-74,English,Owner-occupier,2021-01-22,Active,,819.59,0,2,16
C-32842,Weybridge,3,30-44,English,Private tenancy,2022-08-06,Active,,906.58,0,3,19
C-32843,Ash Hill,3,30-44,English,Private tenancy,2025-02-16,Active,,855.05,0,2,1
C-32844,Ash Hill,4,75+,English,Social tenancy,2021-11-27,Active,,1217.4,0,3,1
C-32845,Weybridge,2,60-74,English,Resident with family,2025-01-15,Active,,670.12,1,5,21
C-32846,Weybridge,3,60-74,English,No fixed abode,2022-03-21,Suspended,,654.77,0,2,2
C-32847,Northgate,1,30-44,English,Resident with family,2022-03-11,Active,,615.97,0,0,11
C-32848,Calder Central,2,30-44,Spanish,No fixed abode,2022-04-03,Active,,933.55,2,3,7
C-32849,Calder Central,3,45-59,English,Social tenancy,2025-05-05,Active,,1174.4,2,4,23
C-32850,Calder Central,4,75+,English,Social tenancy,2023-02-25,Closed,2025-09,1087.07,2,2,7
C-32851,Ash Hill,1,18-29,Spanish,No fixed abode,2021-02-27,Active,,475.69,3,5,16
C-32852,Weybridge,2,45-59,English,Owner-occupier,2025-01-26,Active,,833.05,1,4,9
C-32853,Weybridge,1,30-44,English,Resident with family,2023-03-09,Active,,705.04,1,2,20
C-32854,Weybridge,1,75+,Other,Social tenancy,2024-07-24,Suspended,,745.96,2,2,23
C-32855,Northgate,3,75+,English,Owner-occupier,2024-09-25,Closed,2025-09,885.0,0,1,19
C-32856,Calder Central,1,30-44,English,No fixed abode,2023-08-31,Active,,710.96,2,0,17
C-32857,Ash Hill,3,30-44,English,Resident with family,2022-02-28,Active,,1098.34,1,3,5
C-32858,Ash Hill,2,60-74,English,Owner-occupier,2021-08-13,Active,,996.74,0,5,21
C-32859,Northgate,1,30-44,English,Owner-occupier,2022-08-09,Active,,696.15,0,0,21
C-32860,Calder Central,4,30-44,English,Owner-occupier,2022-07-02,Active,,802.32,2,2,3
C-32861,Calder Central,1,75+,English,Private tenancy,2024-12-25,Active,,759.61,1,1,0
C-32862,Weybridge,1,45-59,English,Owner-occupier,2021-10-07,Active,,595.76,1,3,21
C-32863,Ash Hill,4,75+,English,Owner-occupier,2023-09-13,Active,,1147.89,2,1,6
C-32864,Ash Hill,2,30-44,English,Private tenancy,2022-10-09,Active,,1004.2,1,2,7
C-32865,Northgate,4,30-44,English,Social tenancy,2025-02-10,Active,,1386.87,1,1,20
C-32866,Calder Central,3,18-29,English,Resident with family,2024-06-02,Active,,1173.03,1,1,0
C-32867,Northgate,1,30-44,Spanish,Private tenancy,2021-05-19,Active,,640.16,1,3,0
C-32868,Northgate,1,30-44,English,Owner-occupier,2021-07-31,Active,,424.45,0,2,2
C-32869,Northgate,1,45-59,English,No fixed abode,2022-11-01,Active,,559.16,2,1,12
C-32870,Calder Central,3,60-74,Spanish,Social tenancy,2022-11-07,Closed,2025-09,1033.85,2,5,19
C-32871,Ash Hill,3,75+,English,Owner-occupier,2023-06-14,Active,,1093.41,2,5,11
C-32872,Northgate,5,60-74,English,No fixed abode,2024-05-04,Active,,1318.88,1,1,19
C-32873,Northgate,3,30-44,English,Private tenancy,2025-04-02,Active,,863.94,1,1,2
C-32874,Calder Central,4,30-44,Spanish,Private tenancy,2025-01-19,Active,,856.92,2,6,9
C-32875,Calder Central,1,18-29,English,Resident with family,2022-05-25,Active,,462.41,0,2,2
C-32876,Calder Central,2,30-44,Other,Owner-occupier,2021-03-21,Active,,721.86,2,4,7
C-32877,Northgate,4,60-74,English,No fixed abode,2023-05-12,Suspended,,1414.89,1,2,4
C-32878,Northgate,1,60-74,English,Owner-occupier,2025-04-21,Active,,413.19,0,1,7
C-32879,Weybridge,2,45-59,English,Private tenancy,2025-02-19,Active,,1022.34,1,0,14
C-32880,Calder Central,2,60-74,English,Owner-occupier,2025-02-06,Active,,679.64,0,2,0
C-32881,Calder Central,1,18-29,English,Resident with family,2021-10-16,Active,,584.86,0,0,1
C-32882,Calder Central,4,45-59,English,Resident with family,2023-05-31,Suspended,,880.75,1,1,19
C-32883,Northgate,4,30-44,English,Owner-occupier,2022-12-20,Active,,1108.18,1,1,23
C-32884,Calder Central,4,18-29,English,Owner-occupier,2021-01-08,Closed,2025-09,1407.16,2,2,15
C-32885,Northgate,1,30-44,English,Owner-occupier,2022-05-12,Active,,622.95,0,0,21
C-32886,Ash Hill,2,45-59,English,Owner-occupier,2024-10-17,Active,,882.63,1,3,14
C-32887,Weybridge,5,30-44,English,Resident with family,2025-06-30,Active,,970.6,0,1,13
C-32888,Weybridge,2,75+,English,Owner-occupier,2025-07-08,Active,,815.49,0,0,0
C-32889,Weybridge,3,18-29,English,Private tenancy,2021-11-24,Active,,727.75,0,1,2
C-32890,Northgate,3,45-59,English,Social tenancy,2023-11-29,Suspended,,789.31,0,2,23
C-32891,Calder Central,1,30-44,English,Owner-occupier,2025-06-09,Active,,688.42,1,3,23
C-32892,Weybridge,4,30-44,English,Private tenancy,2023-03-18,Active,,935.98,0,0,2
C-32893,Weybridge,3,30-44,English,No fixed abode,2024-02-06,Active,,812.64,1,4,11
C-32894,Calder Central,2,18-29,English,Resident with family,2023-07-08,Active,,827.3,0,2,13
C-32895,Weybridge,3,30-44,English,Private tenancy,2024-08-25,Active,,773.82,1,3,17
C-32896,Calder Central,3,60-74,English,Owner-occupier,2022-09-25,Active,,725.4,1,2,11
C-32897,Ash Hill,2,45-59,English,Owner-occupier,2024-06-03,Active,,1024.25,0,3,16
C-32898,Weybridge,1,60-74,Other,No fixed abode,2025-06-10,Active,,526.66,3,4,7
C-32899,Calder Central,3,75+,English,No fixed abode,2025-04-24,Active,,651.12,0,3,3
C-32900,Northgate,1,30-44,English,Private tenancy,2024-02-09,Active,,738.24,0,0,9
C-32901,Ash Hill,1,75+,English,Resident with family,2023-05-26,Active,,452.79,1,3,20
C-32902,Calder Central,4,30-44,Spanish,No fixed abode,2023-02-28,Active,,997.71,2,5,5
C-32903,Ash Hill,2,30-44,English,Private tenancy,2023-10-23,Active,,717.68,0,0,12
C-32904,Ash Hill,1,18-29,English,No fixed abode,2025-02-05,Active,,415.87,0,3,12
C-32905,Calder Central,5,75+,Other,No fixed abode,2024-10-02,Active,,1171.51,1,2,18
C-32906,Weybridge,3,45-59,English,Private tenancy,2023-06-11,Active,,862.02,0,2,9
C-32907,Northgate,4,30-44,English,Private tenancy,2022-04-23,Active,,875.06,0,2,3
C-32908,Calder Central,1,45-59,Other,Private tenancy,2025-05-08,Active,,584.84,1,3,19
C-32909,Weybridge,2,30-44,English,Owner-occupier,2021-01-03,Active,,853.54,0,1,21
C-32910,Weybridge,1,30-44,English,Social tenancy,2024-04-15,Active,,745.88,1,1,19
C-32911,Northgate,1,18-29,English,Social tenancy,2023-11-02,Active,,598.81,0,2,14
C-32912,Calder Central,4,45-59,Other,Social tenancy,2023-10-27,Active,,1164.76,0,1,11
C-32913,Ash Hill,1,45-59,English,Private tenancy,2024-07-05,Active,,546.32,0,1,15
C-32914,Weybridge,2,75+,English,Social tenancy,2022-09-08,Closed,2025-08,589.52,1,2,5
C-32915,Calder Central,2,30-44,English,Resident with family,2021-01-28,Active,,723.18,2,1,16
C-32916,Northgate,3,18-29,English,Owner-occupier,2021-12-01,Active,,1192.32,0,4,18
C-32917,Calder Central,3,45-59,Spanish,Owner-occupier,2024-09-05,Active,,1015.91,3,5,19
C-32918,Weybridge,1,30-44,English,Private tenancy,2021-07-11,Active,,374.89,1,2,9
C-32919,Northgate,3,18-29,English,Resident with family,2024-06-18,Active,,858.35,1,2,9
C-32920,Ash Hill,2,60-74,English,Resident with family,2025-02-11,Active,,674.81,0,2,23
C-32921,Northgate,1,45-59,Other,Social tenancy,2024-04-09,Active,,560.32,0,3,15
C-32922,Calder Central,2,60-74,English,No fixed abode,2023-12-27,Active,,1009.28,0,4,22
C-32923,Ash Hill,2,45-59,English,Resident with family,2022-08-17,Closed,2025-07,919.3,4,3,10
C-32924,Calder Central,1,45-59,English,Owner-occupier,2023-06-02,Active,,705.78,2,1,7
C-32925,Calder Central,2,45-59,Spanish,Resident with family,2021-08-15,Active,,749.18,1,4,23
C-32926,Calder Central,1,75+,English,Social tenancy,2022-01-26,Active,,409.81,0,3,14
C-32927,Calder Central,1,45-59,English,Owner-occupier,2022-11-15,Active,,564.86,2,1,16
C-32928,Calder Central,3,75+,English,Private tenancy,2022-05-04,Active,,940.62,1,4,13
C-32929,Ash Hill,1,30-44,Other,Owner-occupier,2021-05-10,Active,,686.59,1,3,1
C-32930,Northgate,3,60-74,English,Resident with family,2023-08-25,Active,,723.74,1,1,18
C-32931,Calder Central,1,60-74,English,No fixed abode,2022-05-27,Active,,450.5,1,1,17
C-32932,Ash Hill,1,75+,English,Resident with family,2021-01-23,Suspended,,524.75,0,0,12
C-32933,Weybridge,2,45-59,English,Owner-occupier,2024-07-31,Active,,705.79,0,0,3
C-32934,Calder Central,4,18-29,English,Owner-occupier,2024-07-17,Active,,904.98,0,0,8
C-32935,Calder Central,2,18-29,English,Resident with family,2024-05-05,Active,,908.22,1,2,5
C-32936,Northgate,1,60-74,English,Social tenancy,2025-01-13,Active,,702.49,0,0,10
C-32937,Calder Central,2,60-74,English,No fixed abode,2022-11-12,Suspended,,723.99,0,1,4
C-32938,Northgate,3,18-29,English,Private tenancy,2022-01-03,Active,,926.25,2,4,15
C-32939,Ash Hill,1,75+,English,No fixed abode,2024-04-19,Active,,567.7,3,2,13
C-32940,Calder Central,3,75+,English,Social tenancy,2021-05-27,Suspended,,654.4,0,4,14
C-32941,Northgate,1,30-44,Other,No fixed abode,2024-08-16,Active,,730.97,2,1,14
C-32942,Calder Central,2,60-74,English,Social tenancy,2022-08-18,Active,,804.61,0,2,14
C-32943,Northgate,4,45-59,English,Resident with family,2023-04-10,Active,,891.69,1,1,4
C-32944,Calder Central,1,18-29,English,Owner-occupier,2023-08-09,Active,,523.47,1,3,1
C-32945,Ash Hill,2,30-44,Spanish,Social tenancy,2024-01-25,Active,,807.74,1,4,5
C-32946,Weybridge,1,60-74,English,Private tenancy,2021-11-18,Active,,551.25,1,1,22
C-32947,Calder Central,3,75+,Other,No fixed abode,2025-06-15,Active,,986.97,1,4,3
C-32948,Weybridge,4,18-29,English,Social tenancy,2021-03-19,Active,,882.97,2,1,3
C-32949,Ash Hill,5,60-74,English,Social tenancy,2023-09-09,Active,,1567.43,0,3,4
C-32950,Calder Central,1,18-29,English,Social tenancy,2021-01-18,Closed,2025-09,498.85,1,3,5
C-32951,Weybridge,1,18-29,Other,Private tenancy,2022-06-23,Closed,2025-07,615.98,1,4,16
C-32952,Calder Central,2,75+,English,Owner-occupier,2021-12-06,Suspended,,873.4,0,0,2
C-32953,Northgate,1,60-74,English,Private tenancy,2022-07-22,Active,,484.52,1,2,17
C-32954,Calder Central,1,60-74,English,Private tenancy,2025-02-22,Active,,438.04,0,1,2
C-32955,Weybridge,3,75+,English,Owner-occupier,2022-07-05,Active,,1054.75,0,3,17
C-32956,Northgate,4,45-59,English,Resident with family,2022-02-27,Active,,1064.63,2,1,11
C-32957,Northgate,3,45-59,English,Owner-occupier,2022-12-18,Active,,647.1,1,2,9
C-32958,Weybridge,2,30-44,English,No fixed abode,2023-01-31,Active,,913.97,0,1,1
C-32959,Northgate,4,30-44,English,Social tenancy,2025-07-09,Active,,905.14,0,2,10
C-32960,Calder Central,3,45-59,English,Social tenancy,2021-05-09,Active,,1172.85,1,1,9
C-32961,Northgate,2,18-29,English,Social tenancy,2023-03-24,Active,,680.87,1,2,18
C-32962,Calder Central,4,18-29,English,Private tenancy,2022-03-03,Suspended,,1017.53,3,3,12
C-32963,Calder Central,2,45-59,English,No fixed abode,2022-11-07,Active,,795.03,0,0,12
C-32964,Weybridge,1,30-44,English,Resident with family,2024-07-18,Active,,670.79,2,2,22
C-32965,Calder Central,1,18-29,English,No fixed abode,2022-12-28,Active,,386.78,0,0,13
C-32966,Ash Hill,3,30-44,Spanish,Private tenancy,2023-06-29,Active,,1012.11,1,5,9
C-32967,Calder Central,2,18-29,English,No fixed abode,2023-04-25,Active,,804.73,0,2,4
C-32968,Calder Central,2,60-74,English,Social tenancy,2021-05-06,Active,,843.44,1,1,7
C-32969,Weybridge,2,60-74,English,Owner-occupier,2024-09-18,Active,,699.75,1,3,18
C-32970,Northgate,5,60-74,English,Social tenancy,2021-09-19,Active,,1593.96,2,2,2
C-32971,Weybridge,1,18-29,English,Resident with family,2021-04-16,Active,,407.17,3,2,0
C-32972,Calder Central,1,45-59,English,Resident with family,2024-08-01,Active,,553.06,1,2,18
C-32973,Ash Hill,1,60-74,English,Social tenancy,2021-04-12,Active,,425.38,0,1,19
C-32974,Northgate,1,75+,English,Social tenancy,2021-05-08,Active,,708.94,0,2,8
C-32975,Northgate,5,45-59,English,No fixed abode,2023-01-11,Suspended,,1292.62,1,0,1
C-32976,Northgate,6,45-59,English,Resident with family,2024-11-05,Active,,1783.78,0,2,8
C-32977,Ash Hill,2,30-44,English,No fixed abode,2025-07-17,Active,,629.64,0,1,19
C-32978,Northgate,3,45-59,English,Owner-occupier,2025-07-19,Active,,1183.43,0,3,1
C-32979,Calder Central,2,60-74,Other,No fixed abode,2025-07-31,Active,,973.58,0,5,17
C-32980,Northgate,1,30-44,English,No fixed abode,2025-01-27,Active,,586.69,2,1,7
C-32981,Calder Central,1,45-59,English,Owner-occupier,2024-08-25,Active,,637.25,0,1,13
C-32982,Ash Hill,2,60-74,Spanish,Private tenancy,2022-07-13,Suspended,,659.79,2,3,2
C-32983,Northgate,3,45-59,English,Owner-occupier,2023-12-09,Active,,725.49,1,1,3
C-32984,Calder Central,3,30-44,English,Private tenancy,2023-03-08,Active,,746.19,1,3,12
C-32985,Calder Central,3,45-59,English,Resident with family,2021-07-14,Active,,1099.43,0,2,17
C-32986,Calder Central,5,30-44,English,Resident with family,2022-08-17,Active,,1202.27,0,1,19
C-32987,Ash Hill,1,30-44,Spanish,Social tenancy,2023-04-03,Active,,653.19,1,2,3
C-32988,Northgate,1,60-74,English,Owner-occupier,2025-08-08,Active,,683.1,1,1,9
C-32989,Ash Hill,2,75+,English,Social tenancy,2021-12-01,Active,,914.36,0,0,23
C-32990,Ash Hill,1,45-59,English,No fixed abode,2023-06-13,Closed,2025-10,596.97,0,4,19
C-32991,Calder Central,3,45-59,Other,No fixed abode,2025-01-13,Active,,942.31,2,4,23
C-32992,Weybridge,1,18-29,Spanish,Resident with family,2021-04-27,Active,,556.39,1,3,6
C-32993,Weybridge,2,18-29,Other,Social tenancy,2023-09-20,Active,,793.24,0,2,14
C-32994,Northgate,2,45-59,Other,Social tenancy,2022-11-21,Active,,714.04,3,5,12
C-32995,Calder Central,4,60-74,English,Resident with family,2021-01-06,Active,,778.27,1,5,10
C-32996,Northgate,3,30-44,English,Owner-occupier,2025-05-09,Active,,1119.33,2,1,4
C-32997,Northgate,6,30-44,English,Resident with family,2023-08-25,Active,,1015.9,1,4,10
C-32998,Calder Central,1,30-44,English,Private tenancy,2021-12-01,Active,,704.86,2,1,4
C-32999,Weybridge,4,18-29,English,No fixed abode,2023-01-09,Active,,1055.32,0,1,23
C-33000,Calder Central,3,45-59,English,Private tenancy,2023-11-27,Active,,1219.79,1,1,13
C-33001,Ash Hill,3,45-59,English,Resident with family,2023-05-16,Active,,1159.25,0,4,11
C-33002,Northgate,2,45-59,English,Resident with family,2023-05-16,Active,,913.64,2,0,8
C-33003,Northgate,3,30-44,English,Social tenancy,2022-02-19,Active,,860.87,3,4,14
C-33004,Ash Hill,4,30-44,English,Private tenancy,2023-10-30,Suspended,,1075.34,1,5,18
C-33005,Northgate,1,30-44,English,Social tenancy,2024-02-09,Active,,513.16,1,3,17
C-33006,Weybridge,4,45-59,Other,No fixed abode,2021-05-16,Active,,1040.25,1,6,4
C-33007,Weybridge,2,45-59,English,Private tenancy,2024-01-08,Active,,767.14,1,1,8
C-33008,Weybridge,1,45-59,English,No fixed abode,2021-06-17,Active,,438.11,1,2,10
C-33009,Northgate,2,30-44,English,Social tenancy,2023-03-02,Active,,524.51,0,2,22
C-33010,Calder Central,1,45-59,English,Resident with family,2024-10-08,Active,,445.41,0,1,1
C-33011,Calder Central,1,30-44,English,Owner-occupier,2023-06-25,Active,,488.98,0,1,13
C-33012,Weybridge,2,30-44,English,Private tenancy,2024-01-10,Active,,786.59,1,2,2
C-33013,Calder Central,3,60-74,English,Resident with family,2022-11-01,Active,,1209.85,1,1,17
C-33014,Northgate,4,60-74,English,Private tenancy,2021-08-21,Active,,1040.83,0,1,9
C-33015,Weybridge,3,45-59,English,Private tenancy,2023-03-07,Suspended,,975.21,1,0,2
C-33016,Calder Central,1,30-44,English,Resident with family,2025-05-10,Active,,647.15,1,0,17
C-33017,Calder Central,5,60-74,English,Owner-occupier,2024-08-21,Closed,2025-07,849.65,0,1,13
C-33018,Calder Central,1,45-59,English,Owner-occupier,2022-07-16,Active,,613.72,0,2,11
C-33019,Ash Hill,3,75+,Other,No fixed abode,2023-01-23,Active,,827.76,2,2,17
C-33020,Calder Central,3,30-44,Spanish,Social tenancy,2025-06-08,Active,,1050.13,1,3,2
C-33021,Calder Central,5,30-44,English,No fixed abode,2024-03-12,Active,,903.14,0,3,10
C-33022,Calder Central,2,45-59,English,No fixed abode,2021-06-11,Active,,665.31,0,1,10
C-33023,Calder Central,1,60-74,English,Private tenancy,2024-09-09,Active,,595.12,0,0,10
C-33024,Northgate,1,75+,Spanish,Resident with family,2024-11-07,Active,,448.21,1,6,18
C-33025,Northgate,4,30-44,English,Social tenancy,2022-10-13,Suspended,,912.6,0,1,4
C-33026,Weybridge,4,60-74,English,Resident with family,2022-04-30,Active,,811.61,2,1,3
C-33027,Ash Hill,4,60-74,English,Owner-occupier,2022-07-01,Active,,1439.25,0,1,18
C-33028,Calder Central,1,60-74,English,Private tenancy,2023-03-03,Active,,531.7,0,3,9
C-33029,Calder Central,2,75+,English,Resident with family,2021-11-04,Active,,772.06,0,1,15
C-33030,Northgate,4,18-29,English,Owner-occupier,2023-11-01,Active,,1103.42,0,3,8
C-33031,Calder Central,1,60-74,English,Resident with family,2023-12-13,Suspended,,612.03,0,1,11
C-33032,Weybridge,1,30-44,English,No fixed abode,2024-12-04,Active,,516.52,1,0,13
C-33033,Weybridge,4,60-74,English,No fixed abode,2021-03-20,Active,,851.07,0,3,6
C-33034,Calder Central,1,30-44,English,Resident with family,2022-03-04,Active,,394.41,0,2,8
C-33035,Calder Central,3,18-29,English,Resident with family,2021-08-02,Active,,681.1,1,0,23
C-33036,Calder Central,1,45-59,English,Resident with family,2024-10-16,Active,,730.61,1,2,18
C-33037,Northgate,5,75+,English,Social tenancy,2024-04-09,Active,,814.65,0,0,5
C-33038,Ash Hill,1,18-29,English,Owner-occupier,2021-08-31,Active,,421.26,1,0,17
C-33039,Ash Hill,3,60-74,English,Social tenancy,2023-02-10,Active,,865.32,0,2,0
C-33040,Calder Central,3,30-44,Spanish,Resident with family,2024-03-12,Active,,1028.11,2,7,2
C-33041,Northgate,5,60-74,English,Owner-occupier,2024-10-22,Active,,1253.21,1,4,9
C-33042,Northgate,2,45-59,English,Owner-occupier,2024-02-04,Closed,2025-09,889.63,0,1,6
C-33043,Northgate,4,30-44,English,Owner-occupier,2022-04-16,Active,,893.43,1,3,23
C-33044,Calder Central,3,18-29,Spanish,Private tenancy,2021-03-19,Active,,756.86,1,5,23
C-33045,Northgate,3,30-44,English,No fixed abode,2023-01-03,Active,,1095.5,0,0,11
C-33046,Northgate,2,45-59,English,Owner-occupier,2025-05-26,Active,,610.35,1,3,17
C-33047,Northgate,2,30-44,Other,Social tenancy,2021-12-14,Active,,784.22,1,4,20
C-33048,Weybridge,1,30-44,Spanish,Social tenancy,2021-12-08,Active,,430.69,3,2,1
C-33049,Calder Central,2,30-44,English,Resident with family,2021-02-06,Active,,507.52,0,3,6
C-33050,Ash Hill,1,30-44,Other,No fixed abode,2025-02-19,Active,,725.73,2,3,19
C-33051,Weybridge,3,30-44,English,Resident with family,2021-01-19,Active,,611.42,1,1,21
C-33052,Weybridge,2,75+,English,Owner-occupier,2025-03-17,Suspended,,820.09,1,4,7
C-33053,Calder Central,2,18-29,English,Social tenancy,2025-05-04,Active,,553.28,1,2,6
C-33054,Northgate,1,18-29,English,Social tenancy,2021-04-24,Active,,628.92,0,2,16
C-33055,Ash Hill,3,60-74,English,Resident with family,2022-12-04,Active,,852.43,1,2,9
C-33056,Northgate,6,18-29,Other,No fixed abode,2021-03-07,Active,,1739.52,0,5,0
C-33057,Weybridge,2,60-74,English,Social tenancy,2021-09-26,Active,,713.22,0,7,20
C-33058,Northgate,1,60-74,English,Resident with family,2022-10-23,Closed,2025-08,527.64,1,4,18
C-33059,Weybridge,2,45-59,English,Private tenancy,2024-11-20,Active,,580.4,1,3,20
C-33060,Northgate,4,30-44,English,Private tenancy,2022-11-16,Active,,1375.83,1,3,22
C-33061,Ash Hill,2,75+,English,Private tenancy,2022-06-06,Active,,579.14,0,2,18
C-33062,Calder Central,3,18-29,English,No fixed abode,2025-03-06,Active,,1022.66,1,1,18
C-33063,Calder Central,1,30-44,Spanish,No fixed abode,2022-02-10,Active,,760.82,1,5,23
C-33064,Northgate,4,45-59,Other,Social tenancy,2025-08-11,Active,,868.73,1,3,4
C-33065,Weybridge,3,45-59,English,Social tenancy,2021-01-10,Active,,822.46,0,1,12
C-33066,Northgate,1,45-59,English,No fixed abode,2023-02-23,Active,,549.13,2,0,9
C-33067,Weybridge,4,30-44,Spanish,Social tenancy,2023-11-06,Active,,1170.27,1,4,7
C-33068,Northgate,5,60-74,English,No fixed abode,2024-02-07,Active,,1361.27,1,5,18
C-33069,Weybridge,1,45-59,Spanish,Social tenancy,2022-06-21,Active,,660.1,0,4,10
C-33070,Northgate,1,18-29,English,Resident with family,2025-01-28,Active,,533.0,1,2,11
C-33071,Northgate,4,30-44,English,Social tenancy,2024-01-06,Active,,991.17,1,1,10
C-33072,Weybridge,1,45-59,English,Resident with family,2024-12-16,Active,,659.38,0,2,16
C-33073,Calder Central,3,30-44,English,Resident with family,2024-02-21,Active,,760.4,0,4,5
C-33074,Northgate,2,30-44,Other,Private tenancy,2024-06-21,Active,,897.7,4,3,13
C-33075,Weybridge,4,45-59,Spanish,No fixed abode,2025-02-06,Active,,995.85,1,5,2
C-33076,Weybridge,1,45-59,English,Social tenancy,2023-08-18,Active,,490.93,2,0,6
C-33077,Weybridge,2,30-44,English,Resident with family,2024-08-13,Active,,648.39,4,1,22
C-33078,Calder Central,4,45-59,English,Private tenancy,2024-06-12,Active,,1037.18,1,4,10
C-33079,Weybridge,1,18-29,English,Private tenancy,2021-08-21,Active,,604.88,3,2,18
C-33080,Calder Central,1,60-74,English,Social tenancy,2022-10-17,Active,,490.38,1,2,6
C-33081,Northgate,3,45-59,English,Resident with family,2022-01-31,Active,,687.27,1,3,19
C-33082,Ash Hill,1,60-74,Spanish,Resident with family,2022-08-22,Active,,635.16,2,1,16
C-33083,Northgate,1,18-29,English,Resident with family,2023-01-13,Active,,705.55,0,0,8
C-33084,Ash Hill,2,60-74,English,Private tenancy,2022-12-03,Suspended,,620.6,1,3,0
C-33085,Northgate,6,30-44,English,Owner-occupier,2022-07-04,Active,,1331.19,0,0,23
C-33086,Calder Central,1,30-44,English,Owner-occupier,2022-01-23,Active,,663.97,1,2,22
C-33087,Northgate,1,60-74,English,Private tenancy,2022-07-12,Active,,550.05,0,0,8
C-33088,Calder Central,1,60-74,English,No fixed abode,2022-03-21,Active,,537.01,0,0,3
C-33089,Ash Hill,5,30-44,English,No fixed abode,2024-05-12,Active,,1460.03,2,3,23
C-33090,Calder Central,2,45-59,English,Owner-occupier,2024-12-12,Active,,921.97,1,0,0
C-33091,Calder Central,1,45-59,Spanish,Private tenancy,2025-03-07,Active,,505.96,0,4,18
C-33092,Ash Hill,3,75+,English,Private tenancy,2024-11-10,Active,,738.03,0,0,4
C-33093,Northgate,5,18-29,English,Private tenancy,2021-12-22,Active,,1330.84,1,0,22
C-33094,Calder Central,1,45-59,English,Social tenancy,2024-08-10,Active,,626.0,1,1,4
C-33095,Weybridge,1,45-59,Other,Owner-occupier,2022-09-23,Closed,2025-07,439.89,0,2,5
C-33096,Weybridge,2,60-74,English,Private tenancy,2024-05-17,Active,,1019.44,1,1,3
C-33097,Northgate,4,30-44,Other,Private tenancy,2021-07-07,Active,,914.49,2,5,22
C-33098,Calder Central,1,45-59,Other,No fixed abode,2025-02-20,Suspended,,641.17,1,5,19
C-33099,Ash Hill,1,45-59,English,Resident with family,2024-01-08,Closed,2025-07,424.99,0,3,0
C-33100,Weybridge,2,45-59,English,Social tenancy,2024-04-10,Active,,952.22,1,3,22
C-33101,Ash Hill,5,45-59,English,Private tenancy,2024-12-28,Active,,884.04,0,0,2
C-33102,Weybridge,5,60-74,English,Resident with family,2023-09-01,Active,,1075.56,2,2,8
C-33103,Calder Central,1,45-59,English,Owner-occupier,2022-01-28,Closed,2025-12,710.6,1,1,15
C-33104,Weybridge,2,45-59,Spanish,Private tenancy,2023-05-23,Active,,629.54,2,3,0
C-33105,Calder Central,2,60-74,English,Owner-occupier,2021-10-11,Active,,531.74,0,2,2
C-33106,Weybridge,2,18-29,English,Social tenancy,2025-06-30,Active,,706.43,3,2,0
C-33107,Calder Central,1,45-59,English,No fixed abode,2023-06-19,Active,,613.8,1,3,7
C-33108,Northgate,2,18-29,English,Private tenancy,2022-12-21,Suspended,,730.89,1,1,12
C-33109,Calder Central,2,75+,Spanish,No fixed abode,2024-02-18,Active,,788.68,1,5,22
C-33110,Northgate,1,18-29,Other,No fixed abode,2024-02-03,Active,,569.74,3,4,0
C-33111,Ash Hill,3,60-74,English,Resident with family,2023-10-27,Active,,1116.79,1,1,23
C-33112,Calder Central,4,30-44,English,Private tenancy,2024-11-03,Active,,742.96,0,1,8
C-33113,Northgate,1,45-59,English,Private tenancy,2022-11-23,Active,,573.52,0,2,18
C-33114,Calder Central,1,75+,English,Owner-occupier,2021-03-30,Active,,633.58,1,1,8
C-33115,Weybridge,1,30-44,English,No fixed abode,2022-08-14,Active,,575.2,1,2,20
C-33116,Northgate,2,60-74,Other,Private tenancy,2022-02-21,Closed,2025-08,859.62,2,8,21
C-33117,Ash Hill,1,18-29,Other,Owner-occupier,2022-01-26,Closed,2025-08,503.43,3,7,12
C-33118,Ash Hill,2,60-74,Other,Social tenancy,2025-01-22,Active,,850.27,0,3,7
C-33119,Weybridge,1,30-44,English,Social tenancy,2022-04-10,Active,,384.07,1,1,19
C-33120,Northgate,2,30-44,Spanish,No fixed abode,2022-05-17,Active,,640.63,0,4,18
C-33121,Ash Hill,3,45-59,English,Resident with family,2021-11-07,Active,,1134.86,0,0,23
C-33122,Weybridge,2,30-44,English,No fixed abode,2022-02-14,Suspended,,974.06,1,3,6
C-33123,Calder Central,1,75+,English,Social tenancy,2023-05-12,Active,,523.44,1,0,13
C-33124,Calder Central,1,18-29,English,Resident with family,2024-12-30,Active,,620.29,2,2,17
C-33125,Weybridge,1,30-44,English,Private tenancy,2024-11-20,Active,,694.1,0,3,3
C-33126,Calder Central,1,75+,English,Private tenancy,2023-09-16,Active,,500.45,0,1,18
C-33127,Weybridge,5,30-44,Spanish,Social tenancy,2023-05-25,Active,,1092.33,1,4,6
C-33128,Calder Central,1,45-59,English,Owner-occupier,2021-12-12,Active,,390.39,0,4,22
C-33129,Calder Central,3,18-29,English,No fixed abode,2022-07-05,Active,,910.22,1,0,5
C-33130,Calder Central,1,30-44,Spanish,Resident with family,2025-05-17,Closed,2025-08,657.15,3,4,3
C-33131,Calder Central,1,60-74,English,Private tenancy,2024-09-19,Active,,426.33,1,0,20
C-33132,Ash Hill,1,30-44,English,Resident with family,2022-01-28,Active,,389.71,1,3,7
C-33133,Weybridge,1,60-74,Spanish,Social tenancy,2023-01-19,Active,,613.86,2,3,9
C-33134,Northgate,1,18-29,Other,Resident with family,2024-03-30,Suspended,,731.47,5,6,1
C-33135,Calder Central,1,45-59,English,Resident with family,2021-04-25,Active,,517.78,0,2,7
C-33136,Ash Hill,1,60-74,English,No fixed abode,2024-07-13,Active,,525.75,0,3,20
C-33137,Weybridge,2,45-59,English,Private tenancy,2021-04-28,Active,,999.76,1,1,21
C-33138,Ash Hill,2,75+,English,No fixed abode,2024-11-13,Active,,743.69,1,3,5
C-33139,Calder Central,1,45-59,Spanish,Social tenancy,2023-08-12,Active,,713.82,0,5,7
C-33140,Northgate,1,30-44,English,Owner-occupier,2023-06-19,Active,,749.32,2,4,7
C-33141,Northgate,5,75+,English,Resident with family,2022-05-12,Active,,1236.23,0,3,12
C-33142,Northgate,2,45-59,English,Resident with family,2021-03-09,Active,,855.23,0,0,20
C-33143,Calder Central,2,30-44,English,No fixed abode,2023-07-25,Active,,628.35,1,1,14
C-33144,Calder Central,6,75+,English,No fixed abode,2024-10-13,Active,,1685.27,0,2,16
C-33145,Northgate,2,45-59,English,Social tenancy,2023-07-08,Active,,1018.0,2,1,23
C-33146,Northgate,3,30-44,Other,No fixed abode,2024-12-04,Active,,614.64,1,4,14
C-33147,Northgate,2,18-29,English,Private tenancy,2025-03-20,Active,,741.33,0,2,11
C-33148,Ash Hill,1,60-74,English,No fixed abode,2023-12-12,Suspended,,502.08,0,1,20
C-33149,Northgate,3,45-59,English,No fixed abode,2023-03-18,Active,,799.72,1,4,6
C-33150,Calder Central,3,30-44,English,Resident with family,2022-04-12,Active,,744.61,2,0,7
C-33151,Calder Central,2,60-74,Other,Social tenancy,2024-02-27,Suspended,,550.43,0,4,9
C-33152,Calder Central,1,18-29,English,Private tenancy,2021-01-08,Closed,2025-09,628.9,2,1,11
C-33153,Northgate,3,18-29,English,Social tenancy,2025-04-17,Active,,785.79,1,3,13
C-33154,Northgate,2,45-59,English,Resident with family,2025-07-07,Active,,902.66,0,3,19
C-33155,Weybridge,4,45-59,Other,Private tenancy,2024-03-03,Active,,801.98,1,4,12
C-33156,Weybridge,5,30-44,Spanish,Social tenancy,2025-05-23,Active,,1464.76,1,3,1
C-33157,Weybridge,2,30-44,English,Social tenancy,2022-05-10,Active,,567.69,1,3,17
C-33158,Calder Central,3,18-29,Other,Owner-occupier,2021-02-17,Active,,1142.64,0,4,2
C-33159,Calder Central,2,60-74,English,Private tenancy,2024-07-03,Closed,2025-08,1007.89,2,2,13
C-33160,Calder Central,4,60-74,English,No fixed abode,2024-09-17,Closed,2025-09,1358.56,2,2,4
C-33161,Weybridge,1,30-44,English,Private tenancy,2021-04-25,Suspended,,734.65,0,3,20
C-33162,Calder Central,2,18-29,English,Private tenancy,2023-10-13,Active,,655.32,1,2,9
C-33163,Northgate,2,30-44,English,Owner-occupier,2025-06-17,Closed,2025-07,1020.45,0,2,13
C-33164,Weybridge,3,45-59,Other,No fixed abode,2025-03-20,Active,,637.12,1,6,5
C-33165,Ash Hill,3,45-59,English,Resident with family,2024-04-13,Active,,752.31,0,3,22
C-33166,Weybridge,2,30-44,English,Private tenancy,2025-07-21,Active,,762.3,2,1,16
C-33167,Northgate,2,30-44,English,Owner-occupier,2025-01-31,Active,,504.35,1,2,19
C-33168,Calder Central,4,60-74,Other,No fixed abode,2021-08-31,Active,,1140.88,2,4,9
C-33169,Weybridge,2,45-59,English,No fixed abode,2024-02-18,Active,,520.15,0,2,4
C-33170,Calder Central,4,75+,English,Private tenancy,2025-03-27,Closed,2025-08,1148.0,1,2,6
C-33171,Ash Hill,4,18-29,English,Resident with family,2022-01-14,Active,,840.04,0,3,14
C-33172,Calder Central,5,75+,English,Private tenancy,2021-10-11,Active,,920.74,0,0,17
C-33173,Northgate,2,45-59,English,Resident with family,2022-10-15,Active,,729.75,0,4,13
C-33174,Weybridge,2,60-74,English,No fixed abode,2021-08-20,Suspended,,927.06,0,1,7
C-33175,Calder Central,2,75+,English,Social tenancy,2025-04-20,Active,,604.24,0,1,4
C-33176,Calder Central,6,30-44,English,Private tenancy,2024-12-31,Active,,1728.02,0,1,23
C-33177,Northgate,4,30-44,English,Social tenancy,2024-10-14,Active,,1030.32,1,2,2
C-33178,Calder Central,1,30-44,English,Owner-occupier,2022-01-06,Active,,573.11,1,3,9
C-33179,Weybridge,3,18-29,Spanish,Private tenancy,2023-05-24,Active,,772.27,3,4,18
C-33180,Ash Hill,1,30-44,English,Private tenancy,2022-10-25,Active,,667.26,0,3,17
C-33181,Ash Hill,2,45-59,English,No fixed abode,2022-05-17,Active,,768.87,4,2,0
C-33182,Ash Hill,4,60-74,English,Resident with family,2022-04-08,Active,,1347.8,0,2,20
C-33183,Ash Hill,5,30-44,Spanish,Owner-occupier,2022-05-22,Active,,1630.35,0,6,0
C-33184,Weybridge,2,60-74,English,No fixed abode,2022-05-24,Suspended,,697.07,1,1,2
C-33185,Calder Central,4,45-59,English,Social tenancy,2021-03-13,Active,,1057.77,0,0,3
C-33186,Northgate,3,18-29,English,Owner-occupier,2021-10-05,Active,,1232.18,0,0,15
C-33187,Calder Central,2,30-44,English,Private tenancy,2022-01-12,Active,,986.17,0,3,5
C-33188,Northgate,3,45-59,English,Owner-occupier,2022-03-21,Active,,633.48,0,1,1
C-33189,Calder Central,4,60-74,Other,Private tenancy,2023-04-10,Suspended,,1344.61,0,2,19
C-33190,Ash Hill,4,30-44,Spanish,Private tenancy,2024-01-17,Active,,1424.86,1,6,0
C-33191,Northgate,3,45-59,English,Private tenancy,2024-10-18,Suspended,,905.97,0,2,3
C-33192,Weybridge,1,30-44,English,Owner-occupier,2021-08-24,Active,,426.75,0,1,6
C-33193,Calder Central,2,45-59,English,Social tenancy,2025-08-16,Active,,558.14,1,0,9
C-33194,Weybridge,2,30-44,English,Social tenancy,2021-05-14,Suspended,,543.09,2,4,20
C-33195,Calder Central,1,45-59,English,Private tenancy,2025-01-31,Active,,442.55,1,2,22
C-33196,Northgate,3,75+,English,Social tenancy,2024-09-25,Active,,1208.03,3,2,7
C-33197,Ash Hill,2,75+,Other,Resident with family,2024-11-10,Active,,840.7,2,5,17
C-33198,Calder Central,2,18-29,English,Resident with family,2022-12-25,Closed,2025-07,597.43,0,1,7
C-33199,Ash Hill,1,60-74,English,No fixed abode,2024-11-16,Suspended,,605.45,1,2,18
C-33200,Calder Central,1,60-74,English,Owner-occupier,2021-10-07,Active,,727.01,2,1,10
C-33201,Calder Central,4,60-74,Spanish,Private tenancy,2022-04-16,Active,,977.78,2,6,19
C-33202,Calder Central,2,30-44,English,Private tenancy,2022-09-20,Active,,977.51,2,1,22
C-33203,Ash Hill,1,75+,English,Private tenancy,2024-04-07,Active,,537.11,0,2,12
C-33204,Ash Hill,1,45-59,English,Owner-occupier,2025-01-24,Active,,385.21,1,3,8
C-33205,Calder Central,1,60-74,Other,No fixed abode,2023-08-25,Active,,665.81,2,5,0
C-33206,Calder Central,2,30-44,English,Private tenancy,2022-04-13,Active,,661.52,2,1,3
C-33207,Calder Central,1,30-44,English,Resident with family,2024-01-04,Active,,607.53,2,1,16
C-33208,Weybridge,2,45-59,English,Social tenancy,2024-11-17,Active,,642.81,0,2,3
C-33209,Northgate,1,45-59,Spanish,Private tenancy,2022-03-06,Active,,641.36,2,7,2
C-33210,Northgate,1,18-29,English,Private tenancy,2024-08-02,Active,,485.04,0,0,9
C-33211,Weybridge,5,18-29,Spanish,Resident with family,2022-10-12,Active,,1316.18,3,3,11
C-33212,Calder Central,5,75+,English,Resident with family,2023-10-30,Closed,2025-07,1166.36,0,2,17
C-33213,Calder Central,2,30-44,English,Resident with family,2024-10-04,Active,,984.79,0,0,17
C-33214,Weybridge,2,30-44,Other,Private tenancy,2022-06-25,Active,,568.57,1,5,19
C-33215,Calder Central,5,60-74,English,Social tenancy,2023-12-08,Active,,1487.16,0,0,11
C-33216,Northgate,2,60-74,English,Social tenancy,2023-08-15,Active,,909.81,1,3,12
C-33217,Calder Central,4,18-29,Other,No fixed abode,2023-03-15,Active,,1005.45,1,3,14
C-33218,Weybridge,3,18-29,English,Resident with family,2024-05-23,Active,,937.4,1,0,11
C-33219,Calder Central,3,30-44,English,Resident with family,2024-01-09,Active,,741.33,2,0,4
C-33220,Weybridge,3,75+,English,No fixed abode,2022-08-14,Active,,879.62,2,4,15
C-33221,Northgate,3,45-59,English,Private tenancy,2023-08-04,Active,,918.32,0,2,10
C-33222,Northgate,1,18-29,Spanish,Owner-occupier,2025-06-01,Closed,2025-12,468.02,2,3,19
C-33223,Northgate,1,30-44,Spanish,Owner-occupier,2023-08-27,Active,,524.39,1,7,10
C-33224,Northgate,1,60-74,English,Resident with family,2023-05-01,Active,,441.06,0,3,10
C-33225,Calder Central,4,30-44,Other,Resident with family,2024-10-19,Active,,976.3,3,6,6
C-33226,Calder Central,2,30-44,English,No fixed abode,2021-03-30,Suspended,,850.71,0,2,4
C-33227,Calder Central,4,60-74,English,Private tenancy,2023-12-08,Active,,761.81,0,2,11
C-33228,Northgate,1,60-74,English,Owner-occupier,2024-01-26,Active,,523.86,1,0,14
C-33229,Calder Central,3,45-59,English,Resident with family,2022-05-10,Active,,1077.41,1,0,12
C-33230,Northgate,3,45-59,English,Owner-occupier,2023-10-18,Active,,1119.61,2,1,19
C-33231,Calder Central,2,18-29,English,Social tenancy,2025-08-11,Active,,984.8,0,0,23
C-33232,Calder Central,3,18-29,Spanish,Private tenancy,2025-08-25,Active,,953.37,2,2,23
C-33233,Northgate,1,18-29,Other,Resident with family,2023-10-05,Active,,657.11,0,2,10
C-33234,Weybridge,6,30-44,English,Owner-occupier,2024-12-07,Active,,1765.19,0,3,14
C-33235,Weybridge,3,18-29,English,Resident with family,2023-04-20,Suspended,,1037.11,1,2,4
C-33236,Ash Hill,6,18-29,English,Private tenancy,2022-04-29,Closed,2025-12,1610.85,1,4,3
C-33237,Weybridge,1,45-59,English,Resident with family,2022-05-07,Active,,622.62,0,3,10
C-33238,Calder Central,3,30-44,English,No fixed abode,2025-04-13,Active,,1236.44,1,1,11
C-33239,Calder Central,1,45-59,English,No fixed abode,2021-04-03,Active,,711.9,0,0,0
C-33240,Weybridge,3,18-29,Spanish,Resident with family,2024-01-06,Active,,1089.72,2,4,18
C-33241,Weybridge,3,30-44,English,Private tenancy,2023-10-08,Active,,890.52,0,2,12
C-33242,Calder Central,5,30-44,English,Resident with family,2025-01-11,Closed,2025-08,925.12,0,1,22
C-33243,Calder Central,1,45-59,English,Owner-occupier,2025-03-10,Active,,592.38,2,3,22
C-33244,Ash Hill,2,30-44,English,Private tenancy,2022-05-15,Active,,920.97,1,2,21
C-33245,Northgate,2,45-59,English,No fixed abode,2023-01-07,Active,,617.76,1,2,12
C-33246,Ash Hill,3,45-59,English,Owner-occupier,2021-04-28,Active,,754.39,1,1,0
C-33247,Ash Hill,4,45-59,English,Social tenancy,2021-05-13,Active,,1290.59,2,1,16
C-33248,Calder Central,2,45-59,Spanish,Owner-occupier,2024-11-02,Active,,994.32,5,7,15
C-33249,Weybridge,1,18-29,English,Owner-occupier,2022-08-15,Active,,615.87,2,2,6
C-33250,Ash Hill,5,30-44,English,No fixed abode,2023-06-05,Active,,865.74,0,0,13
C-33251,Calder Central,1,18-29,English,No fixed abode,2025-01-11,Active,,670.32,0,3,15
C-33252,Northgate,1,18-29,English,Private tenancy,2023-06-09,Active,,691.73,0,0,12
C-33253,Northgate,1,30-44,English,Owner-occupier,2022-06-11,Active,,670.17,0,2,10
C-33254,Calder Central,3,18-29,English,Private tenancy,2024-04-19,Active,,872.31,2,0,18
C-33255,Calder Central,2,60-74,English,Resident with family,2024-06-23,Suspended,,529.55,0,3,11
C-33256,Weybridge,4,18-29,English,No fixed abode,2023-04-26,Closed,2025-08,1018.66,0,0,3
C-33257,Ash Hill,2,60-74,English,Social tenancy,2021-11-14,Active,,544.13,1,3,15
C-33258,Northgate,5,45-59,Spanish,Social tenancy,2021-07-23,Active,,995.84,2,2,6
C-33259,Ash Hill,2,30-44,English,Owner-occupier,2021-05-24,Suspended,,617.22,0,1,2
C-33260,Weybridge,3,18-29,Spanish,Owner-occupier,2024-10-11,Active,,944.34,3,2,5
C-33261,Weybridge,2,30-44,English,Social tenancy,2022-12-19,Closed,2025-12,863.12,0,2,5
C-33262,Calder Central,2,75+,English,No fixed abode,2024-01-28,Active,,646.69,0,2,22
C-33263,Calder Central,6,30-44,Spanish,No fixed abode,2025-03-20,Suspended,,1368.13,3,5,6
C-33264,Calder Central,1,60-74,English,Social tenancy,2024-07-08,Closed,2025-08,434.6,1,3,19
C-33265,Calder Central,1,30-44,English,Owner-occupier,2022-04-25,Active,,723.24,1,0,14
C-33266,Weybridge,4,75+,English,Social tenancy,2022-02-14,Active,,1230.85,0,3,13
C-33267,Calder Central,5,60-74,English,Resident with family,2025-02-13,Active,,1185.69,0,2,7
C-33268,Northgate,3,45-59,English,Owner-occupier,2025-06-02,Active,,650.92,0,2,22
C-33269,Calder Central,1,30-44,English,Owner-occupier,2024-06-08,Active,,752.66,2,2,5
C-33270,Calder Central,1,75+,English,Social tenancy,2025-01-06,Active,,537.6,2,2,11
C-33271,Calder Central,2,60-74,Other,Owner-occupier,2024-12-05,Active,,1033.78,2,2,9
C-33272,Weybridge,1,75+,English,Owner-occupier,2025-05-30,Active,,704.94,1,1,14
C-33273,Calder Central,1,45-59,English,Private tenancy,2021-11-16,Active,,373.26,0,3,21
C-33274,Northgate,2,30-44,English,Resident with family,2022-05-20,Active,,817.46,2,2,20
C-33275,Ash Hill,4,30-44,English,Social tenancy,2024-10-12,Active,,1027.79,1,4,14
C-33276,Calder Central,1,30-44,English,Social tenancy,2021-09-02,Active,,449.63,2,0,14
C-33277,Ash Hill,4,45-59,English,Social tenancy,2021-01-06,Active,,844.96,1,1,18
C-33278,Ash Hill,3,30-44,English,No fixed abode,2025-04-18,Active,,640.31,1,1,9
C-33279,Calder Central,1,30-44,Spanish,Social tenancy,2021-06-12,Active,,665.39,2,2,8
C-33280,Ash Hill,5,30-44,English,Social tenancy,2022-01-23,Active,,1421.31,0,0,15
C-33281,Ash Hill,1,60-74,English,No fixed abode,2022-10-14,Active,,561.23,2,3,22
C-33282,Northgate,2,18-29,English,No fixed abode,2022-06-27,Active,,555.07,1,0,12
C-33283,Calder Central,4,30-44,English,Social tenancy,2021-11-06,Closed,2025-07,761.86,1,1,2
C-33284,Weybridge,3,30-44,English,No fixed abode,2024-02-02,Active,,665.92,1,2,16
C-33285,Northgate,2,30-44,English,Private tenancy,2023-02-17,Active,,642.14,0,4,5
C-33286,Calder Central,5,60-74,Spanish,Owner-occupier,2021-05-15,Active,,1493.19,2,3,15
C-33287,Northgate,3,75+,Spanish,Resident with family,2022-07-30,Active,,937.62,3,3,18
C-33288,Northgate,1,45-59,English,Owner-occupier,2024-03-15,Active,,538.86,0,0,1
C-33289,Calder Central,1,45-59,English,No fixed abode,2024-08-29,Active,,546.43,0,2,11
C-33290,Calder Central,1,45-59,Other,Resident with family,2021-11-14,Closed,2025-10,703.93,0,2,22
C-33291,Northgate,2,30-44,Spanish,Owner-occupier,2022-08-31,Active,,721.49,2,5,7
C-33292,Northgate,6,45-59,English,Resident with family,2022-08-19,Closed,2025-08,1646.14,1,2,16
C-33293,Calder Central,3,45-59,English,Social tenancy,2023-11-16,Active,,640.74,1,1,10
C-33294,Weybridge,1,45-59,Other,Social tenancy,2022-10-20,Active,,484.93,2,3,4
C-33295,Northgate,1,45-59,English,Private tenancy,2022-02-02,Active,,515.05,0,4,17
C-33296,Calder Central,6,30-44,English,No fixed abode,2021-09-27,Active,,947.13,0,4,17
C-33297,Calder Central,2,18-29,English,Owner-occupier,2023-12-13,Active,,769.85,2,2,7
C-33298,Weybridge,2,60-74,English,No fixed abode,2025-06-14,Active,,748.26,0,2,7
C-33299,Weybridge,1,45-59,Other,Resident with family,2022-03-21,Active,,762.71,1,5,20
C-33300,Weybridge,2,60-74,English,Social tenancy,2023-10-31,Active,,542.66,1,0,10
C-33301,Calder Central,3,60-74,English,Social tenancy,2022-02-22,Closed,2025-10,1125.03,1,4,19
C-33302,Northgate,2,30-44,English,No fixed abode,2022-09-01,Active,,859.45,2,1,10
C-33303,Calder Central,2,30-44,English,Social tenancy,2021-05-25,Active,,622.33,1,2,9
C-33304,Ash Hill,1,75+,English,Resident with family,2022-01-17,Active,,766.81,1,1,8
C-33305,Calder Central,5,60-74,Other,Resident with family,2021-03-14,Active,,1400.08,2,4,7
C-33306,Ash Hill,1,45-59,English,No fixed abode,2022-10-26,Active,,686.48,1,0,8
C-33307,Calder Central,2,30-44,English,Private tenancy,2021-12-16,Active,,547.72,1,3,4
C-33308,Northgate,2,18-29,English,Social tenancy,2022-12-31,Active,,904.34,0,3,22
C-33309,Calder Central,2,30-44,English,Owner-occupier,2023-12-27,Active,,734.14,1,1,4
C-33310,Ash Hill,4,60-74,English,Private tenancy,2025-05-09,Active,,1042.51,0,3,8
C-33311,Weybridge,2,45-59,Other,Resident with family,2022-08-02,Active,,774.13,0,3,16
C-33312,Calder Central,4,18-29,Other,Social tenancy,2022-10-07,Active,,825.79,2,4,20
C-33313,Weybridge,1,30-44,Other,Social tenancy,2022-02-12,Active,,585.39,3,2,13
C-33314,Ash Hill,3,30-44,English,Social tenancy,2022-05-12,Active,,964.55,0,3,7
C-33315,Weybridge,6,60-74,Other,Resident with family,2023-09-08,Active,,1016.9,1,3,22
C-33316,Calder Central,1,30-44,Other,Resident with family,2022-01-24,Suspended,,572.14,0,6,12
C-33317,Calder Central,1,30-44,Spanish,Resident with family,2024-06-29,Closed,2025-12,512.39,0,3,15
C-33318,Northgate,1,30-44,English,Owner-occupier,2021-07-05,Active,,454.31,0,2,10
C-33319,Weybridge,2,75+,Spanish,Social tenancy,2022-05-28,Active,,985.8,3,6,5
C-33320,Weybridge,1,45-59,English,Private tenancy,2023-12-12,Active,,461.22,0,2,2
C-33321,Calder Central,1,18-29,English,Owner-occupier,2023-11-14,Active,,432.13,0,3,16
C-33322,Calder Central,1,60-74,English,Resident with family,2022-01-12,Active,,562.67,0,0,2
C-33323,Northgate,2,75+,English,Resident with family,2022-06-07,Active,,919.99,0,0,9
C-33324,Weybridge,4,45-59,English,Social tenancy,2025-04-26,Active,,1225.6,1,0,0
C-33325,Northgate,1,18-29,English,Social tenancy,2024-09-21,Active,,688.05,0,3,7
C-33326,Northgate,1,60-74,English,No fixed abode,2021-02-15,Active,,563.42,0,2,19
C-33327,Northgate,2,18-29,Other,No fixed abode,2023-06-08,Active,,976.63,0,2,4
C-33328,Weybridge,1,18-29,English,Social tenancy,2022-06-10,Active,,600.39,1,1,5
C-33329,Calder Central,2,45-59,English,Resident with family,2021-08-10,Active,,754.98,4,3,19
C-33330,Northgate,2,60-74,English,Resident with family,2025-08-28,Active,,800.6,0,0,23
C-33331,Weybridge,3,60-74,English,Private tenancy,2021-11-12,Suspended,,1186.85,1,2,18
C-33332,Northgate,1,18-29,English,Owner-occupier,2023-10-03,Active,,760.29,0,2,21
C-33333,Northgate,4,60-74,English,Owner-occupier,2021-12-24,Closed,2025-10,1259.64,2,3,1
C-33334,Calder Central,1,18-29,English,Social tenancy,2023-10-22,Active,,420.33,1,2,19
C-33335,Northgate,3,18-29,English,No fixed abode,2021-07-14,Active,,882.61,2,2,21
C-33336,Weybridge,5,30-44,English,Social tenancy,2022-11-16,Active,,1277.19,0,0,4
C-33337,Weybridge,2,30-44,English,Private tenancy,2021-03-11,Active,,534.67,0,2,2
C-33338,Weybridge,1,45-59,English,Private tenancy,2021-08-01,Active,,699.42,0,2,4
C-33339,Weybridge,3,45-59,English,Resident with family,2021-08-10,Active,,985.99,1,1,10
C-33340,Northgate,1,30-44,English,Private tenancy,2023-03-29,Active,,691.82,0,1,0
C-33341,Northgate,2,60-74,English,Owner-occupier,2021-02-25,Active,,987.6,0,1,17
C-33342,Ash Hill,1,30-44,English,Resident with family,2022-10-17,Active,,571.11,1,0,16
C-33343,Northgate,3,45-59,English,Resident with family,2025-08-26,Active,,1029.71,1,0,19
C-33344,Calder Central,4,75+,English,No fixed abode,2025-06-02,Active,,1243.66,0,0,1
C-33345,Ash Hill,6,60-74,English,Owner-occupier,2021-06-23,Active,,1607.33,0,2,7
C-33346,Calder Central,4,75+,English,Owner-occupier,2024-06-28,Active,,1133.49,1,4,10
C-33347,Weybridge,1,60-74,English,Resident with family,2024-10-20,Active,,693.7,0,2,8
C-33348,Calder Central,2,18-29,English,No fixed abode,2022-08-30,Active,,643.81,1,1,21
C-33349,Northgate,2,30-44,English,No fixed abode,2022-06-26,Active,,587.75,2,1,20
C-33350,Calder Central,2,75+,English,Owner-occupier,2024-09-03,Closed,2025-08,854.16,2,3,23
C-33351,Calder Central,3,18-29,English,Owner-occupier,2024-03-07,Active,,1203.15,1,2,16
C-33352,Northgate,3,18-29,English,Social tenancy,2024-06-17,Suspended,,1220.0,0,2,16
C-33353,Northgate,2,45-59,English,Private tenancy,2022-07-08,Active,,975.58,0,0,12
C-33354,Northgate,1,60-74,Spanish,Social tenancy,2023-12-06,Active,,630.97,1,2,23
C-33355,Weybridge,2,60-74,English,Social tenancy,2021-12-30,Active,,529.45,1,3,0
C-33356,Weybridge,1,30-44,English,No fixed abode,2022-04-25,Active,,474.01,0,4,5
C-33357,Ash Hill,5,45-59,English,Owner-occupier,2024-06-07,Active,,1615.32,1,2,19
C-33358,Ash Hill,3,18-29,Spanish,Private tenancy,2022-05-10,Active,,993.25,3,3,0
C-33359,Weybridge,1,18-29,English,Owner-occupier,2022-06-09,Active,,661.4,1,1,18
C-33360,Ash Hill,4,75+,English,Resident with family,2024-11-25,Active,,1343.97,2,2,2
C-33361,Northgate,1,30-44,English,Resident with family,2025-06-12,Closed,2025-12,629.84,0,2,20
C-33362,Ash Hill,1,30-44,English,Social tenancy,2023-04-03,Active,,475.56,0,4,14
C-33363,Northgate,1,45-59,English,Social tenancy,2021-05-15,Active,,741.93,0,2,19
C-33364,Northgate,3,45-59,English,Private tenancy,2025-04-15,Active,,871.28,4,3,5
C-33365,Weybridge,2,60-74,English,Social tenancy,2021-05-27,Active,,614.24,0,1,13
C-33366,Northgate,2,45-59,English,Resident with family,2022-10-04,Active,,742.28,1,3,23
C-33367,Calder Central,3,75+,Spanish,No fixed abode,2023-12-22,Active,,777.5,1,3,12
C-33368,Calder Central,2,60-74,Spanish,No fixed abode,2023-03-20,Active,,925.65,1,5,16
C-33369,Calder Central,1,45-59,English,Owner-occupier,2025-04-22,Active,,378.66,1,1,11
C-33370,Ash Hill,1,60-74,English,Private tenancy,2021-09-05,Active,,455.15,1,4,21
C-33371,Northgate,3,30-44,Other,Owner-occupier,2023-05-09,Closed,2025-09,1055.36,1,6,16
C-33372,Calder Central,2,45-59,English,Resident with family,2024-07-27,Active,,813.23,1,5,5
C-33373,Ash Hill,4,45-59,English,Owner-occupier,2021-04-28,Active,,1026.87,0,1,23
C-33374,Northgate,2,60-74,Other,Social tenancy,2022-12-16,Active,,542.2,1,1,16
C-33375,Weybridge,1,18-29,English,Social tenancy,2021-04-02,Active,,733.28,1,1,2
C-33376,Northgate,2,18-29,English,Resident with family,2024-07-24,Active,,1026.28,3,1,14
C-33377,Calder Central,1,75+,English,Private tenancy,2023-01-26,Active,,762.6,0,2,18
C-33378,Calder Central,1,60-74,English,Private tenancy,2022-04-04,Active,,673.21,2,1,21
C-33379,Northgate,2,30-44,English,Resident with family,2024-11-15,Active,,625.25,1,1,0
C-33380,Northgate,1,45-59,English,Owner-occupier,2024-01-24,Active,,672.55,0,2,22
C-33381,Weybridge,2,45-59,Spanish,Private tenancy,2022-12-22,Active,,816.21,1,3,23
C-33382,Weybridge,2,30-44,English,Resident with family,2022-11-30,Active,,510.47,0,3,16
C-33383,Calder Central,5,18-29,English,Resident with family,2025-06-04,Active,,1611.73,1,2,11
C-33384,Calder Central,1,30-44,English,Private tenancy,2023-03-09,Active,,607.72,1,2,13
C-33385,Weybridge,2,30-44,English,Social tenancy,2021-09-22,Active,,771.81,0,2,18
C-33386,Northgate,1,18-29,English,No fixed abode,2023-01-18,Active,,558.99,0,0,4
C-33387,Calder Central,4,75+,Spanish,Resident with family,2025-05-26,Active,,1094.6,2,3,19
C-33388,Calder Central,3,18-29,English,Social tenancy,2024-05-07,Active,,1058.98,1,3,20
C-33389,Calder Central,2,60-74,English,Resident with family,2023-07-05,Suspended,,510.1,1,0,16
C-33390,Calder Central,4,75+,Spanish,Owner-occupier,2024-09-27,Active,,1178.96,2,5,4
C-33391,Calder Central,5,45-59,Other,Resident with family,2025-07-23,Active,,1297.92,2,3,8
C-33392,Weybridge,2,45-59,English,Social tenancy,2021-12-25,Active,,671.81,0,3,20
C-33393,Calder Central,1,18-29,English,Resident with family,2023-04-08,Active,,629.71,2,4,8
C-33394,Weybridge,1,18-29,English,Private tenancy,2025-05-16,Active,,524.35,0,1,6
C-33395,Calder Central,2,30-44,English,Private tenancy,2021-11-23,Active,,700.4,0,3,17
C-33396,Weybridge,2,45-59,English,Social tenancy,2022-06-24,Active,,961.18,3,0,15
C-33397,Calder Central,1,45-59,English,Resident with family,2024-03-06,Active,,756.31,2,4,1
C-33398,Northgate,2,45-59,English,No fixed abode,2025-06-13,Active,,519.37,0,1,5
C-33399,Weybridge,4,18-29,English,Private tenancy,2025-05-15,Active,,1022.92,0,0,6
C-33400,Weybridge,2,75+,English,Private tenancy,2024-10-01,Active,,1026.15,0,2,22
C-33401,Calder Central,1,60-74,English,No fixed abode,2025-05-20,Suspended,,755.52,1,2,9
C-33402,Weybridge,1,30-44,English,Resident with family,2025-04-15,Active,,650.09,1,4,21
C-33403,Northgate,2,60-74,English,Private tenancy,2023-05-21,Active,,800.32,2,3,7
C-33404,Weybridge,1,60-74,English,No fixed abode,2022-09-16,Active,,631.08,0,1,14
C-33405,Weybridge,4,30-44,English,Social tenancy,2024-12-17,Active,,1273.61,1,0,5
C-33406,Northgate,1,75+,Other,Owner-occupier,2022-01-24,Active,,600.03,2,4,0
C-33407,Northgate,1,75+,English,No fixed abode,2023-06-13,Active,,569.54,2,3,15
C-33408,Weybridge,2,45-59,English,No fixed abode,2021-08-20,Active,,601.99,1,2,11
C-33409,Weybridge,3,45-59,English,Owner-occupier,2023-12-21,Active,,1232.85,1,0,14
C-33410,Calder Central,1,30-44,English,Owner-occupier,2021-03-19,Active,,461.16,0,1,6
C-33411,Calder Central,5,60-74,English,Private tenancy,2023-08-28,Active,,802.33,3,4,1
C-33412,Weybridge,1,30-44,English,Social tenancy,2025-06-25,Active,,721.12,0,5,0
C-33413,Calder Central,5,75+,Other,Private tenancy,2021-08-25,Active,,1165.07,3,3,9
C-33414,Northgate,1,30-44,English,Social tenancy,2022-11-18,Closed,2025-12,568.29,0,1,6
C-33415,Calder Central,1,75+,English,Social tenancy,2024-05-23,Active,,487.25,0,4,5
C-33416,Calder Central,3,18-29,English,Private tenancy,2024-11-04,Active,,1233.65,0,4,12
C-33417,Calder Central,5,45-59,English,Owner-occupier,2021-07-25,Active,,852.17,0,1,15
C-33418,Ash Hill,4,18-29,Spanish,Social tenancy,2022-07-14,Active,,929.7,2,2,11
C-33419,Weybridge,4,18-29,English,Owner-occupier,2024-10-06,Active,,1061.91,1,2,14
C-33420,Northgate,1,30-44,English,Private tenancy,2023-12-27,Active,,722.38,0,3,16
C-33421,Northgate,5,75+,English,Resident with family,2022-01-03,Active,,1372.66,1,2,13
C-33422,Weybridge,4,45-59,English,Social tenancy,2022-07-02,Active,,892.71,1,4,19
C-33423,Calder Central,3,60-74,English,Social tenancy,2024-11-21,Active,,974.08,0,0,8
C-33424,Northgate,3,30-44,Other,No fixed abode,2023-07-08,Active,,1095.55,0,6,21
C-33425,Calder Central,1,30-44,English,No fixed abode,2023-03-28,Active,,431.77,0,0,6
C-33426,Calder Central,4,18-29,English,Owner-occupier,2022-08-09,Active,,1355.96,1,0,16
C-33427,Calder Central,2,45-59,English,No fixed abode,2025-02-08,Active,,706.82,1,0,3
C-33428,Weybridge,5,75+,English,Social tenancy,2021-02-25,Active,,916.62,2,0,1
C-33429,Calder Central,5,30-44,English,Social tenancy,2023-11-05,Active,,1196.67,0,5,10
C-33430,Weybridge,4,60-74,English,Owner-occupier,2021-09-22,Closed,2025-11,869.46,0,1,12
C-33431,Weybridge,5,30-44,Other,No fixed abode,2021-07-21,Active,,1587.58,0,6,4
C-33432,Northgate,3,45-59,English,Social tenancy,2025-05-05,Active,,744.47,3,2,21
C-33433,Calder Central,1,60-74,English,Private tenancy,2022-11-02,Active,,383.09,0,1,22
C-33434,Northgate,3,18-29,English,No fixed abode,2024-09-10,Active,,1026.29,0,1,8
C-33435,Weybridge,1,30-44,English,No fixed abode,2024-01-14,Active,,454.18,2,2,7
C-33436,Weybridge,3,45-59,Spanish,Private tenancy,2024-12-16,Active,,741.1,1,3,21
C-33437,Weybridge,3,75+,English,No fixed abode,2021-02-07,Active,,639.11,0,3,12
C-33438,Calder Central,1,30-44,English,Resident with family,2023-10-21,Active,,378.54,2,1,13
C-33439,Calder Central,3,60-74,English,Social tenancy,2022-12-12,Active,,781.41,0,3,12
C-33440,Northgate,5,18-29,English,Resident with family,2025-03-15,Active,,1187.64,0,3,9
C-33441,Northgate,3,30-44,English,Private tenancy,2022-10-25,Active,,975.15,0,1,20
C-33442,Northgate,3,45-59,English,Social tenancy,2022-04-15,Active,,1229.92,2,0,19
C-33443,Calder Central,1,75+,English,Private tenancy,2021-03-04,Active,,617.61,0,1,15
C-33444,Weybridge,5,30-44,English,Social tenancy,2023-03-04,Active,,1234.04,1,0,2
C-33445,Weybridge,4,18-29,English,Resident with family,2023-05-20,Active,,1216.95,1,0,6
C-33446,Weybridge,1,30-44,Other,Resident with family,2023-06-21,Active,,617.96,2,2,0
C-33447,Calder Central,3,30-44,English,Private tenancy,2023-02-12,Active,,865.41,1,1,21
C-33448,Northgate,3,60-74,English,No fixed abode,2025-07-30,Active,,676.35,1,1,14
C-33449,Weybridge,3,30-44,English,No fixed abode,2025-01-08,Active,,1139.94,0,2,22
C-33450,Weybridge,1,75+,English,Private tenancy,2023-04-01,Active,,618.8,1,1,10
C-33451,Northgate,1,45-59,English,Social tenancy,2023-06-07,Active,,754.29,0,1,16
C-33452,Ash Hill,1,30-44,English,No fixed abode,2021-02-27,Active,,576.88,2,2,6
C-33453,Northgate,2,30-44,English,No fixed abode,2022-12-26,Active,,887.04,3,4,21
C-33454,Northgate,1,18-29,English,Owner-occupier,2025-05-21,Active,,525.99,0,1,13
C-33455,Ash Hill,4,60-74,Spanish,Private tenancy,2021-05-28,Active,,849.94,0,3,16
C-33456,Northgate,3,45-59,English,Owner-occupier,2021-03-17,Active,,871.17,0,2,4
C-33457,Calder Central,3,75+,English,Social tenancy,2021-08-01,Active,,849.04,0,2,5
C-33458,Calder Central,4,30-44,Spanish,Owner-occupier,2023-01-29,Active,,1066.8,1,4,10
C-33459,Ash Hill,1,18-29,Spanish,Owner-occupier,2021-05-16,Active,,760.39,4,4,13
C-33460,Calder Central,5,75+,Other,Social tenancy,2021-07-16,Active,,1547.25,0,5,6
C-33461,Ash Hill,1,30-44,English,Resident with family,2021-05-06,Active,,711.21,1,1,9
C-33462,Northgate,3,30-44,English,Resident with family,2022-04-11,Closed,2025-12,837.19,0,2,11
C-33463,Northgate,3,45-59,Other,Owner-occupier,2024-02-22,Active,,723.27,1,3,6
C-33464,Calder Central,1,30-44,English,Owner-occupier,2025-01-06,Active,,688.73,2,1,20
C-33465,Weybridge,2,45-59,English,No fixed abode,2024-10-11,Active,,637.27,1,0,17
C-33466,Northgate,1,30-44,English,No fixed abode,2024-05-29,Active,,670.31,1,0,12
C-33467,Weybridge,2,60-74,Spanish,Social tenancy,2023-09-26,Active,,1027.08,3,6,16
C-33468,Calder Central,2,30-44,English,Social tenancy,2022-08-01,Suspended,,587.78,2,2,9
C-33469,Ash Hill,2,18-29,English,Owner-occupier,2023-04-09,Active,,956.08,2,4,3
C-33470,Calder Central,5,60-74,English,Private tenancy,2025-03-11,Suspended,,1333.13,1,2,7
C-33471,Weybridge,3,30-44,English,Social tenancy,2024-12-28,Active,,834.52,0,2,3
C-33472,Northgate,2,30-44,English,Social tenancy,2022-10-21,Active,,921.12,1,2,2
C-33473,Ash Hill,1,75+,English,No fixed abode,2024-02-17,Active,,736.15,0,1,10
C-33474,Calder Central,2,18-29,English,No fixed abode,2024-11-22,Suspended,,940.98,0,1,6
C-33475,Ash Hill,2,30-44,English,Private tenancy,2023-10-26,Active,,597.69,0,3,11
C-33476,Northgate,2,60-74,English,Owner-occupier,2022-06-13,Active,,1008.33,2,1,13
C-33477,Northgate,4,45-59,English,No fixed abode,2025-05-26,Active,,1273.91,0,2,6
C-33478,Calder Central,1,75+,English,Owner-occupier,2022-12-23,Active,,736.7,1,2,16
C-33479,Weybridge,3,60-74,English,Private tenancy,2022-08-22,Active,,617.77,1,2,17
C-33480,Weybridge,3,75+,English,Private tenancy,2021-01-20,Active,,1150.04,1,1,7
C-33481,Northgate,4,30-44,Spanish,Private tenancy,2024-04-17,Active,,1163.82,0,4,16
C-33482,Northgate,2,45-59,English,No fixed abode,2021-10-30,Active,,780.84,2,1,8
C-33483,Northgate,2,30-44,English,No fixed abode,2022-06-16,Active,,749.87,0,1,3
C-33484,Calder Central,1,30-44,English,Private tenancy,2021-01-28,Active,,539.68,0,1,4
C-33485,Calder Central,3,18-29,Spanish,Owner-occupier,2025-06-22,Active,,609.23,2,4,1
C-33486,Weybridge,4,60-74,English,Private tenancy,2022-08-02,Suspended,,1185.33,2,4,22
C-33487,Calder Central,2,45-59,Spanish,No fixed abode,2023-03-13,Active,,566.31,0,5,4
C-33488,Northgate,2,18-29,English,Private tenancy,2025-03-09,Active,,998.22,0,0,19
C-33489,Northgate,5,75+,English,Owner-occupier,2022-10-31,Active,,981.05,2,2,13
C-33490,Northgate,3,60-74,Spanish,Resident with family,2021-02-27,Active,,1162.76,0,6,18
C-33491,Ash Hill,1,30-44,English,Owner-occupier,2021-10-03,Active,,376.99,0,0,6
C-33492,Weybridge,2,60-74,English,Social tenancy,2024-03-18,Active,,760.64,0,2,12
C-33493,Calder Central,2,30-44,English,Private tenancy,2022-09-01,Closed,2025-09,719.64,0,1,14
C-33494,Ash Hill,4,30-44,English,Social tenancy,2021-05-19,Active,,1172.77,1,1,15
C-33495,Northgate,2,45-59,English,Private tenancy,2023-04-24,Active,,960.7,2,4,21
C-33496,Calder Central,2,75+,English,Resident with family,2021-05-27,Active,,997.77,1,3,11
C-33497,Ash Hill,1,18-29,English,No fixed abode,2022-03-08,Active,,510.62,0,2,18
C-33498,Weybridge,4,60-74,English,Private tenancy,2022-11-04,Active,,1096.07,0,2,19
C-33499,Northgate,1,30-44,English,Social tenancy,2022-04-09,Active,,491.89,1,2,7
C-33500,Calder Central,1,75+,English,Social tenancy,2023-07-12,Active,,424.51,1,2,4
C-33501,Northgate,6,30-44,English,No fixed abode,2021-12-25,Active,,1404.48,1,1,3
C-33502,Northgate,6,30-44,Spanish,Owner-occupier,2022-01-12,Active,,1797.51,1,2,22
C-33503,Calder Central,1,30-44,Spanish,Resident with family,2022-02-16,Closed,2025-07,720.69,2,6,21
C-33504,Ash Hill,3,45-59,English,No fixed abode,2023-06-27,Active,,1107.97,1,2,3
C-33505,Northgate,5,60-74,English,No fixed abode,2022-03-02,Suspended,,1621.18,1,3,23
C-33506,Northgate,3,30-44,English,Owner-occupier,2023-04-09,Suspended,,1044.25,1,2,21
C-33507,Ash Hill,4,45-59,Spanish,Resident with family,2024-11-21,Active,,1057.91,1,5,7
C-33508,Calder Central,1,18-29,Spanish,No fixed abode,2023-05-20,Active,,539.41,2,5,16
C-33509,Ash Hill,2,30-44,English,Resident with family,2021-06-28,Active,,507.05,1,2,17
C-33510,Northgate,2,75+,English,No fixed abode,2024-06-27,Closed,2025-11,987.75,0,3,14
C-33511,Calder Central,1,18-29,English,Private tenancy,2024-04-29,Active,,718.17,0,0,13
C-33512,Northgate,2,75+,English,Social tenancy,2025-08-22,Active,,574.59,0,2,10
C-33513,Calder Central,2,75+,English,Resident with family,2022-07-26,Active,,999.93,1,1,23
C-33514,Weybridge,2,75+,English,Private tenancy,2025-05-29,Active,,722.22,0,3,4
C-33515,Northgate,1,75+,English,Social tenancy,2021-03-27,Active,,592.33,1,3,7
C-33516,Northgate,2,30-44,English,Owner-occupier,2022-11-10,Active,,790.53,2,3,5
C-33517,Calder Central,2,60-74,English,Social tenancy,2021-09-07,Active,,810.82,1,3,5
C-33518,Calder Central,1,18-29,English,No fixed abode,2023-05-04,Active,,678.16,0,1,7
C-33519,Ash Hill,1,30-44,Spanish,Resident with family,2023-07-30,Active,,651.36,1,4,13
C-33520,Calder Central,3,18-29,English,Resident with family,2025-03-22,Active,,1154.94,1,3,3
C-33521,Calder Central,2,30-44,Spanish,No fixed abode,2021-05-19,Active,,980.39,1,5,19
C-33522,Calder Central,4,30-44,English,Private tenancy,2023-12-27,Active,,1417.76,0,4,4
C-33523,Weybridge,5,60-74,English,Social tenancy,2021-02-06,Suspended,,1061.22,0,3,14
C-33524,Weybridge,1,60-74,Spanish,Owner-occupier,2025-04-10,Active,,653.35,3,5,1
C-33525,Calder Central,2,18-29,English,Private tenancy,2022-09-20,Suspended,,797.18,1,2,15
C-33526,Northgate,2,60-74,English,Social tenancy,2024-07-26,Active,,984.73,2,2,12
C-33527,Northgate,1,60-74,English,Resident with family,2021-07-29,Active,,637.95,1,1,1
C-33528,Calder Central,2,45-59,Spanish,No fixed abode,2024-02-22,Active,,708.88,2,4,3
C-33529,Ash Hill,5,18-29,English,No fixed abode,2025-01-02,Active,,1465.19,2,1,7
C-33530,Northgate,1,18-29,English,Social tenancy,2023-09-27,Active,,442.18,0,1,0
C-33531,Calder Central,3,60-74,English,Resident with family,2021-10-26,Active,,847.94,0,1,14
C-33532,Ash Hill,3,30-44,English,Owner-occupier,2025-03-23,Active,,693.78,0,0,7
C-33533,Calder Central,3,60-74,English,No fixed abode,2024-09-04,Closed,2025-09,671.75,1,2,11
C-33534,Ash Hill,1,60-74,English,Private tenancy,2021-12-23,Active,,576.74,0,3,15
C-33535,Northgate,2,18-29,English,Social tenancy,2021-08-24,Active,,940.01,1,1,6
C-33536,Calder Central,4,18-29,English,No fixed abode,2024-01-09,Active,,1248.96,0,1,13
C-33537,Northgate,1,18-29,Other,Resident with family,2024-01-04,Active,,711.86,1,4,0
C-33538,Northgate,4,45-59,English,Resident with family,2022-11-07,Active,,1152.13,1,0,15
C-33539,Calder Central,3,30-44,English,Resident with family,2025-05-03,Active,,1086.2,0,1,1
C-33540,Weybridge,1,18-29,English,Owner-occupier,2023-12-13,Active,,398.07,0,1,5
C-33541,Northgate,3,18-29,English,No fixed abode,2025-05-04,Active,,985.68,1,0,17
C-33542,Weybridge,3,45-59,English,No fixed abode,2022-04-23,Active,,1108.88,0,2,15
C-33543,Northgate,2,18-29,Other,Private tenancy,2022-05-09,Active,,742.5,3,1,22
C-33544,Calder Central,2,30-44,English,Social tenancy,2025-01-29,Active,,703.44,0,2,15
C-33545,Calder Central,2,60-74,English,Private tenancy,2023-08-07,Active,,939.12,3,1,19
C-33546,Northgate,1,30-44,English,Social tenancy,2022-05-20,Active,,741.5,0,1,4
C-33547,Calder Central,3,30-44,English,Resident with family,2022-07-14,Suspended,,881.32,1,0,12
C-33548,Calder Central,2,45-59,English,Owner-occupier,2022-07-14,Active,,717.66,1,1,17
C-33549,Calder Central,1,45-59,Spanish,Resident with family,2024-10-27,Active,,741.44,3,4,15
C-33550,Weybridge,3,30-44,English,Resident with family,2024-12-08,Active,,761.69,0,1,11
C-33551,Calder Central,1,45-59,English,No fixed abode,2025-01-27,Active,,541.83,0,2,12
C-33552,Calder Central,3,75+,English,Owner-occupier,2023-01-05,Active,,906.79,1,3,20
C-33553,Northgate,2,30-44,English,Resident with family,2022-11-11,Active,,975.77,0,2,22
C-33554,Ash Hill,4,60-74,English,Private tenancy,2022-10-24,Active,,750.44,0,3,14
C-33555,Weybridge,1,60-74,English,Resident with family,2021-01-12,Active,,763.06,1,1,22
C-33556,Northgate,2,60-74,English,No fixed abode,2022-12-03,Active,,1028.47,1,2,21
C-33557,Weybridge,2,30-44,English,Owner-occupier,2022-04-25,Active,,929.48,1,0,19
C-33558,Calder Central,2,45-59,English,Private tenancy,2021-02-14,Active,,1026.38,2,3,5
C-33559,Calder Central,2,60-74,English,Private tenancy,2022-03-13,Active,,656.94,0,1,4
C-33560,Weybridge,3,18-29,Spanish,Social tenancy,2023-01-21,Active,,779.25,3,4,8
C-33561,Weybridge,3,75+,English,Owner-occupier,2023-12-27,Active,,799.63,0,3,5
C-33562,Northgate,2,18-29,English,Owner-occupier,2021-05-12,Active,,615.45,1,1,0
C-33563,Northgate,2,45-59,English,Private tenancy,2021-03-10,Closed,2025-09,1009.3,1,3,7
C-33564,Calder Central,2,30-44,English,Resident with family,2024-06-02,Closed,2025-10,630.98,1,2,10
C-33565,Weybridge,5,60-74,English,Resident with family,2023-05-29,Active,,1162.59,0,0,19
C-33566,Weybridge,2,75+,English,Private tenancy,2022-05-23,Active,,599.69,1,2,12
C-33567,Northgate,1,30-44,English,Owner-occupier,2024-08-31,Active,,423.25,1,1,7
C-33568,Weybridge,1,45-59,English,No fixed abode,2025-05-05,Active,,696.33,1,3,19
C-33569,Weybridge,2,75+,English,Owner-occupier,2024-05-12,Active,,595.17,2,0,10
C-33570,Ash Hill,4,75+,English,Resident with family,2024-08-21,Active,,965.11,2,1,13
C-33571,Weybridge,2,45-59,Spanish,Private tenancy,2021-12-03,Active,,658.31,0,5,21
C-33572,Weybridge,5,30-44,English,Private tenancy,2023-06-30,Active,,853.66,0,5,19
C-33573,Weybridge,3,30-44,English,Private tenancy,2021-08-30,Active,,1114.81,0,2,16
C-33574,Weybridge,5,75+,English,Private tenancy,2022-12-03,Active,,1453.72,1,0,2
C-33575,Calder Central,1,30-44,English,Private tenancy,2021-11-09,Suspended,,608.61,2,2,10
C-33576,Northgate,1,18-29,English,Private tenancy,2025-08-28,Closed,2025-10,442.82,1,4,13
C-33577,Northgate,3,45-59,English,Resident with family,2021-03-17,Active,,935.05,1,2,13
C-33578,Weybridge,2,30-44,Spanish,No fixed abode,2024-12-03,Suspended,,611.47,1,8,5
C-33579,Calder Central,4,18-29,English,Resident with family,2025-04-10,Active,,1160.09,0,0,11
C-33580,Weybridge,2,75+,Spanish,Resident with family,2023-01-15,Closed,2025-09,640.42,4,6,3
C-33581,Ash Hill,3,60-74,English,Private tenancy,2021-12-25,Active,,835.63,2,2,0
C-33582,Northgate,1,30-44,English,No fixed abode,2023-05-20,Active,,554.48,1,1,19
C-33583,Weybridge,2,60-74,Spanish,Private tenancy,2023-12-23,Active,,922.9,2,3,16
C-33584,Northgate,1,18-29,Other,Social tenancy,2024-12-16,Active,,709.78,2,3,2
C-33585,Calder Central,1,60-74,English,No fixed abode,2023-05-25,Active,,434.96,0,3,7
C-33586,Northgate,2,30-44,English,Resident with family,2021-11-13,Active,,804.47,1,2,8
C-33587,Calder Central,4,18-29,English,Owner-occupier,2021-10-16,Active,,1325.37,0,2,13
C-33588,Calder Central,3,18-29,Other,Private tenancy,2023-04-22,Active,,1161.02,2,5,18
C-33589,Calder Central,5,30-44,Spanish,Social tenancy,2024-06-27,Active,,1526.15,1,5,5
C-33590,Northgate,3,18-29,English,Owner-occupier,2022-10-26,Active,,1067.48,1,2,6
C-33591,Calder Central,3,60-74,English,Owner-occupier,2021-09-10,Active,,850.93,0,3,0
C-33592,Northgate,1,30-44,English,Social tenancy,2022-04-10,Active,,498.39,0,2,23
C-33593,Northgate,3,30-44,English,Private tenancy,2024-09-10,Active,,637.84,0,3,9
C-33594,Calder Central,1,60-74,English,Private tenancy,2022-04-29,Active,,554.1,1,1,14
C-33595,Weybridge,2,45-59,English,Private tenancy,2024-04-20,Active,,655.16,1,1,9
C-33596,Calder Central,4,18-29,English,Private tenancy,2022-05-06,Active,,846.03,0,1,8
C-33597,Northgate,4,18-29,English,Owner-occupier,2023-12-28,Suspended,,1189.77,1,3,16
C-33598,Calder Central,3,60-74,English,Private tenancy,2024-10-27,Active,,948.49,0,2,7
C-33599,Weybridge,2,30-44,English,Social tenancy,2025-06-03,Active,,774.85,3,2,11
C-33600,Northgate,2,30-44,English,Social tenancy,2024-08-08,Active,,567.64,0,3,9
C-33601,Northgate,4,45-59,English,Social tenancy,2022-06-16,Active,,1059.16,0,3,6
C-33602,Northgate,2,18-29,English,Owner-occupier,2022-01-14,Active,,858.04,1,1,11
C-33603,Weybridge,1,75+,English,Private tenancy,2022-11-10,Active,,560.38,0,1,7
C-33604,Weybridge,1,45-59,Spanish,Social tenancy,2024-06-04,Active,,712.13,1,3,10
C-33605,Northgate,4,45-59,English,Private tenancy,2021-07-25,Active,,1424.65,1,2,19
C-33606,Weybridge,6,18-29,English,Social tenancy,2022-01-06,Active,,1089.58,1,2,16
C-33607,Northgate,1,18-29,Other,Owner-occupier,2024-11-12,Active,,423.17,3,4,20
C-33608,Weybridge,3,45-59,English,No fixed abode,2022-11-30,Active,,1237.44,2,1,3
C-33609,Weybridge,2,30-44,English,No fixed abode,2025-01-02,Active,,577.53,0,0,16
C-33610,Weybridge,2,45-59,English,Owner-occupier,2021-04-07,Active,,825.49,1,2,22
C-33611,Northgate,2,60-74,English,No fixed abode,2024-07-08,Active,,851.42,1,1,20
C-33612,Calder Central,5,30-44,English,No fixed abode,2024-04-25,Active,,1003.42,0,2,6
C-33613,Weybridge,4,60-74,Other,Private tenancy,2025-06-06,Active,,1241.41,4,2,9
C-33614,Calder Central,3,75+,English,Private tenancy,2024-06-12,Closed,2025-10,825.26,1,3,18
C-33615,Ash Hill,1,18-29,English,Private tenancy,2021-01-25,Suspended,,453.19,0,1,4
C-33616,Northgate,2,75+,English,Owner-occupier,2022-09-09,Active,,756.52,4,2,7
C-33617,Calder Central,1,60-74,English,Social tenancy,2024-01-19,Active,,462.73,0,2,22
C-33618,Northgate,4,30-44,English,No fixed abode,2022-01-09,Active,,989.76,0,3,17
C-33619,Ash Hill,3,45-59,English,Resident with family,2025-07-10,Active,,773.01,3,0,20
C-33620,Calder Central,1,60-74,English,No fixed abode,2023-08-22,Active,,733.72,0,1,4
C-33621,Northgate,3,60-74,English,No fixed abode,2023-07-12,Active,,722.95,0,0,10
C-33622,Weybridge,1,45-59,English,Resident with family,2023-01-31,Active,,444.2,0,3,8
C-33623,Calder Central,4,18-29,English,Social tenancy,2021-10-15,Active,,1279.83,2,0,14
C-33624,Calder Central,4,75+,Spanish,Owner-occupier,2024-08-28,Active,,1039.76,2,4,19
C-33625,Ash Hill,3,18-29,English,Social tenancy,2022-01-08,Active,,952.88,0,3,8
C-33626,Weybridge,2,18-29,English,Private tenancy,2024-03-08,Active,,856.64,2,1,22
C-33627,Calder Central,4,45-59,Spanish,Private tenancy,2023-06-04,Active,,985.93,1,5,19
C-33628,Ash Hill,4,18-29,English,Resident with family,2024-07-30,Active,,1011.03,0,1,2
C-33629,Weybridge,1,30-44,English,No fixed abode,2022-03-19,Active,,757.61,0,2,8
C-33630,Calder Central,1,45-59,English,No fixed abode,2025-08-03,Suspended,,461.87,2,1,10
C-33631,Ash Hill,4,30-44,Spanish,Owner-occupier,2021-10-27,Active,,1340.6,2,6,6
C-33632,Calder Central,2,60-74,English,No fixed abode,2024-06-25,Active,,512.65,1,1,17
C-33633,Northgate,4,60-74,Other,Social tenancy,2022-10-28,Active,,1443.28,0,4,22
C-33634,Northgate,1,18-29,Other,Resident with family,2025-06-15,Active,,749.16,2,1,18
C-33635,Northgate,2,60-74,English,No fixed abode,2021-09-29,Active,,856.5,0,0,4
C-33636,Calder Central,1,60-74,English,Owner-occupier,2024-09-10,Active,,737.73,0,1,10
C-33637,Calder Central,3,30-44,English,No fixed abode,2024-04-29,Closed,2025-11,783.76,1,2,14
C-33638,Weybridge,1,30-44,English,Private tenancy,2024-02-10,Active,,739.59,1,4,0
C-33639,Northgate,1,18-29,English,No fixed abode,2025-04-02,Active,,527.98,1,3,4
C-33640,Weybridge,5,18-29,English,Owner-occupier,2025-02-10,Active,,1077.39,1,0,17
C-33641,Calder Central,3,30-44,English,Resident with family,2024-05-10,Active,,850.04,2,3,7
C-33642,Ash Hill,2,45-59,English,No fixed abode,2021-11-05,Active,,664.05,0,3,13
C-33643,Northgate,2,45-59,Spanish,Social tenancy,2022-01-24,Active,,641.63,2,4,11
C-33644,Calder Central,2,30-44,English,Private tenancy,2023-08-23,Active,,597.76,1,3,0
C-33645,Northgate,1,75+,English,Resident with family,2025-01-21,Active,,586.25,0,1,13
C-33646,Weybridge,3,18-29,English,Private tenancy,2021-06-22,Active,,980.93,1,0,14
C-33647,Calder Central,3,30-44,English,Resident with family,2024-03-22,Active,,1188.67,0,2,11
C-33648,Calder Central,2,18-29,English,Private tenancy,2021-07-12,Closed,2025-08,517.28,2,2,11
C-33649,Northgate,1,30-44,English,Social tenancy,2023-03-31,Active,,750.8,1,1,23
C-33650,Calder Central,1,60-74,English,No fixed abode,2024-08-27,Active,,572.78,1,1,1
C-33651,Ash Hill,2,75+,Other,No fixed abode,2022-07-29,Active,,804.84,0,3,13
C-33652,Weybridge,3,75+,English,No fixed abode,2023-10-03,Active,,894.32,3,2,15
C-33653,Calder Central,3,30-44,Spanish,Owner-occupier,2024-08-07,Active,,844.06,3,2,21
C-33654,Calder Central,1,30-44,English,No fixed abode,2025-06-18,Active,,397.05,0,3,7
C-33655,Calder Central,3,45-59,English,Social tenancy,2025-04-06,Active,,1214.35,0,2,19
C-33656,Calder Central,4,60-74,English,Resident with family,2022-03-01,Active,,1044.73,0,0,21
C-33657,Ash Hill,1,60-74,English,Social tenancy,2022-02-26,Active,,695.14,1,3,7
C-33658,Northgate,3,30-44,English,Resident with family,2021-05-28,Active,,1052.93,0,0,23
C-33659,Calder Central,6,60-74,English,Resident with family,2024-04-02,Active,,1207.33,0,3,23
C-33660,Ash Hill,5,18-29,English,Owner-occupier,2024-07-07,Active,,1405.15,0,3,8
C-33661,Northgate,3,60-74,English,Resident with family,2023-09-09,Active,,1038.65,0,3,20
C-33662,Weybridge,3,30-44,Other,No fixed abode,2023-10-05,Active,,822.33,1,5,10
C-33663,Northgate,1,60-74,English,Private tenancy,2024-09-16,Active,,577.87,1,2,23
C-33664,Weybridge,3,75+,Other,Owner-occupier,2023-10-21,Active,,774.36,1,2,15
C-33665,Calder Central,2,75+,English,No fixed abode,2021-12-20,Active,,849.34,0,3,16
C-33666,Weybridge,2,75+,English,Owner-occupier,2025-08-12,Active,,719.1,2,0,0
C-33667,Calder Central,1,18-29,English,Social tenancy,2024-07-22,Active,,604.47,2,4,2
C-33668,Weybridge,3,45-59,Spanish,Social tenancy,2021-11-23,Active,,1125.66,3,5,21
C-33669,Northgate,3,60-74,English,Resident with family,2024-08-01,Active,,724.33,1,3,1
C-33670,Calder Central,3,30-44,Spanish,Private tenancy,2024-01-29,Active,,1206.0,1,5,7
C-33671,Weybridge,2,60-74,English,Private tenancy,2021-07-02,Active,,745.02,0,4,17
C-33672,Calder Central,1,30-44,English,No fixed abode,2024-06-19,Active,,626.84,1,1,21
C-33673,Northgate,5,75+,English,Social tenancy,2024-12-22,Active,,1304.86,0,3,15
C-33674,Ash Hill,2,60-74,Other,No fixed abode,2023-08-27,Active,,831.4,3,4,17
C-33675,Calder Central,2,60-74,English,Private tenancy,2024-06-20,Active,,898.03,0,2,2
C-33676,Northgate,2,60-74,English,Private tenancy,2022-06-29,Active,,773.01,0,0,18
C-33677,Weybridge,3,30-44,Other,Owner-occupier,2023-07-04,Closed,2025-11,1102.85,1,6,20
C-33678,Northgate,4,30-44,English,No fixed abode,2023-11-14,Active,,833.54,0,3,21
C-33679,Weybridge,2,60-74,English,No fixed abode,2021-02-06,Closed,2025-08,749.97,1,0,19
C-33680,Weybridge,1,45-59,English,Owner-occupier,2023-01-31,Active,,453.44,2,1,15
C-33681,Ash Hill,5,30-44,English,Social tenancy,2021-12-21,Active,,1116.18,2,2,8
C-33682,Ash Hill,1,30-44,Other,Private tenancy,2021-08-25,Active,,404.77,4,6,2
C-33683,Ash Hill,2,18-29,English,Social tenancy,2024-02-12,Active,,988.89,1,2,12
C-33684,Calder Central,3,18-29,English,Private tenancy,2023-03-09,Active,,1040.75,2,2,7
C-33685,Weybridge,4,60-74,Spanish,Private tenancy,2022-10-18,Suspended,,1408.24,2,3,14
C-33686,Calder Central,3,60-74,English,Resident with family,2024-03-12,Active,,1145.07,1,1,3
C-33687,Weybridge,4,30-44,Spanish,Resident with family,2022-08-20,Active,,903.09,2,2,21
C-33688,Calder Central,4,30-44,English,Owner-occupier,2022-09-17,Active,,1026.59,2,3,18
C-33689,Northgate,4,45-59,English,No fixed abode,2022-08-17,Active,,747.75,1,1,2
C-33690,Calder Central,5,30-44,Spanish,Social tenancy,2024-11-13,Active,,814.56,0,3,12
C-33691,Calder Central,2,18-29,English,Owner-occupier,2023-12-11,Active,,697.74,1,1,0
C-33692,Weybridge,4,75+,English,No fixed abode,2023-10-12,Active,,982.76,0,0,2
C-33693,Northgate,1,60-74,English,No fixed abode,2023-07-07,Active,,502.09,1,3,0
C-33694,Calder Central,2,60-74,English,Social tenancy,2023-09-02,Suspended,,578.35,2,2,8
C-33695,Ash Hill,1,75+,English,Owner-occupier,2023-12-20,Active,,406.13,1,2,2
C-33696,Calder Central,2,30-44,Other,Owner-occupier,2023-09-10,Active,,687.32,3,3,19
C-33697,Northgate,3,75+,Other,Resident with family,2024-06-22,Active,,1034.33,0,5,13
C-33698,Northgate,4,45-59,Other,Private tenancy,2023-11-07,Active,,709.04,1,6,11
C-33699,Calder Central,4,30-44,English,Social tenancy,2023-11-14,Active,,1131.9,0,0,1
C-33700,Calder Central,1,45-59,Other,Owner-occupier,2022-12-26,Active,,407.4,2,3,3
C-33701,Calder Central,1,18-29,English,Resident with family,2021-03-30,Active,,461.29,1,3,4
C-33702,Ash Hill,4,60-74,English,Owner-occupier,2022-11-08,Closed,2025-09,1291.6,3,5,8
C-33703,Weybridge,6,18-29,Spanish,Resident with family,2025-02-15,Active,,1578.08,3,4,0
C-33704,Calder Central,2,45-59,English,No fixed abode,2022-10-21,Active,,950.17,0,2,19
C-33705,Calder Central,5,30-44,English,Social tenancy,2025-04-20,Active,,1331.48,2,2,7
C-33706,Calder Central,4,18-29,English,Private tenancy,2023-10-23,Active,,776.05,2,1,17
C-33707,Calder Central,5,45-59,English,Owner-occupier,2021-09-08,Active,,1102.13,1,0,9
C-33708,Weybridge,2,45-59,English,Social tenancy,2023-10-24,Closed,2025-10,880.19,0,3,8
C-33709,Weybridge,5,18-29,English,Private tenancy,2021-09-16,Active,,1545.38,0,2,3
C-33710,Calder Central,1,60-74,English,Resident with family,2023-12-12,Active,,739.95,0,3,10
C-33711,Northgate,1,45-59,Other,Social tenancy,2024-06-23,Active,,462.13,0,3,7
C-33712,Calder Central,3,30-44,English,Owner-occupier,2021-03-13,Closed,2025-10,787.86,0,4,12
C-33713,Northgate,3,30-44,Spanish,Owner-occupier,2024-07-19,Active,,1046.66,0,4,18
C-33714,Northgate,3,45-59,English,No fixed abode,2024-02-10,Active,,1168.45,1,0,6
C-33715,Weybridge,2,75+,English,No fixed abode,2022-10-18,Active,,675.96,0,4,1
C-33716,Ash Hill,3,75+,Spanish,Private tenancy,2022-12-24,Active,,1113.13,2,5,18
C-33717,Northgate,4,45-59,English,Owner-occupier,2023-12-07,Active,,809.72,0,2,17
C-33718,Calder Central,6,60-74,English,No fixed abode,2022-08-13,Closed,2025-10,1390.72,0,0,12
C-33719,Weybridge,2,18-29,English,Resident with family,2022-10-06,Active,,677.43,1,3,22
C-33720,Calder Central,3,30-44,English,Social tenancy,2025-05-19,Active,,642.27,2,4,1
C-33721,Ash Hill,2,75+,Other,No fixed abode,2024-10-14,Active,,594.59,3,4,14
C-33722,Northgate,3,45-59,Other,Social tenancy,2021-05-29,Active,,1140.79,1,6,5
C-33723,Calder Central,2,75+,English,Resident with family,2022-11-14,Closed,2025-09,631.57,2,1,21
C-33724,Weybridge,2,30-44,English,No fixed abode,2022-03-12,Active,,1021.63,0,0,14
C-33725,Calder Central,2,60-74,English,Social tenancy,2022-10-14,Active,,838.85,1,2,13
C-33726,Calder Central,2,18-29,Spanish,Private tenancy,2024-07-07,Active,,614.77,1,2,0
C-33727,Weybridge,1,18-29,Spanish,Social tenancy,2021-03-04,Active,,389.29,1,3,12
C-33728,Calder Central,5,30-44,English,Resident with family,2021-05-12,Closed,2025-09,1063.56,4,2,15
C-33729,Weybridge,1,30-44,English,Social tenancy,2024-05-21,Active,,710.58,1,3,18
C-33730,Calder Central,1,18-29,English,Owner-occupier,2021-05-13,Active,,551.3,1,1,21
C-33731,Northgate,3,60-74,English,No fixed abode,2025-08-16,Active,,725.2,0,3,12
C-33732,Northgate,2,30-44,Other,Social tenancy,2022-06-18,Active,,947.77,2,5,8
C-33733,Calder Central,5,45-59,Spanish,Social tenancy,2024-02-10,Active,,1294.28,2,4,5
C-33734,Northgate,3,75+,English,Private tenancy,2022-06-12,Active,,667.58,0,2,10
C-33735,Calder Central,1,60-74,English,Social tenancy,2023-05-07,Active,,394.63,0,1,14
C-33736,Ash Hill,2,60-74,Other,Resident with family,2022-07-03,Active,,626.3,1,5,12
C-33737,Weybridge,2,75+,English,Private tenancy,2021-01-30,Active,,1031.42,1,1,5
C-33738,Calder Central,1,30-44,English,Owner-occupier,2025-04-05,Active,,523.61,0,2,20
C-33739,Northgate,2,60-74,English,Resident with family,2025-04-21,Active,,813.36,1,0,17
C-33740,Calder Central,5,18-29,English,Private tenancy,2021-10-28,Active,,1307.25,1,2,0
C-33741,Northgate,2,18-29,English,Resident with family,2021-11-19,Active,,793.96,0,0,4
C-33742,Weybridge,1,60-74,Other,Private tenancy,2023-03-03,Active,,686.89,1,4,13
C-33743,Calder Central,3,60-74,English,Resident with family,2023-10-24,Active,,654.1,2,5,9
C-33744,Weybridge,2,30-44,Spanish,Social tenancy,2023-05-13,Active,,649.54,2,7,1
C-33745,Calder Central,4,30-44,English,Private tenancy,2025-03-12,Active,,1254.19,1,3,18
C-33746,Weybridge,6,45-59,Spanish,Owner-occupier,2023-06-19,Suspended,,1415.49,2,5,4
C-33747,Northgate,3,18-29,Spanish,Owner-occupier,2023-06-27,Active,,1082.66,1,2,1
C-33748,Northgate,2,30-44,English,Owner-occupier,2023-07-09,Active,,588.17,0,0,23
C-33749,Calder Central,3,18-29,Other,Owner-occupier,2021-07-06,Active,,726.61,1,5,2
C-33750,Ash Hill,1,18-29,English,No fixed abode,2021-10-08,Active,,689.31,0,4,23
C-33751,Ash Hill,1,18-29,English,No fixed abode,2022-09-20,Active,,627.82,1,1,2
C-33752,Northgate,6,45-59,English,Social tenancy,2023-08-08,Active,,1215.95,0,1,12
C-33753,Weybridge,1,75+,English,Resident with family,2022-10-02,Active,,720.11,0,2,11
C-33754,Northgate,1,30-44,Spanish,Resident with family,2022-02-09,Active,,751.5,1,5,7
C-33755,Northgate,2,60-74,English,Private tenancy,2025-02-22,Active,,602.91,1,0,11
C-33756,Northgate,3,45-59,English,No fixed abode,2022-01-28,Active,,798.21,0,1,2
C-33757,Ash Hill,1,60-74,Spanish,Owner-occupier,2021-12-01,Active,,551.85,1,3,9
C-33758,Ash Hill,2,60-74,English,Owner-occupier,2022-03-07,Active,,798.31,2,3,13
C-33759,Northgate,1,60-74,English,No fixed abode,2023-07-07,Active,,400.21,1,1,1
C-33760,Northgate,4,30-44,English,Private tenancy,2021-03-05,Suspended,,1231.13,2,0,3
C-33761,Northgate,4,45-59,English,Private tenancy,2021-06-04,Active,,1264.79,0,2,19
C-33762,Calder Central,3,30-44,English,Social tenancy,2023-04-20,Closed,2025-09,876.49,2,4,11
C-33763,Northgate,3,30-44,English,Social tenancy,2025-06-20,Suspended,,912.69,0,2,7
C-33764,Northgate,4,60-74,English,Private tenancy,2023-03-16,Active,,1191.59,0,2,13
C-33765,Calder Central,3,45-59,English,Private tenancy,2022-09-11,Active,,776.81,0,0,7
C-33766,Northgate,1,18-29,English,No fixed abode,2025-05-05,Active,,406.81,0,5,19
C-33767,Calder Central,2,75+,Spanish,Owner-occupier,2022-12-28,Active,,504.07,2,7,22
C-33768,Northgate,3,45-59,Spanish,No fixed abode,2024-11-29,Active,,1135.44,2,5,10
C-33769,Calder Central,1,30-44,English,Social tenancy,2021-08-07,Active,,607.56,1,0,15
C-33770,Northgate,3,75+,English,Social tenancy,2025-05-31,Active,,695.95,2,2,9
C-33771,Northgate,3,18-29,English,Resident with family,2022-02-26,Active,,1166.43,0,0,12
C-33772,Ash Hill,1,60-74,English,Social tenancy,2024-10-05,Active,,401.25,0,2,7
C-33773,Weybridge,1,75+,English,No fixed abode,2021-11-06,Active,,509.82,1,5,15
C-33774,Calder Central,1,30-44,English,Resident with family,2024-05-19,Active,,681.75,1,2,2
C-33775,Ash Hill,2,60-74,English,No fixed abode,2025-02-21,Active,,842.51,1,2,4
C-33776,Weybridge,3,18-29,Spanish,Social tenancy,2024-06-08,Active,,1022.02,1,6,1
C-33777,Northgate,4,75+,English,Owner-occupier,2022-05-03,Active,,817.15,1,2,16
C-33778,Calder Central,1,60-74,Other,Private tenancy,2023-09-05,Suspended,,743.64,2,3,10
C-33779,Ash Hill,2,30-44,English,Resident with family,2021-01-22,Active,,835.85,0,3,13
C-33780,Calder Central,2,60-74,English,Social tenancy,2022-04-14,Active,,634.1,0,3,7
C-33781,Weybridge,6,45-59,English,Owner-occupier,2024-09-15,Suspended,,1757.34,1,3,8
C-33782,Calder Central,5,30-44,English,Owner-occupier,2021-10-04,Active,,1203.97,1,4,9
C-33783,Weybridge,2,30-44,Other,Private tenancy,2023-03-25,Active,,762.41,1,3,19
C-33784,Calder Central,3,60-74,English,Private tenancy,2022-05-16,Active,,735.79,1,0,10
C-33785,Calder Central,2,30-44,English,No fixed abode,2024-03-15,Active,,811.97,2,0,22
C-33786,Ash Hill,1,45-59,Spanish,Owner-occupier,2021-06-08,Active,,649.55,1,5,1
C-33787,Calder Central,3,60-74,Spanish,Owner-occupier,2025-06-01,Active,,1116.71,3,4,21
C-33788,Ash Hill,5,18-29,Spanish,No fixed abode,2024-08-02,Active,,1545.97,2,5,13
C-33789,Calder Central,1,45-59,English,Resident with family,2021-05-16,Active,,457.96,0,2,19
C-33790,Northgate,4,60-74,English,Private tenancy,2024-07-19,Active,,888.75,0,3,8
C-33791,Weybridge,6,60-74,English,No fixed abode,2021-03-10,Active,,1510.97,1,3,15
C-33792,Weybridge,2,18-29,English,Owner-occupier,2023-12-15,Active,,837.55,0,0,4
C-33793,Northgate,1,18-29,English,Resident with family,2021-11-06,Active,,555.47,1,5,17
C-33794,Calder Central,2,60-74,English,Private tenancy,2022-10-28,Active,,761.54,0,1,0
C-33795,Ash Hill,4,75+,English,Private tenancy,2022-06-04,Active,,1084.24,1,2,13
C-33796,Calder Central,3,18-29,English,Resident with family,2024-07-31,Active,,820.79,0,2,23
C-33797,Weybridge,6,45-59,Other,No fixed abode,2021-05-24,Active,,1233.91,2,4,13
C-33798,Northgate,5,30-44,Spanish,Owner-occupier,2025-07-02,Active,,924.55,2,7,18
C-33799,Calder Central,4,60-74,English,Resident with family,2024-06-10,Active,,1363.26,0,0,14
C-33800,Ash Hill,3,45-59,English,Private tenancy,2025-05-07,Active,,1220.87,0,1,17
C-33801,Weybridge,6,60-74,Spanish,Owner-occupier,2021-01-03,Active,,1206.36,2,5,9
C-33802,Ash Hill,1,30-44,English,Owner-occupier,2025-07-30,Active,,636.9,0,3,8
C-33803,Northgate,2,60-74,English,Resident with family,2024-05-21,Active,,991.61,3,3,2
C-33804,Ash Hill,1,18-29,Spanish,Owner-occupier,2024-03-01,Active,,443.62,2,4,23
C-33805,Calder Central,1,18-29,English,Private tenancy,2023-05-24,Active,,708.76,1,1,0
C-33806,Northgate,3,75+,English,No fixed abode,2025-07-22,Active,,1238.54,0,1,15
C-33807,Calder Central,3,45-59,Spanish,Private tenancy,2021-05-25,Active,,1163.74,1,6,19
C-33808,Weybridge,1,18-29,English,No fixed abode,2022-05-01,Active,,377.13,1,1,15
C-33809,Calder Central,2,30-44,English,Private tenancy,2023-10-30,Active,,583.64,1,1,8
C-33810,Weybridge,3,60-74,English,Resident with family,2023-01-26,Active,,891.77,1,4,7
C-33811,Calder Central,2,60-74,English,No fixed abode,2022-09-01,Active,,1010.73,0,3,0
C-33812,Ash Hill,4,60-74,English,Resident with family,2021-12-29,Active,,726.71,0,3,2
C-33813,Northgate,1,75+,English,Private tenancy,2023-02-22,Active,,543.71,0,3,6
C-33814,Weybridge,4,75+,English,Resident with family,2022-11-19,Active,,953.27,0,3,4
C-33815,Calder Central,2,60-74,English,Owner-occupier,2021-06-25,Active,,978.15,2,2,15
C-33816,Weybridge,1,18-29,English,Social tenancy,2022-09-26,Active,,493.93,3,2,14
C-33817,Calder Central,2,60-74,Other,Social tenancy,2022-01-01,Active,,716.5,1,5,8
C-33818,Weybridge,6,18-29,English,Social tenancy,2022-03-04,Closed,2025-09,1788.56,1,3,10
C-33819,Ash Hill,2,30-44,English,Owner-occupier,2021-04-22,Active,,722.79,0,0,11
C-33820,Northgate,3,18-29,English,Social tenancy,2021-01-01,Active,,962.6,0,4,23
C-33821,Northgate,2,45-59,English,Owner-occupier,2025-05-02,Active,,755.07,1,2,8
C-33822,Calder Central,1,45-59,English,Owner-occupier,2021-09-29,Active,,694.2,1,0,23
C-33823,Weybridge,2,30-44,English,Private tenancy,2024-11-25,Active,,765.45,1,4,0
C-33824,Calder Central,1,45-59,English,Social tenancy,2025-05-09,Active,,382.2,0,3,10
C-33825,Ash Hill,6,18-29,English,Private tenancy,2022-05-30,Closed,2025-10,1479.44,0,0,21
C-33826,Calder Central,5,18-29,English,Owner-occupier,2022-07-21,Suspended,,1136.39,0,2,17
C-33827,Ash Hill,3,60-74,English,Resident with family,2022-03-31,Active,,1056.06,1,1,10
C-33828,Northgate,1,60-74,English,Private tenancy,2021-02-18,Active,,513.79,1,4,4
C-33829,Weybridge,2,30-44,Other,Resident with family,2021-09-30,Active,,592.24,2,4,23
C-33830,Calder Central,2,18-29,English,Owner-occupier,2025-06-17,Active,,870.69,1,3,11
C-33831,Calder Central,1,75+,English,Owner-occupier,2021-10-16,Active,,577.98,0,2,20
C-33832,Ash Hill,4,75+,English,Owner-occupier,2024-03-20,Active,,1151.95,1,0,3
C-33833,Calder Central,3,45-59,English,No fixed abode,2021-03-29,Active,,785.57,1,2,6
C-33834,Ash Hill,1,45-59,Other,No fixed abode,2021-10-03,Suspended,,555.52,1,6,4
C-33835,Weybridge,5,45-59,English,No fixed abode,2025-07-16,Active,,1639.18,0,0,15
C-33836,Northgate,4,60-74,English,Resident with family,2023-05-10,Active,,949.65,1,2,8
C-33837,Ash Hill,3,30-44,Other,No fixed abode,2024-11-18,Active,,723.09,0,3,16
C-33838,Ash Hill,3,30-44,Other,Social tenancy,2023-06-14,Active,,745.83,1,3,14
C-33839,Northgate,1,60-74,English,Social tenancy,2022-09-09,Active,,546.7,1,2,7
C-33840,Northgate,3,60-74,English,Resident with family,2023-06-16,Active,,824.32,0,2,21
C-33841,Ash Hill,4,45-59,English,Owner-occupier,2024-06-06,Suspended,,1310.53,0,0,7
C-33842,Calder Central,4,60-74,English,Resident with family,2021-08-20,Active,,871.34,1,2,1
C-33843,Ash Hill,4,30-44,Spanish,Owner-occupier,2021-04-13,Active,,1106.2,2,6,8
C-33844,Calder Central,1,18-29,English,Owner-occupier,2021-11-02,Active,,379.16,0,2,11
C-33845,Ash Hill,3,30-44,English,Social tenancy,2023-08-11,Suspended,,1225.32,0,0,1
C-33846,Ash Hill,3,60-74,English,Private tenancy,2022-10-19,Active,,1003.09,0,1,12
C-33847,Calder Central,1,60-74,English,Owner-occupier,2023-01-02,Active,,572.82,2,0,12
C-33848,Calder Central,1,30-44,English,Private tenancy,2022-04-13,Active,,420.28,0,1,2
C-33849,Ash Hill,3,75+,English,Social tenancy,2022-12-03,Active,,951.85,2,0,14
C-33850,Ash Hill,3,18-29,English,No fixed abode,2024-10-16,Active,,726.06,1,1,10
C-33851,Calder Central,4,75+,Other,Resident with family,2024-03-25,Active,,1059.67,1,4,4
C-33852,Ash Hill,4,45-59,English,Private tenancy,2021-06-22,Active,,1359.49,0,3,19
C-33853,Northgate,1,30-44,Spanish,Owner-occupier,2022-02-03,Active,,595.44,2,5,23
C-33854,Weybridge,2,60-74,English,Private tenancy,2022-08-12,Active,,974.68,0,2,19
C-33855,Weybridge,1,30-44,English,Social tenancy,2021-02-17,Active,,523.26,0,2,22
C-33856,Ash Hill,6,30-44,English,Owner-occupier,2025-07-14,Active,,1667.84,1,3,11
C-33857,Calder Central,2,60-74,English,No fixed abode,2024-09-14,Active,,726.9,0,2,16
C-33858,Ash Hill,3,60-74,English,Owner-occupier,2024-12-15,Active,,971.33,1,0,2
C-33859,Ash Hill,1,75+,English,Social tenancy,2024-05-28,Active,,413.31,2,0,10
C-33860,Northgate,5,45-59,Other,Private tenancy,2021-11-13,Active,,962.56,0,4,17
C-33861,Weybridge,4,30-44,English,No fixed abode,2022-08-13,Active,,1178.57,0,2,9
C-33862,Calder Central,1,60-74,English,Owner-occupier,2023-02-22,Active,,497.61,4,2,16
C-33863,Weybridge,1,60-74,English,Private tenancy,2025-01-06,Active,,655.14,0,3,2
C-33864,Northgate,2,75+,English,Resident with family,2024-04-07,Active,,530.34,0,0,7
C-33865,Calder Central,1,30-44,English,Resident with family,2023-09-26,Active,,393.53,2,5,2
C-33866,Weybridge,1,60-74,English,Social tenancy,2021-05-18,Active,,637.99,0,4,6
C-33867,Northgate,4,75+,English,Social tenancy,2022-08-01,Active,,1326.51,2,2,18
C-33868,Northgate,3,60-74,English,No fixed abode,2021-03-21,Active,,644.8,0,2,19
C-33869,Ash Hill,2,60-74,English,Owner-occupier,2025-08-19,Active,,983.46,0,0,15
C-33870,Weybridge,4,18-29,English,Private tenancy,2023-05-04,Active,,1405.28,0,0,20
C-33871,Weybridge,1,45-59,Spanish,Social tenancy,2021-05-09,Suspended,,442.48,2,3,4
C-33872,Calder Central,4,30-44,Spanish,Social tenancy,2021-09-24,Active,,835.54,3,4,9
C-33873,Weybridge,1,45-59,English,Private tenancy,2024-10-26,Active,,648.93,2,1,1
C-33874,Ash Hill,2,45-59,English,No fixed abode,2025-08-06,Active,,1002.92,0,5,5
C-33875,Calder Central,3,45-59,English,Social tenancy,2021-04-06,Active,,615.55,1,3,18
C-33876,Calder Central,1,45-59,Spanish,Social tenancy,2022-05-16,Active,,504.43,2,5,1
C-33877,Northgate,4,30-44,Other,Social tenancy,2024-10-14,Active,,1196.73,2,3,15
C-33878,Calder Central,3,60-74,English,Owner-occupier,2024-03-08,Active,,1239.98,2,1,21
C-33879,Weybridge,2,30-44,English,Resident with family,2023-09-13,Active,,878.69,0,3,1
C-33880,Calder Central,2,45-59,English,Resident with family,2022-04-23,Active,,610.0,0,1,13
C-33881,Calder Central,4,30-44,English,Social tenancy,2021-11-22,Active,,1109.31,2,3,11
C-33882,Weybridge,3,60-74,English,Private tenancy,2022-05-07,Active,,1179.37,1,1,14
C-33883,Calder Central,6,60-74,English,Social tenancy,2021-02-04,Active,,1040.59,1,1,4
C-33884,Northgate,5,60-74,English,Private tenancy,2024-09-25,Active,,1567.45,1,0,17
C-33885,Calder Central,2,75+,English,Social tenancy,2024-09-13,Active,,514.36,1,3,15
C-33886,Weybridge,1,60-74,English,No fixed abode,2022-08-06,Active,,669.35,2,2,21
C-33887,Calder Central,1,30-44,English,Social tenancy,2023-08-27,Active,,561.63,0,0,20
C-33888,Calder Central,2,18-29,English,Resident with family,2022-06-10,Active,,979.63,1,3,23
C-33889,Weybridge,3,45-59,English,Owner-occupier,2025-08-20,Suspended,,1076.67,0,1,8
C-33890,Northgate,1,18-29,English,No fixed abode,2025-03-25,Active,,676.31,1,3,7
C-33891,Calder Central,4,18-29,English,No fixed abode,2024-09-29,Active,,1408.49,0,2,9
C-33892,Northgate,2,45-59,English,Private tenancy,2024-06-22,Active,,808.67,2,0,0
C-33893,Weybridge,5,75+,English,No fixed abode,2023-08-26,Active,,1616.98,1,2,15
C-33894,Calder Central,1,75+,English,Owner-occupier,2021-06-03,Active,,692.33,1,1,10
C-33895,Calder Central,1,18-29,English,Owner-occupier,2022-05-04,Active,,759.33,0,2,15
C-33896,Calder Central,2,18-29,Spanish,Owner-occupier,2025-06-20,Active,,800.63,3,5,8
C-33897,Weybridge,5,45-59,English,Private tenancy,2023-11-04,Active,,915.85,0,2,6
C-33898,Calder Central,1,45-59,Spanish,No fixed abode,2023-09-03,Active,,722.74,2,6,7
C-33899,Northgate,1,30-44,English,Owner-occupier,2021-11-22,Active,,592.06,1,1,10
C-33900,Calder Central,4,60-74,English,Owner-occupier,2022-06-15,Active,,1266.6,0,1,13
C-33901,Calder Central,5,75+,English,Private tenancy,2023-04-16,Active,,1015.69,1,0,6
C-33902,Calder Central,2,45-59,English,No fixed abode,2023-05-03,Active,,884.4,1,1,1
C-33903,Weybridge,2,30-44,Spanish,Owner-occupier,2022-08-31,Active,,739.98,4,4,22
C-33904,Weybridge,1,75+,English,Owner-occupier,2025-05-19,Active,,539.97,0,3,4
C-33905,Northgate,3,30-44,English,Owner-occupier,2023-11-19,Active,,1095.89,1,0,10
C-33906,Calder Central,3,45-59,English,Resident with family,2021-08-25,Closed,2025-12,1229.51,1,0,23
C-33907,Northgate,1,60-74,Spanish,Owner-occupier,2022-10-26,Active,,534.37,1,5,0
C-33908,Weybridge,1,30-44,English,No fixed abode,2025-07-02,Active,,756.01,0,1,13
C-33909,Calder Central,1,30-44,English,No fixed abode,2025-01-09,Active,,451.29,0,2,2
C-33910,Northgate,3,30-44,Spanish,Social tenancy,2025-05-28,Active,,1226.94,3,5,7
C-33911,Calder Central,1,30-44,Other,Owner-occupier,2022-11-24,Closed,2025-10,576.51,2,5,17
C-33912,Calder Central,2,45-59,English,No fixed abode,2021-08-15,Active,,891.46,0,4,19
C-33913,Calder Central,1,60-74,Other,Owner-occupier,2023-03-27,Active,,374.66,1,5,5
C-33914,Ash Hill,2,60-74,Other,No fixed abode,2024-10-18,Active,,966.16,3,5,22
C-33915,Northgate,2,45-59,Other,Private tenancy,2022-03-15,Active,,783.2,1,5,11
C-33916,Calder Central,2,75+,English,No fixed abode,2022-11-22,Active,,587.19,0,1,4
C-33917,Weybridge,4,60-74,English,Private tenancy,2022-10-26,Active,,1149.87,0,0,6
C-33918,Northgate,1,45-59,English,Owner-occupier,2024-11-08,Active,,417.59,1,0,23
C-33919,Calder Central,2,30-44,English,Private tenancy,2022-10-24,Active,,926.28,1,2,5
C-33920,Ash Hill,1,45-59,English,Private tenancy,2021-02-04,Active,,657.62,1,4,0
C-33921,Weybridge,2,60-74,English,Resident with family,2024-07-07,Active,,616.42,2,1,21
C-33922,Calder Central,5,45-59,English,Resident with family,2021-05-09,Active,,998.37,1,4,7
C-33923,Ash Hill,1,60-74,English,Private tenancy,2023-03-24,Active,,492.61,0,2,6
C-33924,Calder Central,2,30-44,English,Private tenancy,2022-03-17,Active,,610.48,0,2,19
C-33925,Ash Hill,3,60-74,English,Private tenancy,2025-03-26,Active,,1115.57,1,0,3
C-33926,Northgate,2,18-29,English,Resident with family,2021-01-16,Active,,675.3,3,2,10
C-33927,Northgate,4,60-74,Other,Social tenancy,2023-08-17,Closed,2025-08,1254.58,3,4,7
C-33928,Northgate,1,18-29,English,Owner-occupier,2025-07-12,Active,,522.0,1,2,6
C-33929,Northgate,1,18-29,English,No fixed abode,2021-08-08,Closed,2025-08,500.39,0,3,19
C-33930,Weybridge,3,18-29,English,Social tenancy,2021-09-03,Active,,1054.43,1,1,17
C-33931,Weybridge,3,30-44,English,Social tenancy,2022-01-07,Active,,906.6,0,1,8
C-33932,Calder Central,3,45-59,English,No fixed abode,2021-10-10,Active,,1057.11,1,1,6
C-33933,Weybridge,3,18-29,English,Private tenancy,2022-03-31,Active,,780.29,0,2,23
C-33934,Calder Central,1,60-74,English,Resident with family,2021-07-22,Active,,471.98,1,1,0
C-33935,Calder Central,1,75+,Other,Owner-occupier,2021-05-08,Active,,711.08,3,1,16
C-33936,Calder Central,2,30-44,English,Owner-occupier,2024-06-27,Active,,752.88,1,2,4
C-33937,Ash Hill,6,18-29,English,No fixed abode,2024-10-21,Active,,1301.69,1,1,15
C-33938,Weybridge,4,75+,English,Resident with family,2021-10-24,Active,,1205.29,0,1,8
C-33939,Weybridge,2,45-59,Spanish,Owner-occupier,2021-09-06,Active,,523.89,3,6,21
C-33940,Calder Central,1,45-59,Spanish,Social tenancy,2023-08-14,Active,,472.21,1,4,18
C-33941,Weybridge,5,60-74,English,Social tenancy,2023-12-23,Active,,1404.46,0,3,20
C-33942,Calder Central,2,30-44,English,Owner-occupier,2022-03-06,Closed,2025-09,940.87,2,4,19
C-33943,Weybridge,4,45-59,Spanish,Owner-occupier,2023-09-12,Active,,1065.64,3,3,5
C-33944,Northgate,2,18-29,English,Owner-occupier,2023-02-22,Active,,579.24,1,1,20
C-33945,Calder Central,2,30-44,English,No fixed abode,2024-11-03,Active,,866.69,3,0,15
C-33946,Weybridge,1,30-44,English,Social tenancy,2021-10-09,Active,,654.98,0,1,13
C-33947,Northgate,3,75+,Other,Owner-occupier,2021-08-07,Active,,1124.6,0,5,4
C-33948,Calder Central,1,30-44,English,Social tenancy,2024-01-18,Active,,461.24,1,3,7
C-33949,Calder Central,2,60-74,English,Owner-occupier,2023-02-22,Active,,1024.95,0,4,17
C-33950,Calder Central,2,30-44,Other,Resident with family,2025-05-29,Active,,973.69,1,7,19
C-33951,Northgate,3,45-59,English,Social tenancy,2023-12-26,Active,,662.81,2,2,15
C-33952,Calder Central,1,60-74,English,Private tenancy,2022-05-06,Closed,2025-12,732.72,2,0,1
C-33953,Ash Hill,2,45-59,English,Owner-occupier,2021-04-09,Active,,624.84,0,1,23
C-33954,Ash Hill,1,30-44,English,Social tenancy,2024-02-22,Active,,523.45,0,2,14
C-33955,Weybridge,2,45-59,English,Social tenancy,2022-10-03,Active,,622.16,0,1,4
C-33956,Calder Central,3,75+,Spanish,Social tenancy,2024-11-28,Active,,1210.42,1,5,12
C-33957,Northgate,2,60-74,Spanish,Resident with family,2022-03-16,Active,,534.28,2,4,22
C-33958,Weybridge,1,30-44,English,No fixed abode,2022-05-19,Active,,699.51,1,1,23
C-33959,Calder Central,4,60-74,English,No fixed abode,2023-08-18,Active,,1093.59,2,1,20
C-33960,Ash Hill,3,45-59,English,Social tenancy,2023-05-07,Active,,777.96,0,3,23
C-33961,Ash Hill,1,18-29,English,Private tenancy,2022-08-16,Active,,528.46,0,0,14
C-33962,Weybridge,3,30-44,English,No fixed abode,2023-03-23,Active,,1087.7,2,1,6
C-33963,Calder Central,3,18-29,Spanish,No fixed abode,2025-04-26,Active,,668.42,3,6,7
C-33964,Weybridge,2,60-74,English,Owner-occupier,2024-06-12,Active,,593.31,1,0,1
C-33965,Calder Central,4,45-59,English,Resident with family,2021-06-04,Active,,1296.68,0,4,13
C-33966,Northgate,1,30-44,English,No fixed abode,2021-02-25,Active,,412.06,0,1,14
C-33967,Northgate,1,45-59,Other,Social tenancy,2022-11-26,Active,,417.84,2,5,17
C-33968,Weybridge,3,60-74,English,No fixed abode,2025-07-23,Active,,720.84,0,1,15
C-33969,Ash Hill,3,18-29,English,Owner-occupier,2025-06-08,Active,,600.27,0,1,19
C-33970,Northgate,3,18-29,English,Resident with family,2023-07-14,Active,,841.99,2,4,17
C-33971,Northgate,2,45-59,English,No fixed abode,2023-10-17,Active,,534.88,1,1,15
C-33972,Calder Central,1,75+,Spanish,Owner-occupier,2023-01-19,Active,,643.16,2,3,7
C-33973,Calder Central,1,30-44,English,Social tenancy,2022-04-09,Active,,513.21,1,1,15
C-33974,Northgate,1,18-29,English,No fixed abode,2023-06-29,Active,,498.4,1,4,17
C-33975,Weybridge,3,75+,English,Social tenancy,2024-06-09,Active,,1133.65,0,1,14
C-33976,Ash Hill,1,18-29,English,No fixed abode,2021-04-03,Closed,2025-11,466.09,2,5,23
C-33977,Ash Hill,6,18-29,English,Owner-occupier,2022-02-22,Active,,952.04,0,2,19
C-33978,Calder Central,1,30-44,English,Private tenancy,2025-05-12,Active,,686.08,0,3,1
C-33979,Ash Hill,2,18-29,Spanish,Resident with family,2024-05-16,Active,,791.33,0,3,20
C-33980,Weybridge,3,60-74,Spanish,Private tenancy,2021-01-29,Active,,1086.29,5,6,0
C-33981,Weybridge,2,18-29,English,Private tenancy,2023-06-11,Active,,875.22,1,1,17
C-33982,Calder Central,6,60-74,English,Resident with family,2024-12-21,Active,,958.15,1,3,8
C-33983,Northgate,2,30-44,Other,No fixed abode,2022-12-19,Active,,512.42,1,4,13
C-33984,Northgate,3,30-44,English,Resident with family,2021-10-15,Active,,898.13,1,3,0
C-33985,Northgate,1,60-74,English,Private tenancy,2021-10-14,Active,,543.51,0,2,10
C-33986,Ash Hill,2,45-59,English,Owner-occupier,2021-09-29,Active,,857.31,1,0,3
C-33987,Ash Hill,4,30-44,English,No fixed abode,2024-06-13,Closed,2025-09,1400.54,0,1,8
C-33988,Northgate,1,30-44,Spanish,No fixed abode,2024-05-12,Active,,757.41,2,3,9
C-33989,Weybridge,3,18-29,English,Private tenancy,2022-02-04,Closed,2025-10,925.22,0,1,18
C-33990,Northgate,2,30-44,English,Resident with family,2024-11-13,Active,,1019.55,2,2,10
C-33991,Calder Central,1,30-44,English,Social tenancy,2025-06-25,Active,,674.77,0,2,13
C-33992,Calder Central,3,60-74,English,Private tenancy,2021-04-23,Active,,897.07,2,0,11
C-33993,Calder Central,1,45-59,English,Private tenancy,2024-11-24,Active,,644.98,0,2,10
C-33994,Calder Central,4,75+,English,No fixed abode,2023-07-25,Active,,1230.93,0,2,17
C-33995,Northgate,2,18-29,Other,Resident with family,2021-06-02,Active,,984.22,2,3,7
C-33996,Northgate,1,45-59,English,Social tenancy,2022-12-23,Active,,760.5,2,0,20
C-33997,Northgate,4,60-74,Spanish,No fixed abode,2021-01-25,Active,,886.76,2,6,17
C-33998,Northgate,1,45-59,English,Resident with family,2023-08-20,Active,,683.73,1,0,21
C-33999,Calder Central,4,45-59,English,No fixed abode,2025-08-24,Active,,1171.36,1,1,11
C-34000,Weybridge,4,45-59,English,Private tenancy,2025-01-21,Active,,761.58,1,2,12
C-34001,Ash Hill,3,45-59,English,Owner-occupier,2023-03-21,Active,,867.06,0,3,2
C-34002,Calder Central,1,18-29,Spanish,Private tenancy,2021-12-29,Active,,751.75,1,5,13
C-34003,Calder Central,3,45-59,English,No fixed abode,2022-04-01,Closed,2025-08,1080.47,1,2,6
C-34004,Weybridge,2,60-74,English,No fixed abode,2024-10-18,Active,,706.44,1,3,5
C-34005,Ash Hill,4,18-29,Other,Private tenancy,2022-10-08,Active,,813.42,3,3,0
C-34006,Calder Central,1,60-74,English,Resident with family,2022-10-16,Active,,545.27,0,4,1
C-34007,Calder Central,2,18-29,English,Private tenancy,2023-07-16,Active,,723.15,1,4,0
C-34008,Northgate,1,75+,English,No fixed abode,2023-12-19,Active,,610.56,0,3,13
C-34009,Calder Central,1,30-44,English,Owner-occupier,2022-01-02,Active,,487.12,2,3,21
C-34010,Ash Hill,1,60-74,English,Private tenancy,2021-06-16,Active,,560.06,0,1,11
C-34011,Calder Central,2,30-44,English,Private tenancy,2023-02-13,Active,,835.49,1,3,21
C-34012,Northgate,1,18-29,English,Resident with family,2024-08-31,Active,,700.72,1,0,13
C-34013,Calder Central,5,60-74,English,Owner-occupier,2023-10-22,Active,,1333.33,0,0,17
C-34014,Ash Hill,2,30-44,English,Social tenancy,2024-04-02,Active,,952.12,0,3,17
C-34015,Calder Central,1,45-59,English,No fixed abode,2023-12-31,Active,,525.27,0,2,15
C-34016,Calder Central,2,30-44,English,Private tenancy,2022-10-20,Active,,925.26,1,3,15
C-34017,Northgate,3,45-59,English,No fixed abode,2024-07-30,Active,,789.28,1,0,9
C-34018,Weybridge,3,45-59,English,Social tenancy,2024-10-15,Active,,614.83,0,0,22
C-34019,Weybridge,2,18-29,English,No fixed abode,2023-01-01,Active,,620.92,1,1,12
C-34020,Ash Hill,1,45-59,English,Private tenancy,2022-05-05,Active,,527.87,0,3,10
C-34021,Calder Central,5,60-74,English,Resident with family,2025-06-09,Active,,1284.43,0,0,23
C-34022,Northgate,4,30-44,English,Resident with family,2021-05-19,Active,,1425.03,0,4,5
C-34023,Northgate,3,30-44,Spanish,Resident with family,2025-02-06,Active,,1182.55,2,4,6
C-34024,Ash Hill,3,18-29,English,Owner-occupier,2023-10-02,Active,,710.64,1,2,2
C-34025,Calder Central,2,60-74,English,Social tenancy,2022-11-03,Active,,692.69,2,4,8
C-34026,Calder Central,4,60-74,English,No fixed abode,2022-09-29,Active,,1413.23,0,0,8
C-34027,Calder Central,1,18-29,Spanish,No fixed abode,2023-08-16,Active,,455.32,0,2,13
C-34028,Calder Central,1,45-59,English,Social tenancy,2025-04-24,Active,,512.1,1,3,21
C-34029,Weybridge,3,18-29,English,Owner-occupier,2021-03-21,Active,,874.53,2,5,9
C-34030,Northgate,4,60-74,English,No fixed abode,2023-12-08,Active,,1040.87,1,2,15
C-34031,Calder Central,2,60-74,English,Private tenancy,2022-04-22,Active,,1029.04,1,1,19
C-34032,Weybridge,1,18-29,English,Resident with family,2022-08-01,Active,,703.22,0,1,0
C-34033,Calder Central,3,30-44,English,Social tenancy,2025-04-17,Active,,971.6,0,3,18
C-34034,Ash Hill,2,45-59,English,Social tenancy,2021-01-12,Active,,938.6,1,2,12
C-34035,Northgate,3,45-59,English,Social tenancy,2023-01-29,Active,,967.01,1,0,15
C-34036,Weybridge,4,45-59,Spanish,Private tenancy,2022-02-04,Active,,703.58,2,2,11
C-34037,Calder Central,4,45-59,English,Owner-occupier,2023-10-28,Active,,1201.04,1,2,15
C-34038,Northgate,6,60-74,Other,No fixed abode,2025-07-18,Active,,1602.2,1,4,21
C-34039,Ash Hill,3,30-44,English,Owner-occupier,2023-01-10,Suspended,,1238.27,1,1,21
C-34040,Northgate,3,30-44,English,Private tenancy,2021-05-23,Active,,1114.42,0,3,7
C-34041,Northgate,3,30-44,English,Owner-occupier,2021-04-29,Active,,1108.81,0,1,12
C-34042,Calder Central,5,30-44,Other,Private tenancy,2023-04-09,Active,,1133.6,3,6,19
C-34043,Northgate,3,18-29,English,No fixed abode,2023-03-01,Active,,910.25,0,0,22
C-34044,Calder Central,4,60-74,English,Private tenancy,2021-02-16,Active,,1381.63,0,1,13
C-34045,Calder Central,3,75+,English,No fixed abode,2022-01-03,Active,,717.0,1,1,9
C-34046,Weybridge,3,18-29,English,Resident with family,2022-03-07,Active,,1000.96,1,0,2
C-34047,Weybridge,3,18-29,Other,Private tenancy,2022-01-31,Active,,1121.59,2,5,23
C-34048,Calder Central,1,18-29,English,Resident with family,2022-06-24,Active,,640.76,1,2,21
C-34049,Weybridge,4,75+,English,Resident with family,2021-07-15,Active,,1204.56,1,2,21
C-34050,Weybridge,1,45-59,English,No fixed abode,2023-05-16,Active,,437.44,1,4,23
C-34051,Northgate,1,30-44,English,No fixed abode,2023-01-30,Active,,523.28,1,1,23
C-34052,Northgate,2,60-74,English,Resident with family,2021-10-04,Active,,615.87,1,0,17
C-34053,Ash Hill,1,75+,English,Social tenancy,2024-06-18,Active,,698.82,1,1,5
C-34054,Ash Hill,1,60-74,English,Resident with family,2022-11-28,Active,,614.12,1,0,7
C-34055,Ash Hill,2,60-74,English,Private tenancy,2023-09-23,Active,,525.28,1,1,23
C-34056,Calder Central,1,60-74,Spanish,Private tenancy,2021-12-05,Active,,449.03,3,4,23
C-34057,Northgate,4,30-44,English,Private tenancy,2022-12-27,Active,,838.46,2,5,11
C-34058,Northgate,4,30-44,English,Private tenancy,2024-02-28,Active,,1298.23,0,3,9
C-34059,Calder Central,1,45-59,English,Owner-occupier,2021-06-16,Closed,2025-11,678.62,0,3,19
C-34060,Calder Central,1,60-74,English,Resident with family,2021-12-12,Active,,580.66,0,0,20
C-34061,Calder Central,4,45-59,Other,No fixed abode,2021-08-28,Active,,853.74,1,3,20
C-34062,Calder Central,3,45-59,English,Resident with family,2021-12-15,Active,,1209.97,0,3,20
C-34063,Northgate,2,30-44,English,Private tenancy,2024-01-14,Suspended,,593.33,0,1,17
C-34064,Weybridge,5,45-59,Other,Resident with family,2021-04-10,Active,,1440.43,3,5,3
C-34065,Calder Central,1,18-29,English,Owner-occupier,2022-01-12,Active,,701.4,1,0,19
C-34066,Northgate,1,60-74,English,Private tenancy,2023-09-22,Active,,420.37,1,1,22
C-34067,Calder Central,3,30-44,English,Owner-occupier,2023-09-21,Active,,1123.36,0,0,15
C-34068,Ash Hill,3,60-74,English,Social tenancy,2023-03-02,Active,,956.0,1,2,11
C-34069,Weybridge,3,18-29,English,No fixed abode,2022-05-24,Active,,648.61,0,1,2
C-34070,Calder Central,1,60-74,Other,No fixed abode,2023-12-05,Active,,373.42,2,4,0
C-34071,Calder Central,4,18-29,English,Resident with family,2022-10-10,Active,,1117.54,0,5,11
C-34072,Calder Central,4,45-59,Spanish,Owner-occupier,2022-03-17,Active,,1197.45,2,3,4
C-34073,Weybridge,3,45-59,English,No fixed abode,2022-02-27,Active,,605.53,2,0,7
C-34074,Weybridge,3,30-44,English,Resident with family,2022-05-28,Active,,634.25,4,3,22
C-34075,Weybridge,3,30-44,English,Owner-occupier,2023-05-21,Active,,1234.23,0,1,3
C-34076,Ash Hill,1,18-29,English,Owner-occupier,2021-12-01,Closed,2025-09,548.8,1,0,2
C-34077,Calder Central,1,30-44,English,Private tenancy,2022-12-03,Active,,582.37,2,1,12
C-34078,Calder Central,2,45-59,English,Resident with family,2025-02-17,Closed,2025-07,729.8,0,2,9
C-34079,Weybridge,3,75+,English,Social tenancy,2022-06-21,Active,,1008.11,1,0,21
C-34080,Calder Central,2,18-29,Other,Private tenancy,2025-06-11,Active,,1000.08,2,5,10
C-34081,Calder Central,4,45-59,English,Social tenancy,2022-11-05,Active,,929.85,1,1,3
C-34082,Weybridge,4,45-59,English,Social tenancy,2021-04-30,Active,,888.12,2,3,8
C-34083,Calder Central,3,60-74,Spanish,Private tenancy,2025-05-12,Active,,951.91,2,6,18
C-34084,Calder Central,2,30-44,English,Resident with family,2022-04-02,Active,,753.06,1,2,5
C-34085,Northgate,1,30-44,English,Owner-occupier,2021-01-13,Active,,400.68,1,6,16
C-34086,Weybridge,4,18-29,English,Resident with family,2021-07-12,Active,,1133.81,0,2,2
C-34087,Northgate,2,45-59,Other,No fixed abode,2025-07-06,Active,,852.46,2,3,15
C-34088,Calder Central,1,45-59,English,Owner-occupier,2022-11-03,Active,,584.01,0,2,10
C-34089,Weybridge,2,60-74,English,Resident with family,2023-06-15,Suspended,,892.22,1,3,17
C-34090,Northgate,1,30-44,English,Resident with family,2021-12-21,Active,,593.45,0,3,4
C-34091,Northgate,1,75+,English,Owner-occupier,2025-01-26,Closed,2025-09,432.81,4,4,13
C-34092,Weybridge,1,18-29,Other,Owner-occupier,2023-03-19,Active,,462.59,2,5,21
C-34093,Northgate,3,75+,English,Resident with family,2021-07-26,Active,,930.88,1,2,11
C-34094,Northgate,3,45-59,English,Private tenancy,2022-12-22,Active,,1120.51,2,3,1
C-34095,Weybridge,2,60-74,English,No fixed abode,2021-05-27,Active,,520.12,1,3,2
C-34096,Weybridge,1,30-44,English,No fixed abode,2023-08-21,Active,,600.95,2,2,23
C-34097,Northgate,3,75+,Other,Social tenancy,2025-02-23,Active,,966.39,2,5,12
C-34098,Calder Central,4,45-59,English,Resident with family,2024-05-11,Active,,850.85,0,1,16
C-34099,Calder Central,3,45-59,English,Owner-occupier,2022-02-23,Active,,957.19,2,3,9
C-34100,Calder Central,1,60-74,English,Social tenancy,2022-10-03,Active,,660.22,1,2,20
C-34101,Calder Central,3,30-44,English,Social tenancy,2025-08-20,Active,,1158.04,0,2,22
C-34102,Ash Hill,2,60-74,English,Resident with family,2025-06-11,Active,,967.74,0,4,21
C-34103,Weybridge,1,45-59,English,Private tenancy,2024-10-18,Active,,400.69,2,2,19
C-34104,Calder Central,2,45-59,English,Owner-occupier,2022-05-14,Active,,931.9,1,3,1
C-34105,Weybridge,1,18-29,English,Owner-occupier,2022-06-03,Active,,536.21,0,1,0
C-34106,Northgate,4,18-29,Other,Owner-occupier,2023-12-03,Suspended,,934.03,2,3,2
C-34107,Ash Hill,2,30-44,English,Social tenancy,2025-07-12,Active,,960.44,1,3,5
C-34108,Calder Central,3,30-44,English,Social tenancy,2025-07-31,Closed,2025-09,635.58,0,1,16
C-34109,Calder Central,4,45-59,English,Resident with family,2023-04-19,Active,,1085.67,2,3,5
C-34110,Weybridge,1,45-59,English,Owner-occupier,2025-08-15,Active,,536.08,1,3,0
C-34111,Calder Central,1,75+,English,Owner-occupier,2021-12-05,Active,,502.43,0,0,15
C-34112,Weybridge,1,18-29,English,Private tenancy,2025-07-08,Active,,568.54,1,2,3
C-34113,Calder Central,1,60-74,English,No fixed abode,2022-03-12,Active,,687.65,1,3,9
C-34114,Ash Hill,3,75+,English,Owner-occupier,2024-05-07,Active,,1188.88,0,1,14
C-34115,Weybridge,1,45-59,English,Private tenancy,2021-01-04,Active,,605.59,2,4,19
C-34116,Calder Central,2,18-29,Other,Private tenancy,2025-08-08,Active,,833.73,2,5,9
C-34117,Northgate,6,60-74,English,Resident with family,2022-02-20,Active,,1609.27,2,0,1
C-34118,Northgate,5,18-29,English,Owner-occupier,2021-04-07,Active,,1365.62,0,5,7
C-34119,Northgate,1,75+,Spanish,Resident with family,2022-10-01,Active,,699.52,2,4,22
C-34120,Northgate,1,45-59,English,Social tenancy,2021-05-09,Active,,406.8,2,2,22
C-34121,Calder Central,1,75+,Other,Resident with family,2021-11-01,Active,,582.88,1,4,11
C-34122,Ash Hill,1,18-29,Spanish,No fixed abode,2023-12-06,Active,,561.06,1,7,18
C-34123,Northgate,2,45-59,English,Owner-occupier,2025-05-23,Active,,906.68,1,0,12
C-34124,Calder Central,1,30-44,English,Resident with family,2024-02-13,Active,,498.2,1,2,6
C-34125,Ash Hill,4,30-44,English,No fixed abode,2024-03-15,Active,,1134.18,0,2,11
C-34126,Northgate,1,60-74,English,Social tenancy,2022-01-13,Active,,440.12,0,0,16
C-34127,Northgate,1,45-59,English,Owner-occupier,2025-06-23,Active,,499.2,1,4,4
C-34128,Weybridge,3,75+,English,Social tenancy,2023-09-21,Active,,1068.29,0,3,17
C-34129,Ash Hill,1,75+,English,Owner-occupier,2024-07-09,Active,,651.44,0,5,23
C-34130,Calder Central,5,75+,Spanish,Social tenancy,2022-05-06,Active,,922.75,1,3,7
C-34131,Weybridge,2,60-74,Other,No fixed abode,2022-01-18,Active,,987.5,0,1,9
C-34132,Ash Hill,2,18-29,Other,Social tenancy,2022-03-20,Active,,1026.39,2,3,8
C-34133,Weybridge,5,18-29,Other,Social tenancy,2022-11-10,Active,,1088.45,1,3,4
C-34134,Weybridge,5,60-74,English,Owner-occupier,2022-05-30,Active,,924.59,2,1,16
C-34135,Calder Central,4,60-74,Spanish,Resident with family,2021-03-12,Active,,1151.19,2,4,16
C-34136,Calder Central,1,18-29,English,Owner-occupier,2023-01-25,Suspended,,424.74,1,1,7
C-34137,Northgate,2,30-44,Spanish,Social tenancy,2024-11-19,Active,,589.72,1,4,21
C-34138,Weybridge,2,75+,English,No fixed abode,2024-01-07,Active,,508.93,1,3,19
C-34139,Calder Central,3,30-44,English,Resident with family,2024-12-07,Active,,778.3,0,0,16
C-34140,Calder Central,4,30-44,English,Private tenancy,2025-05-27,Active,,927.71,1,2,3
C-34141,Calder Central,4,30-44,English,Owner-occupier,2021-10-24,Active,,1220.62,3,4,9
C-34142,Weybridge,6,45-59,English,Social tenancy,2024-02-09,Active,,898.75,2,5,12
C-34143,Calder Central,3,30-44,English,Resident with family,2025-07-21,Active,,640.7,1,0,7
C-34144,Northgate,2,60-74,English,Social tenancy,2021-07-25,Active,,1005.29,2,2,13
C-34145,Weybridge,4,18-29,English,Resident with family,2022-09-24,Active,,1167.77,0,3,14
C-34146,Ash Hill,4,60-74,English,Resident with family,2022-04-30,Active,,1407.9,1,4,5
C-34147,Calder Central,3,18-29,English,Owner-occupier,2024-04-15,Active,,808.49,0,0,2
C-34148,Northgate,1,30-44,Other,Social tenancy,2021-03-02,Active,,760.83,1,2,10
C-34149,Northgate,1,60-74,Other,Social tenancy,2023-07-01,Active,,463.85,1,5,14
C-34150,Weybridge,3,30-44,English,No fixed abode,2023-06-13,Active,,1011.79,1,2,13
C-34151,Ash Hill,2,60-74,English,Owner-occupier,2025-03-11,Active,,746.19,1,1,10
C-34152,Calder Central,2,18-29,Other,Owner-occupier,2025-08-21,Active,,524.82,1,6,5
C-34153,Weybridge,2,30-44,English,Private tenancy,2024-04-17,Active,,871.57,1,1,0
C-34154,Northgate,3,75+,English,No fixed abode,2024-07-12,Active,,709.84,0,2,7
C-34155,Ash Hill,2,45-59,Other,Resident with family,2021-06-13,Active,,573.6,2,3,19
C-34156,Ash Hill,3,60-74,English,Social tenancy,2022-01-13,Active,,601.07,0,1,6
C-34157,Calder Central,2,18-29,English,Resident with family,2025-01-07,Active,,1024.19,1,6,14
C-34158,Weybridge,4,60-74,English,Private tenancy,2021-02-28,Active,,968.85,2,2,11
C-34159,Northgate,2,30-44,English,Social tenancy,2025-03-17,Active,,895.54,2,2,12
C-34160,Weybridge,1,45-59,English,Social tenancy,2022-07-07,Active,,483.25,0,1,1
C-34161,Ash Hill,2,60-74,English,Resident with family,2022-02-26,Closed,2025-08,583.41,1,1,8
C-34162,Weybridge,1,75+,Other,Owner-occupier,2021-01-23,Active,,568.06,0,5,22
C-34163,Northgate,4,75+,English,No fixed abode,2024-10-24,Active,,858.65,0,3,0
C-34164,Ash Hill,6,18-29,English,No fixed abode,2024-04-21,Suspended,,1676.3,0,1,22
C-34165,Weybridge,1,30-44,English,Private tenancy,2024-10-16,Active,,712.7,0,1,6
C-34166,Calder Central,5,60-74,English,Social tenancy,2023-10-22,Active,,1645.24,0,4,16
C-34167,Calder Central,2,60-74,English,Social tenancy,2023-04-18,Active,,651.09,0,2,14
C-34168,Weybridge,1,30-44,English,Resident with family,2025-01-09,Active,,443.99,1,2,1
C-34169,Calder Central,2,30-44,English,Social tenancy,2022-03-29,Active,,745.45,1,2,12
C-34170,Weybridge,2,30-44,Spanish,Owner-occupier,2021-11-04,Active,,706.57,2,4,15
C-34171,Northgate,3,30-44,Spanish,Social tenancy,2021-08-03,Active,,921.52,1,4,13
C-34172,Ash Hill,1,18-29,English,Resident with family,2021-08-29,Active,,521.85,0,2,18
C-34173,Ash Hill,5,60-74,English,No fixed abode,2024-10-31,Active,,1577.1,0,0,18
C-34174,Northgate,1,45-59,English,Owner-occupier,2022-02-09,Active,,660.84,0,1,9
C-34175,Weybridge,1,75+,English,Private tenancy,2024-07-06,Active,,494.63,0,3,20
C-34176,Calder Central,4,45-59,English,Owner-occupier,2024-06-15,Active,,1264.48,1,3,11
C-34177,Ash Hill,1,60-74,Other,Social tenancy,2021-05-08,Active,,725.85,3,7,21
C-34178,Ash Hill,1,45-59,English,Social tenancy,2023-12-12,Active,,406.13,1,1,7
C-34179,Ash Hill,1,30-44,English,Private tenancy,2022-04-12,Active,,406.19,1,2,2
C-34180,Ash Hill,2,75+,English,Resident with family,2022-07-29,Active,,866.84,2,6,20
C-34181,Weybridge,3,75+,Other,Owner-occupier,2023-09-24,Active,,1152.57,3,4,18
C-34182,Northgate,1,30-44,English,Private tenancy,2024-04-30,Active,,662.29,0,3,21
C-34183,Calder Central,5,60-74,English,Private tenancy,2021-06-02,Active,,911.28,1,3,3
C-34184,Weybridge,1,45-59,English,Private tenancy,2022-11-18,Active,,722.49,1,0,12
C-34185,Calder Central,2,30-44,English,Social tenancy,2023-03-30,Active,,971.42,0,4,13
C-34186,Northgate,2,75+,English,Owner-occupier,2024-02-08,Active,,981.04,0,1,5
C-34187,Calder Central,2,45-59,English,Resident with family,2025-01-02,Active,,1006.73,0,2,10
C-34188,Ash Hill,2,45-59,English,Social tenancy,2024-08-12,Active,,568.49,1,0,10
C-34189,Northgate,2,45-59,English,Resident with family,2021-04-05,Active,,637.03,0,2,4
C-34190,Northgate,5,45-59,Other,Private tenancy,2023-07-13,Active,,1242.32,1,4,19
C-34191,Calder Central,3,18-29,Other,Social tenancy,2023-08-04,Active,,737.69,1,5,2
C-34192,Weybridge,2,45-59,English,No fixed abode,2022-06-21,Active,,768.93,0,2,7
C-34193,Northgate,3,60-74,English,Resident with family,2022-05-30,Active,,889.84,2,0,5
C-34194,Northgate,2,75+,English,Social tenancy,2023-12-04,Active,,644.9,0,2,4
C-34195,Calder Central,2,75+,Other,No fixed abode,2024-03-02,Active,,599.76,1,7,14
C-34196,Northgate,4,30-44,English,Social tenancy,2025-02-21,Closed,2025-08,1406.73,3,3,12
C-34197,Calder Central,1,60-74,English,Private tenancy,2021-12-29,Active,,462.3,1,0,19
C-34198,Weybridge,3,18-29,Other,Private tenancy,2025-01-12,Active,,791.47,2,6,22
C-34199,Northgate,3,60-74,English,Private tenancy,2022-11-13,Active,,1064.61,0,1,19
