case_id,risk_score,final_risk_score,payment_adjustments,contact_attempts,administrative_activity_flag,administrative_context,investigator_context
C-31298,88.66,88.66,3,5,0,,No strong administrative-activity warning detected.
C-32400,86.51,86.51,1,2,0,,No strong administrative-activity warning detected.
C-33743,86.09,86.09,2,5,0,,No strong administrative-activity warning detected.
C-32995,83.88,83.88,1,5,0,,No strong administrative-activity warning detected.
C-34050,83.19,83.19,1,4,0,,No strong administrative-activity warning detected.
C-32502,82.96,82.96,0,3,0,,No strong administrative-activity warning detected.
C-32367,78.87,78.87,1,4,0,,No strong administrative-activity warning detected.
C-31396,76.19,76.19,3,5,0,,No strong administrative-activity warning detected.
C-33379,75.66,75.66,1,1,0,,No strong administrative-activity warning detected.
C-30644,74.47,74.47,3,6,1,6 contact attempts,Administrative activity may have a legitimate explanation and should not be treated as evidence of improper payment.
C-33201,72.91,72.91,2,6,1,6 contact attempts,Administrative activity may have a legitimate explanation and should not be treated as evidence of improper payment.
C-30954,72.83,72.83,1,2,0,,No strong administrative-activity warning detected.
C-32368,71.23,71.23,2,0,0,,No strong administrative-activity warning detected.
C-31956,69.11,69.11,2,1,0,,No strong administrative-activity warning detected.
C-33263,66.96,66.96,3,5,0,,No strong administrative-activity warning detected.
C-32671,66.26,66.26,2,3,0,,No strong administrative-activity warning detected.
C-32724,66.09,66.09,1,4,0,,No strong administrative-activity warning detected.
C-33181,65.96,65.96,4,2,1,4 payment adjustments,Administrative activity may have a legitimate explanation and should not be treated as evidence of improper payment.
C-32962,65.65,65.65,3,3,0,,No strong administrative-activity warning detected.
C-31550,65.62,65.62,1,4,0,,No strong administrative-activity warning detected.
C-31668,62.58,62.58,3,4,0,,No strong administrative-activity warning detected.
C-31131,62.55,62.55,3,5,0,,No strong administrative-activity warning detected.
C-31802,61.0,61.0,1,4,0,,No strong administrative-activity warning detected.
C-34118,58.41,58.41,0,5,0,,No strong administrative-activity warning detected.
C-34180,57.86,57.86,2,6,1,6 contact attempts,Administrative activity may have a legitimate explanation and should not be treated as evidence of improper payment.
C-32492,56.75,56.75,2,2,0,,No strong administrative-activity warning detected.
C-33393,56.73,56.73,2,4,0,,No strong administrative-activity warning detected.
C-32431,47.0,47.0,1,2,0,,No strong administrative-activity warning detected.
C-31485,45.49,45.49,1,4,0,,No strong administrative-activity warning detected.
C-33360,44.48,44.48,2,2,0,,No strong administrative-activity warning detected.
C-32340,35.18,35.18,1,2,0,,No strong administrative-activity warning detected.
C-32322,34.72,34.72,4,7,1,4 payment adjustments and 7 contact attempts,Administrative activity may have a legitimate explanation and should not be treated as evidence of improper payment.
C-31431,29.06,29.06,2,0,0,,No strong administrative-activity warning detected.
C-32404,28.77,28.77,4,0,1,4 payment adjustments,Administrative activity may have a legitimate explanation and should not be treated as evidence of improper payment.
C-32133,28.76,28.76,2,6,1,6 contact attempts,Administrative activity may have a legitimate explanation and should not be treated as evidence of improper payment.
C-33980,28.6,28.6,5,6,1,5 payment adjustments and 6 contact attempts,Administrative activity may have a legitimate explanation and should not be treated as evidence of improper payment.
C-33495,28.41,28.41,2,4,0,,No strong administrative-activity warning detected.
C-33209,26.7,26.7,2,7,1,7 contact attempts,Administrative activity may have a legitimate explanation and should not be treated as evidence of improper payment.
C-33024,26.22,26.22,1,6,1,6 contact attempts,Administrative activity may have a legitimate explanation and should not be treated as evidence of improper payment.
C-32252,25.37,25.37,1,8,1,8 contact attempts,Administrative activity may have a legitimate explanation and should not be treated as evidence of improper payment.
C-32175,24.03,24.03,1,4,0,,No strong administrative-activity warning detected.
C-33122,22.76,22.76,1,3,0,,No strong administrative-activity warning detected.
C-30720,22.48,22.48,2,4,0,,No strong administrative-activity warning detected.
C-34157,22.26,22.26,1,6,1,6 contact attempts,Administrative activity may have a legitimate explanation and should not be treated as evidence of improper payment.
C-30333,20.93,20.93,1,7,1,7 contact attempts,Administrative activity may have a legitimate explanation and should not be treated as evidence of improper payment.
C-30095,20.82,20.82,1,4,0,,No strong administrative-activity warning detected.
C-31348,20.59,20.59,2,5,0,,No strong administrative-activity warning detected.
C-32799,20.08,20.08,3,6,1,6 contact attempts,Administrative activity may have a legitimate explanation and should not be treated as evidence of improper payment.
C-32190,19.54,19.54,3,6,1,6 contact attempts,Administrative activity may have a legitimate explanation and should not be treated as evidence of improper payment.
C-30834,19.21,19.21,0,3,0,,No strong administrative-activity warning detected.
C-31624,19.11,19.11,3,3,0,,No strong administrative-activity warning detected.
C-32035,19.08,19.08,3,5,0,,No strong administrative-activity warning detected.
C-30263,19.02,19.02,4,2,1,4 payment adjustments,Administrative activity may have a legitimate explanation and should not be treated as evidence of improper payment.
C-33941,18.96,18.96,0,3,0,,No strong administrative-activity warning detected.
C-33630,18.74,18.74,2,1,0,,No strong administrative-activity warning detected.
C-32819,18.61,18.61,1,3,0,,No strong administrative-activity warning detected.
C-31898,18.57,18.57,1,1,0,,No strong administrative-activity warning detected.
C-33892,18.57,18.57,2,0,0,,No strong administrative-activity warning detected.
C-30713,18.57,18.57,1,1,0,,No strong administrative-activity warning detected.
C-32941,18.52,18.52,2,1,0,,No strong administrative-activity warning detected.
C-30791,18.39,18.39,0,1,0,,No strong administrative-activity warning detected.
C-30240,18.19,18.19,0,1,0,,No strong administrative-activity warning detected.
C-31176,18.01,18.01,1,6,1,6 contact attempts,Administrative activity may have a legitimate explanation and should not be treated as evidence of improper payment.
C-33447,17.98,17.98,1,1,0,,No strong administrative-activity warning detected.
C-30714,17.97,17.97,1,3,0,,No strong administrative-activity warning detected.
C-30987,17.94,17.94,0,2,0,,No strong administrative-activity warning detected.
C-31684,17.83,17.83,1,3,0,,No strong administrative-activity warning detected.
C-32883,17.7,17.7,1,1,0,,No strong administrative-activity warning detected.
C-32735,17.69,17.69,5,4,1,5 payment adjustments,Administrative activity may have a legitimate explanation and should not be treated as evidence of improper payment.
C-30663,17.62,17.62,2,4,0,,No strong administrative-activity warning detected.
C-33429,17.6,17.6,0,5,0,,No strong administrative-activity warning detected.
C-30828,17.52,17.52,2,1,0,,No strong administrative-activity warning detected.
C-31697,17.4,17.4,0,3,0,,No strong administrative-activity warning detected.
C-31397,17.36,17.36,0,2,0,,No strong administrative-activity warning detected.
C-31532,17.35,17.35,1,1,0,,No strong administrative-activity warning detected.
C-32903,17.34,17.34,0,0,0,,No strong administrative-activity warning detected.
C-33065,17.33,17.33,0,1,0,,No strong administrative-activity warning detected.
C-30249,17.26,17.26,0,3,0,,No strong administrative-activity warning detected.
C-33549,17.24,17.24,3,4,0,,No strong administrative-activity warning detected.
C-33164,17.18,17.18,1,6,1,6 contact attempts,Administrative activity may have a legitimate explanation and should not be treated as evidence of improper payment.
C-34114,17.08,17.08,0,1,0,,No strong administrative-activity warning detected.
C-31340,17.03,17.03,0,2,0,,No strong administrative-activity warning detected.
C-32376,17.03,17.03,1,0,0,,No strong administrative-activity warning detected.
C-33898,17.0,17.0,2,6,1,6 contact attempts,Administrative activity may have a legitimate explanation and should not be treated as evidence of improper payment.
C-30169,16.99,16.99,1,4,0,,No strong administrative-activity warning detected.
C-30951,16.96,16.96,1,2,0,,No strong administrative-activity warning detected.
C-32002,16.96,16.96,2,3,0,,No strong administrative-activity warning detected.
C-33049,16.93,16.93,0,3,0,,No strong administrative-activity warning detected.
C-33154,16.91,16.91,0,3,0,,No strong administrative-activity warning detected.
C-30825,16.91,16.91,1,2,0,,No strong administrative-activity warning detected.
C-33905,16.91,16.91,1,0,0,,No strong administrative-activity warning detected.
C-33919,16.91,16.91,1,2,0,,No strong administrative-activity warning detected.
C-32547,16.87,16.87,0,5,0,,No strong administrative-activity warning detected.
C-33514,16.86,16.86,0,3,0,,No strong administrative-activity warning detected.
C-31666,16.86,16.86,1,0,0,,No strong administrative-activity warning detected.
C-32927,16.83,16.83,2,1,0,,No strong administrative-activity warning detected.
C-32420,16.82,16.82,2,1,0,,No strong administrative-activity warning detected.
C-30941,16.82,16.82,0,4,0,,No strong administrative-activity warning detected.
C-31182,16.81,16.81,2,7,1,7 contact attempts,Administrative activity may have a legitimate explanation and should not be treated as evidence of improper payment.
C-31980,16.81,16.81,3,3,0,,No strong administrative-activity warning detected.
C-32302,16.79,16.79,2,2,0,,No strong administrative-activity warning detected.
C-33837,16.79,16.79,0,3,0,,No strong administrative-activity warning detected.
C-33621,16.79,16.79,0,0,0,,No strong administrative-activity warning detected.
C-32165,16.79,16.79,1,1,0,,No strong administrative-activity warning detected.
C-33617,16.79,16.79,0,2,0,,No strong administrative-activity warning detected.
C-30091,16.78,16.78,1,2,0,,No strong administrative-activity warning detected.
C-33434,16.78,16.78,0,1,0,,No strong administrative-activity warning detected.
C-32606,16.76,16.76,1,5,0,,No strong administrative-activity warning detected.
C-32974,16.74,16.74,0,2,0,,No strong administrative-activity warning detected.
C-34062,16.72,16.72,0,3,0,,No strong administrative-activity warning detected.
C-32416,16.71,16.71,0,0,0,,No strong administrative-activity warning detected.
C-32129,16.69,16.69,0,0,0,,No strong administrative-activity warning detected.
C-32896,16.69,16.69,1,2,0,,No strong administrative-activity warning detected.
C-31914,16.69,16.69,0,1,0,,No strong administrative-activity warning detected.
C-30168,16.69,16.69,1,2,0,,No strong administrative-activity warning detected.
C-32388,16.69,16.69,1,1,0,,No strong administrative-activity warning detected.
C-30235,16.64,16.64,2,1,0,,No strong administrative-activity warning detected.
C-32876,16.64,16.64,2,4,0,,No strong administrative-activity warning detected.
C-31613,16.63,16.63,0,1,0,,No strong administrative-activity warning detected.
C-32846,16.61,16.61,0,2,0,,No strong administrative-activity warning detected.
C-32088,16.61,16.61,0,4,0,,No strong administrative-activity warning detected.
C-30975,16.58,16.58,0,1,0,,No strong administrative-activity warning detected.
C-30117,16.56,16.56,2,3,0,,No strong administrative-activity warning detected.
C-30670,16.55,16.55,1,1,0,,No strong administrative-activity warning detected.
C-33948,16.54,16.54,1,3,0,,No strong administrative-activity warning detected.
C-33566,16.53,16.53,1,2,0,,No strong administrative-activity warning detected.
C-30083,16.51,16.51,1,4,0,,No strong administrative-activity warning detected.
C-30157,16.49,16.49,2,4,0,,No strong administrative-activity warning detected.
C-30388,16.49,16.49,0,0,0,,No strong administrative-activity warning detected.
C-31620,16.44,16.44,0,3,0,,No strong administrative-activity warning detected.
C-32324,16.44,16.44,3,3,0,,No strong administrative-activity warning detected.
C-34170,16.43,16.43,2,4,0,,No strong administrative-activity warning detected.
C-31593,16.4,16.4,2,0,0,,No strong administrative-activity warning detected.
C-33535,16.36,16.36,1,1,0,,No strong administrative-activity warning detected.
C-31043,16.34,16.34,1,0,0,,No strong administrative-activity warning detected.
C-30476,16.33,16.33,1,1,0,,No strong administrative-activity warning detected.
C-31201,16.32,16.32,1,3,0,,No strong administrative-activity warning detected.
C-30363,16.32,16.32,1,2,0,,No strong administrative-activity warning detected.
C-31791,16.31,16.31,3,9,1,9 contact attempts,Administrative activity may have a legitimate explanation and should not be treated as evidence of improper payment.
C-32882,16.3,16.3,1,1,0,,No strong administrative-activity warning detected.
C-33805,16.27,16.27,1,1,0,,No strong administrative-activity warning detected.
C-30895,16.26,16.26,2,4,0,,No strong administrative-activity warning detected.
C-32338,16.25,16.25,0,0,0,,No strong administrative-activity warning detected.
C-30067,16.23,16.23,1,2,0,,No strong administrative-activity warning detected.
C-33926,16.23,16.23,3,2,0,,No strong administrative-activity warning detected.
C-32743,16.23,16.23,1,2,0,,No strong administrative-activity warning detected.
C-30298,16.22,16.22,1,3,0,,No strong administrative-activity warning detected.
C-31232,16.21,16.21,1,2,0,,No strong administrative-activity warning detected.
C-31305,16.2,16.2,0,2,0,,No strong administrative-activity warning detected.
C-31366,16.2,16.2,0,2,0,,No strong administrative-activity warning detected.
C-31970,16.19,16.19,2,3,0,,No strong administrative-activity warning detected.
C-31897,16.16,16.16,1,5,0,,No strong administrative-activity warning detected.
C-31752,16.15,16.15,1,0,0,,No strong administrative-activity warning detected.
C-30059,16.14,16.14,2,3,0,,No strong administrative-activity warning detected.
C-32244,16.13,16.13,1,0,0,,No strong administrative-activity warning detected.
C-30475,16.11,16.11,0,2,0,,No strong administrative-activity warning detected.
C-31797,16.09,16.09,0,2,0,,No strong administrative-activity warning detected.
C-33931,16.08,16.08,0,1,0,,No strong administrative-activity warning detected.
C-32878,16.07,16.07,0,1,0,,No strong administrative-activity warning detected.
C-31601,16.03,16.03,2,1,0,,No strong administrative-activity warning detected.
C-33225,16.01,16.01,3,6,1,6 contact attempts,Administrative activity may have a legitimate explanation and should not be treated as evidence of improper payment.
C-30938,16.01,16.01,1,1,0,,No strong administrative-activity warning detected.
C-32685,16.0,16.0,1,5,0,,No strong administrative-activity warning detected.
C-30433,16.0,16.0,3,7,1,7 contact attempts,Administrative activity may have a legitimate explanation and should not be treated as evidence of improper payment.
C-33534,15.99,15.99,0,3,0,,No strong administrative-activity warning detected.
C-31996,15.94,15.94,3,0,0,,No strong administrative-activity warning detected.
C-30731,15.94,15.94,0,1,0,,No strong administrative-activity warning detected.
C-32430,15.91,15.91,0,1,0,,No strong administrative-activity warning detected.
C-31837,15.9,15.9,0,4,0,,No strong administrative-activity warning detected.
C-31592,15.9,15.9,0,3,0,,No strong administrative-activity warning detected.
C-31993,15.88,15.88,1,3,0,,No strong administrative-activity warning detected.
C-33385,15.85,15.85,0,2,0,,No strong administrative-activity warning detected.
C-32016,15.85,15.85,2,3,0,,No strong administrative-activity warning detected.
C-32689,15.82,15.82,3,0,0,,No strong administrative-activity warning detected.
C-30346,15.81,15.81,1,2,0,,No strong administrative-activity warning detected.
C-32809,15.81,15.81,0,0,0,,No strong administrative-activity warning detected.
C-31278,15.8,15.8,3,5,0,,No strong administrative-activity warning detected.
C-33568,15.77,15.77,1,3,0,,No strong administrative-activity warning detected.
C-34028,15.76,15.76,1,3,0,,No strong administrative-activity warning detected.
C-31082,15.74,15.74,0,2,0,,No strong administrative-activity warning detected.
C-31017,15.72,15.72,0,3,0,,No strong administrative-activity warning detected.
C-31582,15.72,15.72,3,0,0,,No strong administrative-activity warning detected.
C-33856,15.69,15.69,1,3,0,,No strong administrative-activity warning detected.
C-32833,15.67,15.67,0,2,0,,No strong administrative-activity warning detected.
C-31012,15.66,15.66,1,5,0,,No strong administrative-activity warning detected.
C-31503,15.65,15.65,1,5,0,,No strong administrative-activity warning detected.
C-30618,15.62,15.62,1,0,0,,No strong administrative-activity warning detected.
C-32940,15.62,15.62,0,4,0,,No strong administrative-activity warning detected.
C-32319,15.61,15.61,1,4,0,,No strong administrative-activity warning detected.
C-33858,15.6,15.6,1,0,0,,No strong administrative-activity warning detected.
C-32221,15.6,15.6,0,4,0,,No strong administrative-activity warning detected.
C-33433,15.58,15.58,0,1,0,,No strong administrative-activity warning detected.
C-33218,15.56,15.56,1,0,0,,No strong administrative-activity warning detected.
C-30290,15.54,15.54,2,3,0,,No strong administrative-activity warning detected.
C-31402,15.51,15.51,0,0,0,,No strong administrative-activity warning detected.
C-31783,15.46,15.46,1,4,0,,No strong administrative-activity warning detected.
C-30325,15.46,15.46,0,0,0,,No strong administrative-activity warning detected.
C-32558,15.43,15.43,0,1,0,,No strong administrative-activity warning detected.
C-30130,15.42,15.42,1,2,0,,No strong administrative-activity warning detected.
C-33264,15.42,15.42,1,3,0,,No strong administrative-activity warning detected.
C-32023,15.42,15.42,0,1,0,,No strong administrative-activity warning detected.
C-33251,15.41,15.41,0,3,0,,No strong administrative-activity warning detected.
C-31571,15.4,15.4,0,1,0,,No strong administrative-activity warning detected.
C-33373,15.37,15.37,0,1,0,,No strong administrative-activity warning detected.
C-33169,15.35,15.35,0,2,0,,No strong administrative-activity warning detected.
C-33527,15.35,15.35,1,1,0,,No strong administrative-activity warning detected.
C-32574,15.35,15.35,0,3,0,,No strong administrative-activity warning detected.
C-31976,15.35,15.35,2,3,0,,No strong administrative-activity warning detected.
C-33942,15.34,15.34,2,4,0,,No strong administrative-activity warning detected.
C-30499,15.34,15.34,1,3,0,,No strong administrative-activity warning detected.
C-32712,15.32,15.32,0,2,0,,No strong administrative-activity warning detected.
C-33375,15.32,15.32,1,1,0,,No strong administrative-activity warning detected.
C-33268,15.31,15.31,0,2,0,,No strong administrative-activity warning detected.
C-32375,15.31,15.31,1,3,0,,No strong administrative-activity warning detected.
C-34141,15.29,15.29,3,4,0,,No strong administrative-activity warning detected.
C-32751,15.29,15.29,0,0,0,,No strong administrative-activity warning detected.
C-31359,15.29,15.29,1,4,0,,No strong administrative-activity warning detected.
C-33276,15.29,15.29,2,0,0,,No strong administrative-activity warning detected.
C-32525,15.28,15.28,2,3,0,,No strong administrative-activity warning detected.
C-33364,15.27,15.27,4,3,1,4 payment adjustments,Administrative activity may have a legitimate explanation and should not be treated as evidence of improper payment.
C-33032,15.24,15.24,1,0,0,,No strong administrative-activity warning detected.
C-30075,15.24,15.24,1,2,0,,No strong administrative-activity warning detected.
C-30508,15.24,15.24,0,3,0,,No strong administrative-activity warning detected.
C-34075,15.21,15.21,0,1,0,,No strong administrative-activity warning detected.
C-33777,15.2,15.2,1,2,0,,No strong administrative-activity warning detected.
C-32192,15.2,15.2,1,1,0,,No strong administrative-activity warning detected.
C-30031,15.18,15.18,1,6,1,6 contact attempts,Administrative activity may have a legitimate explanation and should not be treated as evidence of improper payment.
C-30439,15.18,15.18,0,1,0,,No strong administrative-activity warning detected.
C-31729,15.18,15.18,2,3,0,,No strong administrative-activity warning detected.
C-30946,15.17,15.17,3,0,0,,No strong administrative-activity warning detected.
C-32000,15.17,15.17,0,2,0,,No strong administrative-activity warning detected.
C-31286,15.16,15.16,2,5,0,,No strong administrative-activity warning detected.
C-32982,15.14,15.14,2,3,0,,No strong administrative-activity warning detected.
C-32745,15.14,15.14,2,2,0,,No strong administrative-activity warning detected.
C-32181,15.11,15.11,1,2,0,,No strong administrative-activity warning detected.
C-33488,15.1,15.1,0,0,0,,No strong administrative-activity warning detected.
C-30986,15.1,15.1,2,5,0,,No strong administrative-activity warning detected.
C-33442,15.09,15.09,2,0,0,,No strong administrative-activity warning detected.
C-30043,15.08,15.08,3,2,0,,No strong administrative-activity warning detected.
C-30712,15.08,15.08,3,3,0,,No strong administrative-activity warning detected.
C-32672,15.08,15.08,1,3,0,,No strong administrative-activity warning detected.
C-31445,15.08,15.08,2,3,0,,No strong administrative-activity warning detected.
C-30274,15.07,15.07,0,2,0,,No strong administrative-activity warning detected.
C-30810,15.07,15.07,1,2,0,,No strong administrative-activity warning detected.
C-30743,15.06,15.06,1,2,0,,No strong administrative-activity warning detected.
C-32513,15.05,15.05,0,1,0,,No strong administrative-activity warning detected.
C-31606,15.04,15.04,0,1,0,,No strong administrative-activity warning detected.
C-33859,15.02,15.02,2,0,0,,No strong administrative-activity warning detected.
C-32749,15.01,15.01,0,1,0,,No strong administrative-activity warning detected.
C-31146,14.99,14.99,2,1,0,,No strong administrative-activity warning detected.
C-31983,14.99,14.99,0,2,0,,No strong administrative-activity warning detected.
C-30469,14.98,14.98,0,2,0,,No strong administrative-activity warning detected.
C-32855,14.98,14.98,0,1,0,,No strong administrative-activity warning detected.
C-32894,14.98,14.98,0,2,0,,No strong administrative-activity warning detected.
C-32283,14.97,14.97,0,2,0,,No strong administrative-activity warning detected.
C-31320,14.96,14.96,0,2,0,,No strong administrative-activity warning detected.
C-30912,14.95,14.95,1,1,0,,No strong administrative-activity warning detected.
C-31759,14.95,14.95,0,0,0,,No strong administrative-activity warning detected.
C-30474,14.94,14.94,1,3,0,,No strong administrative-activity warning detected.
C-30971,14.93,14.93,1,0,0,,No strong administrative-activity warning detected.
C-32391,14.93,14.93,2,4,0,,No strong administrative-activity warning detected.
C-32210,14.93,14.93,0,4,0,,No strong administrative-activity warning detected.
C-31850,14.92,14.92,0,1,0,,No strong administrative-activity warning detected.
C-32887,14.91,14.91,0,1,0,,No strong administrative-activity warning detected.
C-30880,14.9,14.9,1,2,0,,No strong administrative-activity warning detected.
C-32336,14.9,14.9,1,0,0,,No strong administrative-activity warning detected.
C-30329,14.9,14.9,0,5,0,,No strong administrative-activity warning detected.
C-32692,14.9,14.9,3,7,1,7 contact attempts,Administrative activity may have a legitimate explanation and should not be treated as evidence of improper payment.
C-32066,14.9,14.9,2,3,0,,No strong administrative-activity warning detected.
C-32752,14.88,14.88,1,5,0,,No strong administrative-activity warning detected.
C-33275,14.88,14.88,1,4,0,,No strong administrative-activity warning detected.
C-32647,14.88,14.88,0,0,0,,No strong administrative-activity warning detected.
C-32804,14.87,14.87,1,0,0,,No strong administrative-activity warning detected.
C-31934,14.87,14.87,2,2,0,,No strong administrative-activity warning detected.
C-32369,14.86,14.86,4,3,1,4 payment adjustments,Administrative activity may have a legitimate explanation and should not be treated as evidence of improper payment.
C-30193,14.86,14.86,4,3,1,4 payment adjustments,Administrative activity may have a legitimate explanation and should not be treated as evidence of improper payment.
C-31953,14.85,14.85,2,0,0,,No strong administrative-activity warning detected.
C-30437,14.85,14.85,0,2,0,,No strong administrative-activity warning detected.
C-31961,14.85,14.85,2,2,0,,No strong administrative-activity warning detected.
C-32163,14.85,14.85,1,2,0,,No strong administrative-activity warning detected.
C-32037,14.85,14.85,1,5,0,,No strong administrative-activity warning detected.
C-30172,14.85,14.85,2,5,0,,No strong administrative-activity warning detected.
C-32755,14.84,14.84,1,2,0,,No strong administrative-activity warning detected.
C-31424,14.83,14.83,3,1,0,,No strong administrative-activity warning detected.
C-30527,14.83,14.83,1,1,0,,No strong administrative-activity warning detected.
C-30944,14.83,14.83,2,4,0,,No strong administrative-activity warning detected.
C-30373,14.83,14.83,0,5,0,,No strong administrative-activity warning detected.
C-32948,14.83,14.83,2,1,0,,No strong administrative-activity warning detected.
C-33454,14.82,14.82,0,1,0,,No strong administrative-activity warning detected.
C-31878,14.82,14.82,1,3,0,,No strong administrative-activity warning detected.
C-32280,14.82,14.82,2,2,0,,No strong administrative-activity warning detected.
C-30567,14.82,14.82,1,4,0,,No strong administrative-activity warning detected.
C-31625,14.81,14.81,0,1,0,,No strong administrative-activity warning detected.
C-33031,14.81,14.81,0,1,0,,No strong administrative-activity warning detected.
C-34022,14.81,14.81,0,4,0,,No strong administrative-activity warning detected.
C-30107,14.81,14.81,0,4,0,,No strong administrative-activity warning detected.
C-30854,14.81,14.81,0,1,0,,No strong administrative-activity warning detected.
C-31887,14.81,14.81,0,5,0,,No strong administrative-activity warning detected.
C-31594,14.8,14.8,0,2,0,,No strong administrative-activity warning detected.
C-33109,14.8,14.8,1,5,0,,No strong administrative-activity warning detected.
C-32744,14.8,14.8,0,1,0,,No strong administrative-activity warning detected.
C-32763,14.8,14.8,0,1,0,,No strong administrative-activity warning detected.
C-30968,14.8,14.8,0,0,0,,No strong administrative-activity warning detected.
C-33515,14.8,14.8,1,3,0,,No strong administrative-activity warning detected.
C-32389,14.79,14.79,0,1,0,,No strong administrative-activity warning detected.
C-30034,14.79,14.79,1,6,1,6 contact attempts,Administrative activity may have a legitimate explanation and should not be treated as evidence of improper payment.
C-31385,14.77,14.77,1,1,0,,No strong administrative-activity warning detected.
C-33374,14.77,14.77,1,1,0,,No strong administrative-activity warning detected.
C-31672,14.77,14.77,0,4,0,,No strong administrative-activity warning detected.
C-31137,14.77,14.77,2,3,0,,No strong administrative-activity warning detected.
C-30058,14.77,14.77,0,5,0,,No strong administrative-activity warning detected.
C-31875,14.77,14.77,0,0,0,,No strong administrative-activity warning detected.
C-33804,14.76,14.76,2,4,0,,No strong administrative-activity warning detected.
C-32505,14.76,14.76,0,0,0,,No strong administrative-activity warning detected.
C-32231,14.76,14.76,2,2,0,,No strong administrative-activity warning detected.
C-32550,14.75,14.75,2,7,1,7 contact attempts,Administrative activity may have a legitimate explanation and should not be treated as evidence of improper payment.
C-32076,14.75,14.75,1,2,0,,No strong administrative-activity warning detected.
C-31561,14.75,14.75,0,2,0,,No strong administrative-activity warning detected.
C-33983,14.75,14.75,1,4,0,,No strong administrative-activity warning detected.
C-32487,14.75,14.75,2,7,1,7 contact attempts,Administrative activity may have a legitimate explanation and should not be treated as evidence of improper payment.
C-31247,14.74,14.74,0,1,0,,No strong administrative-activity warning detected.
C-34122,14.74,14.74,1,7,1,7 contact attempts,Administrative activity may have a legitimate explanation and should not be treated as evidence of improper payment.
C-32594,14.73,14.73,0,2,0,,No strong administrative-activity warning detected.
C-31669,14.73,14.73,1,3,0,,No strong administrative-activity warning detected.
C-31842,14.72,14.72,1,0,0,,No strong administrative-activity warning detected.
C-32879,14.72,14.72,1,0,0,,No strong administrative-activity warning detected.
C-31525,14.71,14.71,0,2,0,,No strong administrative-activity warning detected.
C-34133,14.71,14.71,1,3,0,,No strong administrative-activity warning detected.
C-31894,14.7,14.7,2,2,0,,No strong administrative-activity warning detected.
C-31626,14.7,14.7,1,0,0,,No strong administrative-activity warning detected.
C-31605,14.7,14.7,0,3,0,,No strong administrative-activity warning detected.
C-33124,14.7,14.7,2,2,0,,No strong administrative-activity warning detected.
C-30077,14.7,14.7,2,2,0,,No strong administrative-activity warning detected.
C-31309,14.69,14.69,1,1,0,,No strong administrative-activity warning detected.
C-32176,14.69,14.69,2,0,0,,No strong administrative-activity warning detected.
C-30531,14.69,14.69,0,1,0,,No strong administrative-activity warning detected.
C-33917,14.69,14.69,0,0,0,,No strong administrative-activity warning detected.
C-32540,14.69,14.69,1,4,0,,No strong administrative-activity warning detected.
C-32586,14.68,14.68,1,5,0,,No strong administrative-activity warning detected.
C-32094,14.68,14.68,0,1,0,,No strong administrative-activity warning detected.
C-30683,14.68,14.68,0,2,0,,No strong administrative-activity warning detected.
C-33768,14.67,14.67,2,5,0,,No strong administrative-activity warning detected.
C-30045,14.67,14.67,0,3,0,,No strong administrative-activity warning detected.
C-31821,14.66,14.66,1,3,0,,No strong administrative-activity warning detected.
C-30515,14.66,14.66,1,7,1,7 contact attempts,Administrative activity may have a legitimate explanation and should not be treated as evidence of improper payment.
C-31492,14.66,14.66,1,4,0,,No strong administrative-activity warning detected.
C-31398,14.66,14.66,1,3,0,,No strong administrative-activity warning detected.
C-32834,14.65,14.65,2,1,0,,No strong administrative-activity warning detected.
C-32779,14.65,14.65,0,3,0,,No strong administrative-activity warning detected.
C-32186,14.65,14.65,0,2,0,,No strong administrative-activity warning detected.
C-33053,14.65,14.65,1,2,0,,No strong administrative-activity warning detected.
C-33550,14.65,14.65,0,1,0,,No strong administrative-activity warning detected.
C-30693,14.64,14.64,0,1,0,,No strong administrative-activity warning detected.
C-33532,14.64,14.64,0,0,0,,No strong administrative-activity warning detected.
C-31064,14.64,14.64,0,1,0,,No strong administrative-activity warning detected.
C-33819,14.63,14.63,0,0,0,,No strong administrative-activity warning detected.
C-31007,14.63,14.63,0,2,0,,No strong administrative-activity warning detected.
C-31255,14.62,14.62,1,4,0,,No strong administrative-activity warning detected.
C-32790,14.62,14.62,0,1,0,,No strong administrative-activity warning detected.
C-33422,14.62,14.62,1,4,0,,No strong administrative-activity warning detected.
C-33702,14.62,14.62,3,5,0,,No strong administrative-activity warning detected.
C-33872,14.61,14.61,3,4,0,,No strong administrative-activity warning detected.
C-33979,14.61,14.61,0,3,0,,No strong administrative-activity warning detected.
C-32171,14.6,14.6,1,0,0,,No strong administrative-activity warning detected.
C-33649,14.6,14.6,1,1,0,,No strong administrative-activity warning detected.
C-31966,14.59,14.59,0,2,0,,No strong administrative-activity warning detected.
C-31999,14.59,14.59,2,0,0,,No strong administrative-activity warning detected.
C-32569,14.59,14.59,1,1,0,,No strong administrative-activity warning detected.
C-31139,14.59,14.59,1,2,0,,No strong administrative-activity warning detected.
C-34074,14.59,14.59,4,3,1,4 payment adjustments,Administrative activity may have a legitimate explanation and should not be treated as evidence of improper payment.
C-33313,14.58,14.58,3,2,0,,No strong administrative-activity warning detected.
C-31469,14.58,14.58,0,0,0,,No strong administrative-activity warning detected.
C-32530,14.56,14.56,1,3,0,,No strong administrative-activity warning detected.
C-31466,14.56,14.56,2,4,0,,No strong administrative-activity warning detected.
C-30657,14.56,14.56,0,1,0,,No strong administrative-activity warning detected.
C-30747,14.56,14.56,0,2,0,,No strong administrative-activity warning detected.
C-30183,14.56,14.56,0,4,0,,No strong administrative-activity warning detected.
C-30773,14.55,14.55,0,2,0,,No strong administrative-activity warning detected.
C-33888,14.55,14.55,1,3,0,,No strong administrative-activity warning detected.
C-30922,14.55,14.55,1,2,0,,No strong administrative-activity warning detected.
C-33126,14.55,14.55,0,1,0,,No strong administrative-activity warning detected.
C-30414,14.54,14.54,2,4,0,,No strong administrative-activity warning detected.
C-33235,14.53,14.53,1,2,0,,No strong administrative-activity warning detected.
C-33923,14.53,14.53,0,2,0,,No strong administrative-activity warning detected.
C-33324,14.53,14.53,1,0,0,,No strong administrative-activity warning detected.
C-32425,14.52,14.52,2,1,0,,No strong administrative-activity warning detected.
C-33986,14.52,14.52,1,0,0,,No strong administrative-activity warning detected.
C-30213,14.52,14.52,1,0,0,,No strong administrative-activity warning detected.
C-32067,14.52,14.52,0,3,0,,No strong administrative-activity warning detected.
C-30897,14.52,14.52,1,3,0,,No strong administrative-activity warning detected.
C-32652,14.52,14.52,0,4,0,,No strong administrative-activity warning detected.
C-32409,14.52,14.52,2,3,0,,No strong administrative-activity warning detected.
C-31530,14.51,14.51,4,2,1,4 payment adjustments,Administrative activity may have a legitimate explanation and should not be treated as evidence of improper payment.
C-34126,14.5,14.5,0,0,0,,No strong administrative-activity warning detected.
C-30109,14.5,14.5,0,1,0,,No strong administrative-activity warning detected.
C-32206,14.5,14.5,1,4,0,,No strong administrative-activity warning detected.
C-31387,14.5,14.5,1,5,0,,No strong administrative-activity warning detected.
C-30688,14.49,14.49,0,0,0,,No strong administrative-activity warning detected.
C-32379,14.49,14.49,1,2,0,,No strong administrative-activity warning detected.
C-30883,14.49,14.49,0,2,0,,No strong administrative-activity warning detected.
C-33579,14.49,14.49,0,0,0,,No strong administrative-activity warning detected.
C-30187,14.49,14.49,0,0,0,,No strong administrative-activity warning detected.
C-33035,14.49,14.49,1,0,0,,No strong administrative-activity warning detected.
C-33005,14.49,14.49,1,3,0,,No strong administrative-activity warning detected.
C-31553,14.48,14.48,1,2,0,,No strong administrative-activity warning detected.
C-31958,14.47,14.47,0,0,0,,No strong administrative-activity warning detected.
C-32208,14.47,14.47,0,2,0,,No strong administrative-activity warning detected.
C-32702,14.47,14.47,2,3,0,,No strong administrative-activity warning detected.
C-30066,14.46,14.46,2,4,0,,No strong administrative-activity warning detected.
C-32038,14.46,14.46,1,3,0,,No strong administrative-activity warning detected.
C-31295,14.46,14.46,1,1,0,,No strong administrative-activity warning detected.
C-31337,14.46,14.46,1,2,0,,No strong administrative-activity warning detected.
C-33190,14.46,14.46,1,6,1,6 contact attempts,Administrative activity may have a legitimate explanation and should not be treated as evidence of improper payment.
C-32348,14.46,14.46,2,6,1,6 contact attempts,Administrative activity may have a legitimate explanation and should not be treated as evidence of improper payment.
C-32488,14.45,14.45,1,3,0,,No strong administrative-activity warning detected.
C-32865,14.45,14.45,1,1,0,,No strong administrative-activity warning detected.
C-33492,14.45,14.45,0,2,0,,No strong administrative-activity warning detected.
C-33217,14.45,14.45,1,3,0,,No strong administrative-activity warning detected.
C-33149,14.44,14.44,1,4,0,,No strong administrative-activity warning detected.
C-30303,14.44,14.44,1,0,0,,No strong administrative-activity warning detected.
C-30770,14.44,14.44,0,1,0,,No strong administrative-activity warning detected.
C-33394,14.44,14.44,0,1,0,,No strong administrative-activity warning detected.
C-32020,14.44,14.44,0,2,0,,No strong administrative-activity warning detected.
C-32898,14.43,14.43,3,4,0,,No strong administrative-activity warning detected.
C-31288,14.43,14.43,1,0,0,,No strong administrative-activity warning detected.
C-30682,14.43,14.43,0,3,0,,No strong administrative-activity warning detected.
C-30511,14.42,14.42,2,2,0,,No strong administrative-activity warning detected.
C-30267,14.41,14.41,2,1,0,,No strong administrative-activity warning detected.
C-30892,14.41,14.41,1,0,0,,No strong administrative-activity warning detected.
C-31673,14.41,14.41,1,2,0,,No strong administrative-activity warning detected.
C-33366,14.41,14.41,1,3,0,,No strong administrative-activity warning detected.
C-31765,14.4,14.4,1,1,0,,No strong administrative-activity warning detected.
C-32820,14.4,14.4,1,2,0,,No strong administrative-activity warning detected.
C-30232,14.4,14.4,0,1,0,,No strong administrative-activity warning detected.
C-30345,14.4,14.4,1,5,0,,No strong administrative-activity warning detected.
C-33066,14.4,14.4,2,0,0,,No strong administrative-activity warning detected.
C-34172,14.4,14.4,0,2,0,,No strong administrative-activity warning detected.
C-31333,14.39,14.39,0,0,0,,No strong administrative-activity warning detected.
C-32595,14.39,14.39,0,1,0,,No strong administrative-activity warning detected.
C-31395,14.39,14.39,1,2,0,,No strong administrative-activity warning detected.
C-31451,14.39,14.39,1,3,0,,No strong administrative-activity warning detected.
C-31058,14.39,14.39,0,4,0,,No strong administrative-activity warning detected.
C-31092,14.38,14.38,1,4,0,,No strong administrative-activity warning detected.
C-30690,14.38,14.38,0,2,0,,No strong administrative-activity warning detected.
C-30769,14.38,14.38,0,1,0,,No strong administrative-activity warning detected.
C-33106,14.37,14.37,3,2,0,,No strong administrative-activity warning detected.
C-32747,14.37,14.37,2,6,1,6 contact attempts,Administrative activity may have a legitimate explanation and should not be treated as evidence of improper payment.
C-30838,14.36,14.36,1,0,0,,No strong administrative-activity warning detected.
C-33521,14.36,14.36,1,5,0,,No strong administrative-activity warning detected.
C-30206,14.36,14.36,1,1,0,,No strong administrative-activity warning detected.
C-32605,14.35,14.35,1,2,0,,No strong administrative-activity warning detected.
C-30398,14.35,14.35,1,0,0,,No strong administrative-activity warning detected.
C-34063,14.35,14.35,0,1,0,,No strong administrative-activity warning detected.
C-32092,14.35,14.35,3,1,0,,No strong administrative-activity warning detected.
C-31619,14.35,14.35,2,5,0,,No strong administrative-activity warning detected.
C-31167,14.34,14.34,2,4,0,,No strong administrative-activity warning detected.
C-33491,14.34,14.34,0,0,0,,No strong administrative-activity warning detected.
C-31612,14.34,14.34,0,0,0,,No strong administrative-activity warning detected.
C-30046,14.34,14.34,1,2,0,,No strong administrative-activity warning detected.
C-30765,14.33,14.33,1,1,0,,No strong administrative-activity warning detected.
C-33881,14.32,14.32,2,3,0,,No strong administrative-activity warning detected.
C-30534,14.32,14.32,2,4,0,,No strong administrative-activity warning detected.
C-32811,14.32,14.32,0,0,0,,No strong administrative-activity warning detected.
C-31169,14.32,14.32,0,1,0,,No strong administrative-activity warning detected.
C-31779,14.32,14.32,2,4,0,,No strong administrative-activity warning detected.
C-34144,14.31,14.31,2,2,0,,No strong administrative-activity warning detected.
C-32832,14.31,14.31,0,3,0,,No strong administrative-activity warning detected.
C-32471,14.31,14.31,2,4,0,,No strong administrative-activity warning detected.
C-30587,14.31,14.31,1,0,0,,No strong administrative-activity warning detected.
C-34145,14.29,14.29,0,3,0,,No strong administrative-activity warning detected.
C-34184,14.29,14.29,1,0,0,,No strong administrative-activity warning detected.
C-31776,14.28,14.28,1,2,0,,No strong administrative-activity warning detected.
C-33182,14.27,14.27,0,2,0,,No strong administrative-activity warning detected.
C-33806,14.26,14.26,0,1,0,,No strong administrative-activity warning detected.
C-30453,14.25,14.25,1,2,0,,No strong administrative-activity warning detected.
C-34010,14.25,14.25,0,1,0,,No strong administrative-activity warning detected.
C-31264,14.24,14.24,0,3,0,,No strong administrative-activity warning detected.
C-32648,14.24,14.24,2,3,0,,No strong administrative-activity warning detected.
C-33849,14.23,14.23,2,0,0,,No strong administrative-activity warning detected.
C-32276,14.23,14.23,0,0,0,,No strong administrative-activity warning detected.
C-32936,14.23,14.23,0,0,0,,No strong administrative-activity warning detected.
C-31246,14.21,14.21,2,1,0,,No strong administrative-activity warning detected.
C-33733,14.21,14.21,2,4,0,,No strong administrative-activity warning detected.
C-30490,14.21,14.21,3,5,0,,No strong administrative-activity warning detected.
C-33321,14.21,14.21,0,3,0,,No strong administrative-activity warning detected.
C-33710,14.2,14.2,0,3,0,,No strong administrative-activity warning detected.
C-30681,14.19,14.19,2,4,0,,No strong administrative-activity warning detected.
C-33199,14.19,14.19,1,2,0,,No strong administrative-activity warning detected.
C-32705,14.19,14.19,0,2,0,,No strong administrative-activity warning detected.
C-33727,14.17,14.17,1,3,0,,No strong administrative-activity warning detected.
C-33067,14.17,14.17,1,4,0,,No strong administrative-activity warning detected.
C-32300,14.17,14.17,0,4,0,,No strong administrative-activity warning detected.
C-30926,14.17,14.17,0,3,0,,No strong administrative-activity warning detected.
C-33135,14.15,14.15,0,2,0,,No strong administrative-activity warning detected.
C-32380,14.15,14.15,1,1,0,,No strong administrative-activity warning detected.
C-30728,14.14,14.14,0,1,0,,No strong administrative-activity warning detected.
C-33186,14.14,14.14,0,0,0,,No strong administrative-activity warning detected.
C-31819,14.14,14.14,4,5,1,4 payment adjustments,Administrative activity may have a legitimate explanation and should not be treated as evidence of improper payment.
C-32364,14.14,14.14,1,1,0,,No strong administrative-activity warning detected.
C-31170,14.14,14.14,0,1,0,,No strong administrative-activity warning detected.
C-33960,14.14,14.14,0,3,0,,No strong administrative-activity warning detected.
C-33238,14.13,14.13,1,1,0,,No strong administrative-activity warning detected.
C-30699,14.12,14.12,1,4,0,,No strong administrative-activity warning detected.
C-30919,14.11,14.11,0,6,1,6 contact attempts,Administrative activity may have a legitimate explanation and should not be treated as evidence of improper payment.
C-30774,14.11,14.11,0,3,0,,No strong administrative-activity warning detected.
C-31158,14.11,14.11,1,1,0,,No strong administrative-activity warning detected.
C-32347,14.07,14.07,1,2,0,,No strong administrative-activity warning detected.
C-30238,14.07,14.07,0,0,0,,No strong administrative-activity warning detected.
C-30814,14.07,14.07,0,3,0,,No strong administrative-activity warning detected.
C-33583,14.07,14.07,2,3,0,,No strong administrative-activity warning detected.
C-33640,14.06,14.06,1,0,0,,No strong administrative-activity warning detected.
C-31433,14.06,14.06,1,1,0,,No strong administrative-activity warning detected.
C-33661,14.06,14.06,0,3,0,,No strong administrative-activity warning detected.
C-32696,14.05,14.05,0,5,0,,No strong administrative-activity warning detected.
C-32197,14.05,14.05,1,4,0,,No strong administrative-activity warning detected.
C-31472,14.05,14.05,0,3,0,,No strong administrative-activity warning detected.
C-34107,14.05,14.05,1,3,0,,No strong administrative-activity warning detected.
C-31656,14.05,14.05,1,5,0,,No strong administrative-activity warning detected.
C-33841,14.05,14.05,0,0,0,,No strong administrative-activity warning detected.
C-30426,14.04,14.04,0,1,0,,No strong administrative-activity warning detected.
C-30367,14.04,14.04,0,1,0,,No strong administrative-activity warning detected.
C-34183,14.03,14.03,1,3,0,,No strong administrative-activity warning detected.
C-33438,14.03,14.03,2,1,0,,No strong administrative-activity warning detected.
C-33405,14.03,14.03,1,0,0,,No strong administrative-activity warning detected.
C-32774,14.02,14.02,1,0,0,,No strong administrative-activity warning detected.
C-30981,14.02,14.02,2,1,0,,No strong administrative-activity warning detected.
C-30918,14.02,14.02,0,2,0,,No strong administrative-activity warning detected.
C-31152,14.01,14.01,2,1,0,,No strong administrative-activity warning detected.
C-30353,14.0,14.0,0,0,0,,No strong administrative-activity warning detected.
C-31220,14.0,14.0,0,1,0,,No strong administrative-activity warning detected.
C-33643,14.0,14.0,2,4,0,,No strong administrative-activity warning detected.
C-32284,13.99,13.99,2,2,0,,No strong administrative-activity warning detected.
C-32074,13.99,13.99,1,2,0,,No strong administrative-activity warning detected.
C-31680,13.98,13.98,1,0,0,,No strong administrative-activity warning detected.
C-31628,13.98,13.98,0,4,0,,No strong administrative-activity warning detected.
C-33115,13.98,13.98,1,2,0,,No strong administrative-activity warning detected.
C-31585,13.98,13.98,2,1,0,,No strong administrative-activity warning detected.
C-31560,13.97,13.97,1,0,0,,No strong administrative-activity warning detected.
C-30248,13.97,13.97,0,2,0,,No strong administrative-activity warning detected.
C-31964,13.97,13.97,1,1,0,,No strong administrative-activity warning detected.
C-33811,13.96,13.96,0,3,0,,No strong administrative-activity warning detected.
C-30902,13.96,13.96,2,4,0,,No strong administrative-activity warning detected.
C-30344,13.96,13.96,0,3,0,,No strong administrative-activity warning detected.
C-32125,13.95,13.95,2,5,0,,No strong administrative-activity warning detected.
C-30023,13.95,13.95,2,2,0,,No strong administrative-activity warning detected.
C-30826,13.95,13.95,0,1,0,,No strong administrative-activity warning detected.
C-30179,13.95,13.95,1,4,0,,No strong administrative-activity warning detected.
C-33957,13.95,13.95,2,4,0,,No strong administrative-activity warning detected.
C-30468,13.95,13.95,0,3,0,,No strong administrative-activity warning detected.
C-30668,13.94,13.94,1,4,0,,No strong administrative-activity warning detected.
C-31707,13.94,13.94,2,4,0,,No strong administrative-activity warning detected.
C-31590,13.94,13.94,2,2,0,,No strong administrative-activity warning detected.
C-32203,13.94,13.94,2,4,0,,No strong administrative-activity warning detected.
C-32372,13.93,13.93,0,2,0,,No strong administrative-activity warning detected.
C-32183,13.93,13.93,2,4,0,,No strong administrative-activity warning detected.
C-34044,13.93,13.93,0,1,0,,No strong administrative-activity warning detected.
C-30320,13.92,13.92,3,6,1,6 contact attempts,Administrative activity may have a legitimate explanation and should not be treated as evidence of improper payment.
C-33876,13.91,13.91,2,5,0,,No strong administrative-activity warning detected.
C-32089,13.9,13.9,2,2,0,,No strong administrative-activity warning detected.
C-31973,13.9,13.9,0,2,0,,No strong administrative-activity warning detected.
C-30164,13.9,13.9,2,1,0,,No strong administrative-activity warning detected.
C-33060,13.89,13.89,1,3,0,,No strong administrative-activity warning detected.
C-34101,13.88,13.88,0,2,0,,No strong administrative-activity warning detected.
C-33116,13.86,13.86,2,8,1,8 contact attempts,Administrative activity may have a legitimate explanation and should not be treated as evidence of improper payment.
C-30799,13.85,13.85,0,3,0,,No strong administrative-activity warning detected.
C-32102,13.85,13.85,0,2,0,,No strong administrative-activity warning detected.
C-30891,13.84,13.84,0,4,0,,No strong administrative-activity warning detected.
C-31793,13.84,13.84,0,3,0,,No strong administrative-activity warning detected.
C-32251,13.83,13.83,0,1,0,,No strong administrative-activity warning detected.
C-31962,13.81,13.81,2,2,0,,No strong administrative-activity warning detected.
C-33298,13.81,13.81,0,2,0,,No strong administrative-activity warning detected.
C-31928,13.8,13.8,2,5,0,,No strong administrative-activity warning detected.
C-33646,13.8,13.8,1,0,0,,No strong administrative-activity warning detected.
C-32459,13.8,13.8,0,0,0,,No strong administrative-activity warning detected.
C-33853,13.78,13.78,2,5,0,,No strong administrative-activity warning detected.
C-30507,13.77,13.77,3,4,0,,No strong administrative-activity warning detected.
C-33582,13.74,13.74,1,1,0,,No strong administrative-activity warning detected.
C-32164,13.73,13.73,0,3,0,,No strong administrative-activity warning detected.
C-30044,13.73,13.73,1,1,0,,No strong administrative-activity warning detected.
C-30407,13.71,13.71,0,0,0,,No strong administrative-activity warning detected.
C-33295,13.71,13.71,0,4,0,,No strong administrative-activity warning detected.
C-33935,13.71,13.71,3,1,0,,No strong administrative-activity warning detected.
C-33466,13.71,13.71,1,0,0,,No strong administrative-activity warning detected.
C-30019,13.7,13.7,0,2,0,,No strong administrative-activity warning detected.
C-31236,13.69,13.69,2,2,0,,No strong administrative-activity warning detected.
C-33166,13.69,13.69,2,1,0,,No strong administrative-activity warning detected.
C-33078,13.68,13.68,1,4,0,,No strong administrative-activity warning detected.
C-32888,13.67,13.67,0,0,0,,No strong administrative-activity warning detected.
C-32157,13.66,13.66,0,4,0,,No strong administrative-activity warning detected.
C-30004,13.65,13.65,1,0,0,,No strong administrative-activity warning detected.
C-32353,13.65,13.65,1,0,0,,No strong administrative-activity warning detected.
C-30705,13.65,13.65,1,2,0,,No strong administrative-activity warning detected.
C-31103,13.64,13.64,0,3,0,,No strong administrative-activity warning detected.
C-30282,13.63,13.63,2,5,0,,No strong administrative-activity warning detected.
C-30302,13.62,13.62,3,4,0,,No strong administrative-activity warning detected.
C-33754,13.61,13.61,1,5,0,,No strong administrative-activity warning detected.
C-31617,13.6,13.6,1,1,0,,No strong administrative-activity warning detected.
C-30983,13.59,13.59,2,1,0,,No strong administrative-activity warning detected.
C-33022,13.59,13.59,0,1,0,,No strong administrative-activity warning detected.
C-33073,13.58,13.58,0,4,0,,No strong administrative-activity warning detected.
C-30405,13.58,13.58,1,1,0,,No strong administrative-activity warning detected.
C-32911,13.57,13.57,0,2,0,,No strong administrative-activity warning detected.
C-31880,13.56,13.56,0,0,0,,No strong administrative-activity warning detected.
C-33092,13.56,13.56,0,0,0,,No strong administrative-activity warning detected.
C-32039,13.56,13.56,0,4,0,,No strong administrative-activity warning detected.
C-30182,13.54,13.54,2,1,0,,No strong administrative-activity warning detected.
C-32931,13.54,13.54,1,1,0,,No strong administrative-activity warning detected.
C-34181,13.53,13.53,3,4,0,,No strong administrative-activity warning detected.
C-34116,13.53,13.53,2,5,0,,No strong administrative-activity warning detected.
C-30677,13.53,13.53,1,1,0,,No strong administrative-activity warning detected.
C-30789,13.51,13.51,2,0,0,,No strong administrative-activity warning detected.
C-30881,13.51,13.51,0,1,0,,No strong administrative-activity warning detected.
C-33255,13.5,13.5,0,3,0,,No strong administrative-activity warning detected.
C-33500,13.5,13.5,1,2,0,,No strong administrative-activity warning detected.
C-32694,13.5,13.5,1,0,0,,No strong administrative-activity warning detected.
C-33860,13.5,13.5,0,4,0,,No strong administrative-activity warning detected.
C-32418,13.49,13.49,0,1,0,,No strong administrative-activity warning detected.
C-31474,13.49,13.49,2,3,0,,No strong administrative-activity warning detected.
C-30614,13.48,13.48,1,1,0,,No strong administrative-activity warning detected.
C-32690,13.47,13.47,0,0,0,,No strong administrative-activity warning detected.
C-33899,13.43,13.43,1,1,0,,No strong administrative-activity warning detected.
C-32132,13.41,13.41,0,1,0,,No strong administrative-activity warning detected.
C-32933,13.41,13.41,0,0,0,,No strong administrative-activity warning detected.
C-31591,13.4,13.4,2,6,1,6 contact attempts,Administrative activity may have a legitimate explanation and should not be treated as evidence of improper payment.
C-32742,13.4,13.4,0,3,0,,No strong administrative-activity warning detected.
C-31674,13.39,13.39,1,0,0,,No strong administrative-activity warning detected.
C-30128,13.39,13.39,1,3,0,,No strong administrative-activity warning detected.
C-30301,13.38,13.38,0,1,0,,No strong administrative-activity warning detected.
C-32273,13.37,13.37,1,3,0,,No strong administrative-activity warning detected.
C-31637,13.37,13.37,0,0,0,,No strong administrative-activity warning detected.
C-32120,13.36,13.36,3,4,0,,No strong administrative-activity warning detected.
C-30559,13.36,13.36,1,0,0,,No strong administrative-activity warning detected.
C-31241,13.36,13.36,1,2,0,,No strong administrative-activity warning detected.
C-32938,13.36,13.36,2,4,0,,No strong administrative-activity warning detected.
C-33956,13.35,13.35,1,5,0,,No strong administrative-activity warning detected.
C-32031,13.34,13.34,0,2,0,,No strong administrative-activity warning detected.
C-30380,13.34,13.34,0,1,0,,No strong administrative-activity warning detected.
C-32260,13.34,13.34,0,3,0,,No strong administrative-activity warning detected.
C-30444,13.33,13.33,3,0,0,,No strong administrative-activity warning detected.
C-30093,13.33,13.33,0,6,1,6 contact attempts,Administrative activity may have a legitimate explanation and should not be treated as evidence of improper payment.
C-30722,13.33,13.33,3,2,0,,No strong administrative-activity warning detected.
C-32839,13.33,13.33,0,3,0,,No strong administrative-activity warning detected.
C-31036,13.32,13.32,3,4,0,,No strong administrative-activity warning detected.
C-32258,13.32,13.32,1,0,0,,No strong administrative-activity warning detected.
C-32451,13.31,13.31,4,3,1,4 payment adjustments,Administrative activity may have a legitimate explanation and should not be treated as evidence of improper payment.
C-33520,13.31,13.31,1,3,0,,No strong administrative-activity warning detected.
C-30566,13.3,13.3,1,2,0,,No strong administrative-activity warning detected.
C-30181,13.29,13.29,1,3,0,,No strong administrative-activity warning detected.
C-30552,13.29,13.29,0,3,0,,No strong administrative-activity warning detected.
C-31845,13.29,13.29,0,0,0,,No strong administrative-activity warning detected.
C-33347,13.28,13.28,0,2,0,,No strong administrative-activity warning detected.
C-32551,13.27,13.27,1,1,0,,No strong administrative-activity warning detected.
C-32339,13.27,13.27,1,3,0,,No strong administrative-activity warning detected.
C-31114,13.27,13.27,1,2,0,,No strong administrative-activity warning detected.
C-33458,13.26,13.26,1,4,0,,No strong administrative-activity warning detected.
C-33585,13.26,13.26,0,3,0,,No strong administrative-activity warning detected.
C-32965,13.24,13.24,0,0,0,,No strong administrative-activity warning detected.
C-32934,13.24,13.24,0,0,0,,No strong administrative-activity warning detected.
C-33918,13.24,13.24,1,0,0,,No strong administrative-activity warning detected.
C-33069,13.22,13.22,0,4,0,,No strong administrative-activity warning detected.
C-30569,13.22,13.22,1,3,0,,No strong administrative-activity warning detected.
C-31554,13.22,13.22,1,2,0,,No strong administrative-activity warning detected.
C-32697,13.21,13.21,2,1,0,,No strong administrative-activity warning detected.
C-33797,13.19,13.19,2,4,0,,No strong administrative-activity warning detected.
C-33076,13.18,13.18,2,0,0,,No strong administrative-activity warning detected.
C-30335,13.18,13.18,0,3,0,,No strong administrative-activity warning detected.
C-30665,13.18,13.18,0,2,0,,No strong administrative-activity warning detected.
C-30390,13.16,13.16,0,2,0,,No strong administrative-activity warning detected.
C-32665,13.16,13.16,0,2,0,,No strong administrative-activity warning detected.
C-33593,13.14,13.14,0,3,0,,No strong administrative-activity warning detected.
C-32613,13.12,13.12,0,1,0,,No strong administrative-activity warning detected.
C-30225,13.12,13.12,0,3,0,,No strong administrative-activity warning detected.
C-30886,13.12,13.12,0,0,0,,No strong administrative-activity warning detected.
C-30830,13.1,13.1,0,1,0,,No strong administrative-activity warning detected.
C-32097,13.1,13.1,1,5,0,,No strong administrative-activity warning detected.
C-31856,13.1,13.1,2,0,0,,No strong administrative-activity warning detected.
C-33333,13.09,13.09,2,3,0,,No strong administrative-activity warning detected.
C-33668,13.07,13.07,3,5,0,,No strong administrative-activity warning detected.
C-30118,13.07,13.07,1,1,0,,No strong administrative-activity warning detected.
C-32195,13.07,13.07,2,3,0,,No strong administrative-activity warning detected.
C-31597,13.06,13.06,1,0,0,,No strong administrative-activity warning detected.
C-32885,13.06,13.06,0,0,0,,No strong administrative-activity warning detected.
C-32578,13.06,13.06,3,5,0,,No strong administrative-activity warning detected.
C-32565,13.06,13.06,0,4,0,,No strong administrative-activity warning detected.
C-32975,13.06,13.06,1,0,0,,No strong administrative-activity warning detected.
C-30757,13.04,13.04,2,4,0,,No strong administrative-activity warning detected.
C-31941,13.04,13.04,0,3,0,,No strong administrative-activity warning detected.
C-31329,13.04,13.04,2,6,1,6 contact attempts,Administrative activity may have a legitimate explanation and should not be treated as evidence of improper payment.
C-31455,13.04,13.04,0,1,0,,No strong administrative-activity warning detected.
C-31912,13.04,13.04,2,4,0,,No strong administrative-activity warning detected.
C-32445,13.04,13.04,0,0,0,,No strong administrative-activity warning detected.
C-32677,13.04,13.04,1,0,0,,No strong administrative-activity warning detected.
C-30131,13.03,13.03,1,1,0,,No strong administrative-activity warning detected.
C-30775,13.03,13.03,0,1,0,,No strong administrative-activity warning detected.
C-32844,13.03,13.03,0,3,0,,No strong administrative-activity warning detected.
C-30042,13.02,13.02,0,2,0,,No strong administrative-activity warning detected.
C-34031,13.02,13.02,1,1,0,,No strong administrative-activity warning detected.
C-32057,13.02,13.02,0,3,0,,No strong administrative-activity warning detected.
C-30553,13.01,13.01,1,1,0,,No strong administrative-activity warning detected.
C-32148,13.01,13.01,1,1,0,,No strong administrative-activity warning detected.
C-33063,13.01,13.01,1,5,0,,No strong administrative-activity warning detected.
C-31566,13.0,13.0,1,4,0,,No strong administrative-activity warning detected.
C-33801,13.0,13.0,2,5,0,,No strong administrative-activity warning detected.
C-31461,13.0,13.0,0,5,0,,No strong administrative-activity warning detected.
C-31206,12.99,12.99,0,0,0,,No strong administrative-activity warning detected.
C-34033,12.99,12.99,0,3,0,,No strong administrative-activity warning detected.
C-32214,12.98,12.98,0,4,0,,No strong administrative-activity warning detected.
C-31475,12.97,12.97,0,6,1,6 contact attempts,Administrative activity may have a legitimate explanation and should not be treated as evidence of improper payment.
C-30397,12.96,12.96,1,1,0,,No strong administrative-activity warning detected.
C-31377,12.96,12.96,2,4,0,,No strong administrative-activity warning detected.
C-31470,12.95,12.95,3,3,0,,No strong administrative-activity warning detected.
C-32449,12.95,12.95,1,4,0,,No strong administrative-activity warning detected.
C-32571,12.94,12.94,1,3,0,,No strong administrative-activity warning detected.
C-32748,12.93,12.93,2,3,0,,No strong administrative-activity warning detected.
C-32365,12.93,12.93,0,0,0,,No strong administrative-activity warning detected.
C-31041,12.92,12.92,1,1,0,,No strong administrative-activity warning detected.
C-30273,12.92,12.92,2,2,0,,No strong administrative-activity warning detected.
C-31408,12.92,12.92,1,4,0,,No strong administrative-activity warning detected.
C-31636,12.9,12.9,3,5,0,,No strong administrative-activity warning detected.
C-31521,12.9,12.9,3,6,1,6 contact attempts,Administrative activity may have a legitimate explanation and should not be treated as evidence of improper payment.
C-34045,12.89,12.89,1,1,0,,No strong administrative-activity warning detected.
C-33191,12.89,12.89,0,2,0,,No strong administrative-activity warning detected.
C-31874,12.88,12.88,1,1,0,,No strong administrative-activity warning detected.
C-34102,12.87,12.87,0,4,0,,No strong administrative-activity warning detected.
C-30916,12.87,12.87,0,1,0,,No strong administrative-activity warning detected.
C-33378,12.86,12.86,2,1,0,,No strong administrative-activity warning detected.
C-32266,12.86,12.86,1,5,0,,No strong administrative-activity warning detected.
C-32109,12.86,12.86,3,5,0,,No strong administrative-activity warning detected.
C-31027,12.86,12.86,0,3,0,,No strong administrative-activity warning detected.
C-32079,12.85,12.85,1,2,0,,No strong administrative-activity warning detected.
C-32871,12.85,12.85,2,5,0,,No strong administrative-activity warning detected.
C-33704,12.84,12.84,0,2,0,,No strong administrative-activity warning detected.
C-34069,12.84,12.84,0,1,0,,No strong administrative-activity warning detected.
C-32840,12.84,12.84,1,1,0,,No strong administrative-activity warning detected.
C-32008,12.83,12.83,0,0,0,,No strong administrative-activity warning detected.
C-30576,12.82,12.82,0,2,0,,No strong administrative-activity warning detected.
C-32062,12.82,12.82,1,0,0,,No strong administrative-activity warning detected.
C-33993,12.82,12.82,0,2,0,,No strong administrative-activity warning detected.
C-32868,12.81,12.81,0,2,0,,No strong administrative-activity warning detected.
C-30801,12.81,12.81,1,3,0,,No strong administrative-activity warning detected.
C-33976,12.81,12.81,2,5,0,,No strong administrative-activity warning detected.
C-31704,12.81,12.81,2,4,0,,No strong administrative-activity warning detected.
C-30738,12.8,12.8,2,5,0,,No strong administrative-activity warning detected.
C-33082,12.8,12.8,2,1,0,,No strong administrative-activity warning detected.
C-31434,12.8,12.8,0,0,0,,No strong administrative-activity warning detected.
C-32674,12.8,12.8,0,1,0,,No strong administrative-activity warning detected.
C-30099,12.8,12.8,0,2,0,,No strong administrative-activity warning detected.
C-34104,12.79,12.79,1,3,0,,No strong administrative-activity warning detected.
C-34135,12.79,12.79,2,4,0,,No strong administrative-activity warning detected.
C-31125,12.78,12.78,0,1,0,,No strong administrative-activity warning detected.
C-30942,12.78,12.78,0,1,0,,No strong administrative-activity warning detected.
C-30956,12.78,12.78,2,4,0,,No strong administrative-activity warning detected.
C-33215,12.77,12.77,0,0,0,,No strong administrative-activity warning detected.
C-30953,12.77,12.77,3,7,1,7 contact attempts,Administrative activity may have a legitimate explanation and should not be treated as evidence of improper payment.
C-33809,12.77,12.77,1,1,0,,No strong administrative-activity warning detected.
C-33441,12.77,12.77,0,1,0,,No strong administrative-activity warning detected.
C-31586,12.77,12.77,1,4,0,,No strong administrative-activity warning detected.
C-32381,12.77,12.77,1,3,0,,No strong administrative-activity warning detected.
C-33248,12.77,12.77,5,7,1,5 payment adjustments and 7 contact attempts,Administrative activity may have a legitimate explanation and should not be treated as evidence of improper payment.
C-31308,12.75,12.75,1,2,0,,No strong administrative-activity warning detected.
C-31080,12.75,12.75,0,0,0,,No strong administrative-activity warning detected.
C-32432,12.75,12.75,1,3,0,,No strong administrative-activity warning detected.
C-33894,12.74,12.74,1,1,0,,No strong administrative-activity warning detected.
C-31037,12.74,12.74,0,2,0,,No strong administrative-activity warning detected.
C-33940,12.74,12.74,1,4,0,,No strong administrative-activity warning detected.
C-31073,12.72,12.72,1,6,1,6 contact attempts,Administrative activity may have a legitimate explanation and should not be treated as evidence of improper payment.
C-30317,12.72,12.72,1,3,0,,No strong administrative-activity warning detected.
C-30065,12.72,12.72,0,2,0,,No strong administrative-activity warning detected.
C-33426,12.71,12.71,1,0,0,,No strong administrative-activity warning detected.
C-30741,12.71,12.71,1,3,0,,No strong administrative-activity warning detected.
C-33414,12.7,12.7,0,1,0,,No strong administrative-activity warning detected.
C-31464,12.7,12.7,0,2,0,,No strong administrative-activity warning detected.
C-32875,12.7,12.7,0,2,0,,No strong administrative-activity warning detected.
C-32880,12.7,12.7,0,2,0,,No strong administrative-activity warning detected.
C-30027,12.68,12.68,0,2,0,,No strong administrative-activity warning detected.
C-33990,12.68,12.68,2,2,0,,No strong administrative-activity warning detected.
C-33470,12.67,12.67,1,2,0,,No strong administrative-activity warning detected.
C-32573,12.67,12.67,0,3,0,,No strong administrative-activity warning detected.
C-31477,12.67,12.67,0,3,0,,No strong administrative-activity warning detected.
C-31436,12.67,12.67,3,1,0,,No strong administrative-activity warning detected.
C-30480,12.66,12.66,2,5,0,,No strong administrative-activity warning detected.
C-30218,12.66,12.66,1,2,0,,No strong administrative-activity warning detected.
C-34057,12.65,12.65,2,5,0,,No strong administrative-activity warning detected.
C-33342,12.65,12.65,1,0,0,,No strong administrative-activity warning detected.
C-32483,12.65,12.65,0,0,0,,No strong administrative-activity warning detected.
C-31892,12.64,12.64,1,7,1,7 contact attempts,Administrative activity may have a legitimate explanation and should not be treated as evidence of improper payment.
C-34190,12.64,12.64,1,4,0,,No strong administrative-activity warning detected.
C-34120,12.64,12.64,2,2,0,,No strong administrative-activity warning detected.
C-33389,12.64,12.64,1,0,0,,No strong administrative-activity warning detected.
C-34138,12.63,12.63,1,3,0,,No strong administrative-activity warning detected.
C-32536,12.63,12.63,2,1,0,,No strong administrative-activity warning detected.
C-31441,12.63,12.63,0,0,0,,No strong administrative-activity warning detected.
C-33151,12.63,12.63,0,4,0,,No strong administrative-activity warning detected.
C-31547,12.62,12.62,0,1,0,,No strong administrative-activity warning detected.
C-31828,12.62,12.62,0,3,0,,No strong administrative-activity warning detected.
C-32698,12.62,12.62,2,0,0,,No strong administrative-activity warning detected.
C-30609,12.61,12.61,1,0,0,,No strong administrative-activity warning detected.
C-32769,12.61,12.61,0,2,0,,No strong administrative-activity warning detected.
C-33967,12.61,12.61,2,5,0,,No strong administrative-activity warning detected.
C-33861,12.6,12.6,0,2,0,,No strong administrative-activity warning detected.
C-31413,12.6,12.6,1,2,0,,No strong administrative-activity warning detected.
C-33315,12.6,12.6,1,3,0,,No strong administrative-activity warning detected.
C-32278,12.59,12.59,2,4,0,,No strong administrative-activity warning detected.
C-30872,12.58,12.58,1,2,0,,No strong administrative-activity warning detected.
C-33064,12.58,12.58,1,3,0,,No strong administrative-activity warning detected.
C-32955,12.58,12.58,0,3,0,,No strong administrative-activity warning detected.
C-30473,12.58,12.58,0,0,0,,No strong administrative-activity warning detected.
C-33558,12.58,12.58,2,3,0,,No strong administrative-activity warning detected.
C-32341,12.58,12.58,1,4,0,,No strong administrative-activity warning detected.
C-31483,12.57,12.57,1,3,0,,No strong administrative-activity warning detected.
C-32972,12.57,12.57,1,2,0,,No strong administrative-activity warning detected.
C-31509,12.57,12.57,3,2,0,,No strong administrative-activity warning detected.
C-31992,12.57,12.57,1,2,0,,No strong administrative-activity warning detected.
C-33316,12.57,12.57,0,6,1,6 contact attempts,Administrative activity may have a legitimate explanation and should not be treated as evidence of improper payment.
C-31803,12.56,12.56,0,4,0,,No strong administrative-activity warning detected.
C-31945,12.56,12.56,1,1,0,,No strong administrative-activity warning detected.
C-30532,12.56,12.56,1,2,0,,No strong administrative-activity warning detected.
C-30007,12.56,12.56,0,4,0,,No strong administrative-activity warning detected.
C-30212,12.56,12.56,1,0,0,,No strong administrative-activity warning detected.
C-34091,12.55,12.55,4,4,1,4 payment adjustments,Administrative activity may have a legitimate explanation and should not be treated as evidence of improper payment.
C-31254,12.55,12.55,0,2,0,,No strong administrative-activity warning detected.
C-30805,12.55,12.55,2,2,0,,No strong administrative-activity warning detected.
C-33455,12.55,12.55,0,3,0,,No strong administrative-activity warning detected.
C-33657,12.55,12.55,1,3,0,,No strong administrative-activity warning detected.
C-30586,12.54,12.54,0,1,0,,No strong administrative-activity warning detected.
C-32609,12.54,12.54,1,4,0,,No strong administrative-activity warning detected.
C-33518,12.54,12.54,0,1,0,,No strong administrative-activity warning detected.
C-31219,12.54,12.54,3,1,0,,No strong administrative-activity warning detected.
C-30393,12.53,12.53,0,2,0,,No strong administrative-activity warning detected.
C-31659,12.53,12.53,2,2,0,,No strong administrative-activity warning detected.
C-32142,12.52,12.52,4,5,1,4 payment adjustments,Administrative activity may have a legitimate explanation and should not be treated as evidence of improper payment.
C-32267,12.52,12.52,1,1,0,,No strong administrative-activity warning detected.
C-31143,12.52,12.52,2,4,0,,No strong administrative-activity warning detected.
C-30194,12.52,12.52,2,1,0,,No strong administrative-activity warning detected.
C-31510,12.52,12.52,1,5,0,,No strong administrative-activity warning detected.
C-32862,12.52,12.52,1,3,0,,No strong administrative-activity warning detected.
C-30824,12.52,12.52,4,4,1,4 payment adjustments,Administrative activity may have a legitimate explanation and should not be treated as evidence of improper payment.
C-33542,12.51,12.51,0,2,0,,No strong administrative-activity warning detected.
C-32235,12.51,12.51,1,2,0,,No strong administrative-activity warning detected.
C-31426,12.51,12.51,1,3,0,,No strong administrative-activity warning detected.
C-33556,12.51,12.51,1,2,0,,No strong administrative-activity warning detected.
C-33167,12.5,12.5,1,2,0,,No strong administrative-activity warning detected.
C-31781,12.5,12.5,2,1,0,,No strong administrative-activity warning detected.
C-30991,12.5,12.5,0,2,0,,No strong administrative-activity warning detected.
C-31703,12.5,12.5,0,1,0,,No strong administrative-activity warning detected.
C-32145,12.5,12.5,3,2,0,,No strong administrative-activity warning detected.
C-32907,12.5,12.5,0,2,0,,No strong administrative-activity warning detected.
C-33925,12.49,12.49,1,0,0,,No strong administrative-activity warning detected.
C-32541,12.49,12.49,2,2,0,,No strong administrative-activity warning detected.
C-30605,12.49,12.49,2,1,0,,No strong administrative-activity warning detected.
C-31915,12.49,12.49,2,5,0,,No strong administrative-activity warning detected.
C-31843,12.48,12.48,0,2,0,,No strong administrative-activity warning detected.
C-33505,12.48,12.48,1,3,0,,No strong administrative-activity warning detected.
C-30064,12.47,12.47,0,2,0,,No strong administrative-activity warning detected.
C-32286,12.47,12.47,0,4,0,,No strong administrative-activity warning detected.
C-31520,12.47,12.47,0,0,0,,No strong administrative-activity warning detected.
C-31332,12.47,12.47,1,3,0,,No strong administrative-activity warning detected.
C-30633,12.46,12.46,1,3,0,,No strong administrative-activity warning detected.
C-32864,12.46,12.46,1,2,0,,No strong administrative-activity warning detected.
C-30354,12.46,12.46,0,1,0,,No strong administrative-activity warning detected.
C-32253,12.45,12.45,0,3,0,,No strong administrative-activity warning detected.
C-32238,12.44,12.44,0,1,0,,No strong administrative-activity warning detected.
C-30977,12.44,12.44,0,1,0,,No strong administrative-activity warning detected.
C-31888,12.44,12.44,2,4,0,,No strong administrative-activity warning detected.
C-33895,12.44,12.44,0,2,0,,No strong administrative-activity warning detected.
C-32328,12.44,12.44,1,4,0,,No strong administrative-activity warning detected.
C-33995,12.43,12.43,2,3,0,,No strong administrative-activity warning detected.
C-33544,12.43,12.43,0,2,0,,No strong administrative-activity warning detected.
C-33120,12.43,12.43,0,4,0,,No strong administrative-activity warning detected.
C-30160,12.43,12.43,2,2,0,,No strong administrative-activity warning detected.
C-30126,12.43,12.43,0,2,0,,No strong administrative-activity warning detected.
C-32662,12.43,12.43,2,3,0,,No strong administrative-activity warning detected.
C-32656,12.42,12.42,0,0,0,,No strong administrative-activity warning detected.
C-30504,12.42,12.42,0,2,0,,No strong administrative-activity warning detected.
C-31770,12.42,12.42,2,4,0,,No strong administrative-activity warning detected.
C-31307,12.42,12.42,0,3,0,,No strong administrative-activity warning detected.
C-30088,12.42,12.42,1,2,0,,No strong administrative-activity warning detected.
C-30055,12.41,12.41,0,2,0,,No strong administrative-activity warning detected.
C-32576,12.41,12.41,0,1,0,,No strong administrative-activity warning detected.
C-33561,12.41,12.41,0,3,0,,No strong administrative-activity warning detected.
C-33619,12.41,12.41,3,0,0,,No strong administrative-activity warning detected.
C-31664,12.41,12.41,1,5,0,,No strong administrative-activity warning detected.
C-31354,12.41,12.41,2,3,0,,No strong administrative-activity warning detected.
C-30286,12.41,12.41,1,1,0,,No strong administrative-activity warning detected.
C-33799,12.41,12.41,0,0,0,,No strong administrative-activity warning detected.
C-31812,12.41,12.41,0,1,0,,No strong administrative-activity warning detected.
C-34129,12.4,12.4,0,5,0,,No strong administrative-activity warning detected.
C-30564,12.4,12.4,0,3,0,,No strong administrative-activity warning detected.
C-33240,12.4,12.4,2,4,0,,No strong administrative-activity warning detected.
C-30137,12.4,12.4,0,4,0,,No strong administrative-activity warning detected.
C-30369,12.4,12.4,1,3,0,,No strong administrative-activity warning detected.
C-31799,12.4,12.4,0,2,0,,No strong administrative-activity warning detected.
C-30332,12.4,12.4,0,0,0,,No strong administrative-activity warning detected.
C-31978,12.4,12.4,1,4,0,,No strong administrative-activity warning detected.
C-31002,12.4,12.4,2,1,0,,No strong administrative-activity warning detected.
C-30970,12.4,12.4,1,1,0,,No strong administrative-activity warning detected.
C-34160,12.39,12.39,0,1,0,,No strong administrative-activity warning detected.
C-33722,12.39,12.39,1,6,1,6 contact attempts,Administrative activity may have a legitimate explanation and should not be treated as evidence of improper payment.
C-31372,12.39,12.39,2,0,0,,No strong administrative-activity warning detected.
C-30664,12.39,12.39,1,1,0,,No strong administrative-activity warning detected.
C-32073,12.38,12.38,1,2,0,,No strong administrative-activity warning detected.
C-32072,12.38,12.38,1,1,0,,No strong administrative-activity warning detected.
C-31663,12.38,12.38,0,1,0,,No strong administrative-activity warning detected.
C-31921,12.38,12.38,1,2,0,,No strong administrative-activity warning detected.
C-31733,12.38,12.38,0,0,0,,No strong administrative-activity warning detected.
C-33720,12.38,12.38,2,4,0,,No strong administrative-activity warning detected.
C-32866,12.38,12.38,1,1,0,,No strong administrative-activity warning detected.
C-33774,12.38,12.38,1,2,0,,No strong administrative-activity warning detected.
C-31710,12.37,12.37,1,4,0,,No strong administrative-activity warning detected.
C-33734,12.37,12.37,0,2,0,,No strong administrative-activity warning detected.
C-33071,12.37,12.37,1,1,0,,No strong administrative-activity warning detected.
C-30278,12.36,12.36,1,1,0,,No strong administrative-activity warning detected.
C-34191,12.36,12.36,1,5,0,,No strong administrative-activity warning detected.
C-30973,12.36,12.36,0,4,0,,No strong administrative-activity warning detected.
C-31399,12.36,12.36,0,4,0,,No strong administrative-activity warning detected.
C-30804,12.36,12.36,1,2,0,,No strong administrative-activity warning detected.
C-30234,12.36,12.36,1,3,0,,No strong administrative-activity warning detected.
C-30766,12.36,12.36,0,0,0,,No strong administrative-activity warning detected.
C-31539,12.36,12.36,0,2,0,,No strong administrative-activity warning detected.
C-30746,12.36,12.36,0,1,0,,No strong administrative-activity warning detected.
C-33795,12.36,12.36,1,2,0,,No strong administrative-activity warning detected.
C-33345,12.36,12.36,0,2,0,,No strong administrative-activity warning detected.
C-33641,12.35,12.35,2,3,0,,No strong administrative-activity warning detected.
C-31272,12.35,12.35,2,4,0,,No strong administrative-activity warning detected.
C-33465,12.35,12.35,1,0,0,,No strong administrative-activity warning detected.
C-31282,12.35,12.35,1,2,0,,No strong administrative-activity warning detected.
C-32033,12.35,12.35,0,4,0,,No strong administrative-activity warning detected.
C-34137,12.35,12.35,1,4,0,,No strong administrative-activity warning detected.
C-31156,12.34,12.34,1,3,0,,No strong administrative-activity warning detected.
C-34087,12.34,12.34,2,3,0,,No strong administrative-activity warning detected.
C-31579,12.34,12.34,0,1,0,,No strong administrative-activity warning detected.
C-31782,12.34,12.34,1,4,0,,No strong administrative-activity warning detected.
C-33384,12.34,12.34,1,2,0,,No strong administrative-activity warning detected.
C-31805,12.34,12.34,0,2,0,,No strong administrative-activity warning detected.
C-33359,12.34,12.34,1,1,0,,No strong administrative-activity warning detected.
C-32063,12.33,12.33,3,2,0,,No strong administrative-activity warning detected.
C-31085,12.33,12.33,1,2,0,,No strong administrative-activity warning detected.
C-31197,12.33,12.33,0,1,0,,No strong administrative-activity warning detected.
C-30684,12.33,12.33,0,2,0,,No strong administrative-activity warning detected.
C-31987,12.33,12.33,1,3,0,,No strong administrative-activity warning detected.
C-32803,12.32,12.32,0,2,0,,No strong administrative-activity warning detected.
C-33773,12.32,12.32,1,5,0,,No strong administrative-activity warning detected.
C-31705,12.32,12.32,0,1,0,,No strong administrative-activity warning detected.
C-31199,12.32,12.32,0,2,0,,No strong administrative-activity warning detected.
C-33885,12.32,12.32,1,3,0,,No strong administrative-activity warning detected.
C-32987,12.32,12.32,1,2,0,,No strong administrative-activity warning detected.
C-32387,12.31,12.31,2,6,1,6 contact attempts,Administrative activity may have a legitimate explanation and should not be treated as evidence of improper payment.
C-32602,12.31,12.31,2,7,1,7 contact attempts,Administrative activity may have a legitimate explanation and should not be treated as evidence of improper payment.
C-32797,12.3,12.3,0,0,0,,No strong administrative-activity warning detected.
C-33857,12.3,12.3,0,2,0,,No strong administrative-activity warning detected.
C-30495,12.3,12.3,2,4,0,,No strong administrative-activity warning detected.
C-30631,12.3,12.3,0,2,0,,No strong administrative-activity warning detected.
C-33050,12.3,12.3,2,3,0,,No strong administrative-activity warning detected.
C-33260,12.29,12.29,3,2,0,,No strong administrative-activity warning detected.
C-33627,12.29,12.29,1,5,0,,No strong administrative-activity warning detected.
C-33173,12.29,12.29,0,4,0,,No strong administrative-activity warning detected.
C-30920,12.29,12.29,2,5,0,,No strong administrative-activity warning detected.
C-32715,12.29,12.29,1,3,0,,No strong administrative-activity warning detected.
C-34188,12.29,12.29,1,0,0,,No strong administrative-activity warning detected.
C-30323,12.29,12.29,1,0,0,,No strong administrative-activity warning detected.
C-33418,12.29,12.29,2,2,0,,No strong administrative-activity warning detected.
C-30604,12.29,12.29,1,4,0,,No strong administrative-activity warning detected.
C-31216,12.28,12.28,0,1,0,,No strong administrative-activity warning detected.
C-31653,12.28,12.28,0,1,0,,No strong administrative-activity warning detected.
C-33943,12.28,12.28,3,3,0,,No strong administrative-activity warning detected.
C-33261,12.28,12.28,0,2,0,,No strong administrative-activity warning detected.
C-31603,12.28,12.28,0,0,0,,No strong administrative-activity warning detected.
C-33709,12.28,12.28,0,2,0,,No strong administrative-activity warning detected.
C-31267,12.28,12.28,2,4,0,,No strong administrative-activity warning detected.
C-32708,12.28,12.28,3,4,0,,No strong administrative-activity warning detected.
C-31911,12.28,12.28,0,4,0,,No strong administrative-activity warning detected.
C-33506,12.28,12.28,1,2,0,,No strong administrative-activity warning detected.
C-31572,12.28,12.28,1,5,0,,No strong administrative-activity warning detected.
C-31106,12.28,12.28,3,4,0,,No strong administrative-activity warning detected.
C-32393,12.28,12.28,0,2,0,,No strong administrative-activity warning detected.
C-30036,12.28,12.28,2,1,0,,No strong administrative-activity warning detected.
C-30228,12.27,12.27,0,0,0,,No strong administrative-activity warning detected.
C-33118,12.27,12.27,0,3,0,,No strong administrative-activity warning detected.
C-33145,12.27,12.27,2,1,0,,No strong administrative-activity warning detected.
C-32771,12.27,12.27,0,4,0,,No strong administrative-activity warning detected.
C-30374,12.27,12.27,1,1,0,,No strong administrative-activity warning detected.
C-30260,12.27,12.27,0,5,0,,No strong administrative-activity warning detected.
C-33303,12.27,12.27,1,2,0,,No strong administrative-activity warning detected.
C-33536,12.27,12.27,0,1,0,,No strong administrative-activity warning detected.
C-32764,12.27,12.27,1,2,0,,No strong administrative-activity warning detected.
C-34079,12.26,12.26,1,0,0,,No strong administrative-activity warning detected.
C-31334,12.26,12.26,2,2,0,,No strong administrative-activity warning detected.
C-31422,12.26,12.26,0,2,0,,No strong administrative-activity warning detected.
C-30357,12.26,12.26,3,4,0,,No strong administrative-activity warning detected.
C-32474,12.26,12.26,0,1,0,,No strong administrative-activity warning detected.
C-33197,12.25,12.25,2,5,0,,No strong administrative-activity warning detected.
C-30543,12.25,12.25,1,2,0,,No strong administrative-activity warning detected.
C-33667,12.25,12.25,2,4,0,,No strong administrative-activity warning detected.
C-31614,12.25,12.25,1,2,0,,No strong administrative-activity warning detected.
C-32224,12.25,12.25,1,3,0,,No strong administrative-activity warning detected.
C-31994,12.25,12.25,0,1,0,,No strong administrative-activity warning detected.
C-33485,12.25,12.25,2,4,0,,No strong administrative-activity warning detected.
C-32823,12.25,12.25,1,2,0,,No strong administrative-activity warning detected.
C-30001,12.25,12.25,0,0,0,,No strong administrative-activity warning detected.
C-31518,12.24,12.24,1,3,0,,No strong administrative-activity warning detected.
C-30754,12.24,12.24,1,1,0,,No strong administrative-activity warning detected.
C-32501,12.24,12.24,2,1,0,,No strong administrative-activity warning detected.
C-34115,12.24,12.24,2,4,0,,No strong administrative-activity warning detected.
C-30135,12.24,12.24,2,1,0,,No strong administrative-activity warning detected.
C-32022,12.24,12.24,1,3,0,,No strong administrative-activity warning detected.
C-31204,12.24,12.24,0,1,0,,No strong administrative-activity warning detected.
C-30957,12.24,12.24,2,4,0,,No strong administrative-activity warning detected.
C-33088,12.24,12.24,0,0,0,,No strong administrative-activity warning detected.
C-32362,12.24,12.24,2,2,0,,No strong administrative-activity warning detected.
C-31540,12.24,12.24,2,3,0,,No strong administrative-activity warning detected.
C-32421,12.23,12.23,2,1,0,,No strong administrative-activity warning detected.
C-32596,12.23,12.23,5,6,1,5 payment adjustments and 6 contact attempts,Administrative activity may have a legitimate explanation and should not be treated as evidence of improper payment.
C-30292,12.23,12.23,2,2,0,,No strong administrative-activity warning detected.
C-32298,12.23,12.23,0,2,0,,No strong administrative-activity warning detected.
C-33147,12.23,12.23,0,2,0,,No strong administrative-activity warning detected.
C-31599,12.23,12.23,0,3,0,,No strong administrative-activity warning detected.
C-32330,12.23,12.23,3,2,0,,No strong administrative-activity warning detected.
C-32017,12.22,12.22,0,1,0,,No strong administrative-activity warning detected.
C-33636,12.22,12.22,0,1,0,,No strong administrative-activity warning detected.
C-33043,12.22,12.22,1,3,0,,No strong administrative-activity warning detected.
C-30573,12.22,12.22,2,7,1,7 contact attempts,Administrative activity may have a legitimate explanation and should not be treated as evidence of improper payment.
C-30364,12.22,12.22,0,2,0,,No strong administrative-activity warning detected.
C-30428,12.22,12.22,0,2,0,,No strong administrative-activity warning detected.
C-31598,12.21,12.21,1,3,0,,No strong administrative-activity warning detected.
C-32548,12.21,12.21,1,1,0,,No strong administrative-activity warning detected.
C-32227,12.21,12.21,2,0,0,,No strong administrative-activity warning detected.
C-33320,12.21,12.21,0,2,0,,No strong administrative-activity warning detected.
C-32509,12.21,12.21,1,2,0,,No strong administrative-activity warning detected.
C-33332,12.21,12.21,0,2,0,,No strong administrative-activity warning detected.
C-31149,12.21,12.21,2,6,1,6 contact attempts,Administrative activity may have a legitimate explanation and should not be treated as evidence of improper payment.
C-31053,12.21,12.21,0,4,0,,No strong administrative-activity warning detected.
C-31266,12.21,12.21,0,3,0,,No strong administrative-activity warning detected.
C-33677,12.2,12.2,1,6,1,6 contact attempts,Administrative activity may have a legitimate explanation and should not be treated as evidence of improper payment.
C-33293,12.2,12.2,1,1,0,,No strong administrative-activity warning detected.
C-32533,12.2,12.2,0,2,0,,No strong administrative-activity warning detected.
C-32279,12.2,12.2,0,2,0,,No strong administrative-activity warning detected.
C-31390,12.2,12.2,1,2,0,,No strong administrative-activity warning detected.
C-33654,12.2,12.2,0,3,0,,No strong administrative-activity warning detected.
C-32036,12.2,12.2,1,5,0,,No strong administrative-activity warning detected.
C-33244,12.19,12.19,1,2,0,,No strong administrative-activity warning detected.
C-32845,12.19,12.19,1,5,0,,No strong administrative-activity warning detected.
C-32434,12.19,12.19,1,5,0,,No strong administrative-activity warning detected.
C-33220,12.18,12.18,2,4,0,,No strong administrative-activity warning detected.
C-33920,12.18,12.18,1,4,0,,No strong administrative-activity warning detected.
C-31004,12.18,12.18,0,2,0,,No strong administrative-activity warning detected.
C-30202,12.18,12.18,1,4,0,,No strong administrative-activity warning detected.
C-32110,12.18,12.18,5,3,1,5 payment adjustments,Administrative activity may have a legitimate explanation and should not be treated as evidence of improper payment.
C-32119,12.18,12.18,0,0,0,,No strong administrative-activity warning detected.
C-32810,12.18,12.18,0,0,0,,No strong administrative-activity warning detected.
C-31975,12.18,12.18,3,0,0,,No strong administrative-activity warning detected.
C-30030,12.17,12.17,0,3,0,,No strong administrative-activity warning detected.
C-30321,12.17,12.17,1,1,0,,No strong administrative-activity warning detected.
C-33608,12.17,12.17,2,1,0,,No strong administrative-activity warning detected.
C-34011,12.17,12.17,1,3,0,,No strong administrative-activity warning detected.
C-31840,12.17,12.17,0,3,0,,No strong administrative-activity warning detected.
C-33678,12.17,12.17,0,3,0,,No strong administrative-activity warning detected.
C-31368,12.17,12.17,1,3,0,,No strong administrative-activity warning detected.
C-31501,12.16,12.16,2,0,0,,No strong administrative-activity warning detected.
C-32603,12.16,12.16,1,2,0,,No strong administrative-activity warning detected.
C-33432,12.16,12.16,3,2,0,,No strong administrative-activity warning detected.
C-32932,12.16,12.16,0,0,0,,No strong administrative-activity warning detected.
C-33111,12.16,12.16,1,1,0,,No strong administrative-activity warning detected.
C-32301,12.16,12.16,1,1,0,,No strong administrative-activity warning detected.
C-33246,12.16,12.16,1,1,0,,No strong administrative-activity warning detected.
C-32859,12.16,12.16,0,0,0,,No strong administrative-activity warning detected.
C-32616,12.15,12.15,0,2,0,,No strong administrative-activity warning detected.
C-32848,12.15,12.15,2,3,0,,No strong administrative-activity warning detected.
C-32925,12.15,12.15,1,4,0,,No strong administrative-activity warning detected.
C-30821,12.15,12.15,0,0,0,,No strong administrative-activity warning detected.
C-33626,12.15,12.15,2,1,0,,No strong administrative-activity warning detected.
C-34089,12.15,12.15,1,3,0,,No strong administrative-activity warning detected.
C-33192,12.15,12.15,0,1,0,,No strong administrative-activity warning detected.
C-30456,12.15,12.15,0,2,0,,No strong administrative-activity warning detected.
C-30153,12.15,12.15,0,4,0,,No strong administrative-activity warning detected.
C-33714,12.14,12.14,1,0,0,,No strong administrative-activity warning detected.
C-33459,12.14,12.14,4,4,1,4 payment adjustments,Administrative activity may have a legitimate explanation and should not be treated as evidence of improper payment.
C-31493,12.14,12.14,2,0,0,,No strong administrative-activity warning detected.
C-33686,12.14,12.14,1,1,0,,No strong administrative-activity warning detected.
C-31279,12.14,12.14,3,3,0,,No strong administrative-activity warning detected.
C-30496,12.14,12.14,2,1,0,,No strong administrative-activity warning detected.
C-34024,12.14,12.14,1,2,0,,No strong administrative-activity warning detected.
C-30606,12.14,12.14,0,1,0,,No strong administrative-activity warning detected.
C-30853,12.14,12.14,1,1,0,,No strong administrative-activity warning detected.
C-33417,12.13,12.13,0,1,0,,No strong administrative-activity warning detected.
C-34162,12.13,12.13,0,5,0,,No strong administrative-activity warning detected.
C-34158,12.13,12.13,2,2,0,,No strong administrative-activity warning detected.
C-33075,12.13,12.13,1,5,0,,No strong administrative-activity warning detected.
C-30140,12.12,12.12,0,0,0,,No strong administrative-activity warning detected.
C-34046,12.12,12.12,1,0,0,,No strong administrative-activity warning detected.
C-33152,12.12,12.12,2,1,0,,No strong administrative-activity warning detected.
C-31854,12.12,12.12,0,3,0,,No strong administrative-activity warning detected.
C-33968,12.12,12.12,0,1,0,,No strong administrative-activity warning detected.
C-31500,12.11,12.11,0,4,0,,No strong administrative-activity warning detected.
C-30718,12.11,12.11,1,0,0,,No strong administrative-activity warning detected.
C-33381,12.11,12.11,1,3,0,,No strong administrative-activity warning detected.
C-31425,12.11,12.11,0,1,0,,No strong administrative-activity warning detected.
C-31352,12.11,12.11,1,4,0,,No strong administrative-activity warning detected.
C-33183,12.11,12.11,0,6,1,6 contact attempts,Administrative activity may have a legitimate explanation and should not be treated as evidence of improper payment.
C-32777,12.11,12.11,0,2,0,,No strong administrative-activity warning detected.
C-33287,12.11,12.11,3,3,0,,No strong administrative-activity warning detected.
C-31135,12.11,12.11,0,1,0,,No strong administrative-activity warning detected.
C-32767,12.1,12.1,2,3,0,,No strong administrative-activity warning detected.
C-33902,12.1,12.1,1,1,0,,No strong administrative-activity warning detected.
C-32701,12.1,12.1,0,1,0,,No strong administrative-activity warning detected.
C-33010,12.1,12.1,0,1,0,,No strong administrative-activity warning detected.
C-33760,12.1,12.1,2,0,0,,No strong administrative-activity warning detected.
C-31984,12.1,12.1,3,1,0,,No strong administrative-activity warning detected.
C-30024,12.1,12.1,1,3,0,,No strong administrative-activity warning detected.
C-33588,12.09,12.09,2,5,0,,No strong administrative-activity warning detected.
C-33559,12.09,12.09,0,1,0,,No strong administrative-activity warning detected.
C-32947,12.09,12.09,1,4,0,,No strong administrative-activity warning detected.
C-31141,12.09,12.09,2,5,0,,No strong administrative-activity warning detected.
C-30779,12.09,12.09,3,4,0,,No strong administrative-activity warning detected.
C-33831,12.09,12.09,0,2,0,,No strong administrative-activity warning detected.
C-32666,12.09,12.09,3,6,1,6 contact attempts,Administrative activity may have a legitimate explanation and should not be treated as evidence of improper payment.
C-31328,12.09,12.09,1,3,0,,No strong administrative-activity warning detected.
C-32217,12.09,12.09,1,0,0,,No strong administrative-activity warning detected.
C-30478,12.09,12.09,0,1,0,,No strong administrative-activity warning detected.
C-32890,12.08,12.08,0,2,0,,No strong administrative-activity warning detected.
C-32004,12.08,12.08,2,2,0,,No strong administrative-activity warning detected.
C-30617,12.08,12.08,2,3,0,,No strong administrative-activity warning detected.
C-32025,12.08,12.08,2,2,0,,No strong administrative-activity warning detected.
C-31392,12.08,12.08,1,2,0,,No strong administrative-activity warning detected.
C-34125,12.08,12.08,0,2,0,,No strong administrative-activity warning detected.
C-30840,12.08,12.08,1,2,0,,No strong administrative-activity warning detected.
C-30057,12.08,12.08,1,1,0,,No strong administrative-activity warning detected.
C-31389,12.08,12.08,0,2,0,,No strong administrative-activity warning detected.
C-34019,12.07,12.07,1,1,0,,No strong administrative-activity warning detected.
C-30624,12.07,12.07,0,0,0,,No strong administrative-activity warning detected.
C-30875,12.07,12.07,0,0,0,,No strong administrative-activity warning detected.
C-31514,12.07,12.07,0,2,0,,No strong administrative-activity warning detected.
C-32378,12.07,12.07,1,3,0,,No strong administrative-activity warning detected.
C-34001,12.07,12.07,0,3,0,,No strong administrative-activity warning detected.
C-33524,12.07,12.07,3,5,0,,No strong administrative-activity warning detected.
C-33144,12.07,12.07,0,2,0,,No strong administrative-activity warning detected.
C-32700,12.07,12.07,1,4,0,,No strong administrative-activity warning detected.
C-32828,12.07,12.07,1,0,0,,No strong administrative-activity warning detected.
C-33807,12.06,12.06,1,6,1,6 contact attempts,Administrative activity may have a legitimate explanation and should not be treated as evidence of improper payment.
C-32921,12.06,12.06,0,3,0,,No strong administrative-activity warning detected.
C-33247,12.06,12.06,2,1,0,,No strong administrative-activity warning detected.
C-31757,12.06,12.06,1,1,0,,No strong administrative-activity warning detected.
C-30784,12.06,12.06,0,3,0,,No strong administrative-activity warning detected.
C-31410,12.06,12.06,0,0,0,,No strong administrative-activity warning detected.
C-31820,12.06,12.06,0,3,0,,No strong administrative-activity warning detected.
C-31723,12.06,12.06,0,1,0,,No strong administrative-activity warning detected.
C-33827,12.05,12.05,1,1,0,,No strong administrative-activity warning detected.
C-33965,12.05,12.05,0,4,0,,No strong administrative-activity warning detected.
C-33949,12.05,12.05,0,4,0,,No strong administrative-activity warning detected.
C-31836,12.04,12.04,2,2,0,,No strong administrative-activity warning detected.
C-33013,12.04,12.04,1,1,0,,No strong administrative-activity warning detected.
C-33077,12.04,12.04,4,1,1,4 payment adjustments,Administrative activity may have a legitimate explanation and should not be treated as evidence of improper payment.
C-31482,12.04,12.04,0,1,0,,No strong administrative-activity warning detected.
C-31205,12.04,12.04,1,3,0,,No strong administrative-activity warning detected.
C-31382,12.04,12.04,3,1,0,,No strong administrative-activity warning detected.
C-31682,12.04,12.04,2,5,0,,No strong administrative-activity warning detected.
C-32293,12.04,12.04,1,4,0,,No strong administrative-activity warning detected.
C-30422,12.04,12.04,3,5,0,,No strong administrative-activity warning detected.
C-32212,12.04,12.04,2,3,0,,No strong administrative-activity warning detected.
C-33188,12.04,12.04,0,1,0,,No strong administrative-activity warning detected.
C-30655,12.03,12.03,0,2,0,,No strong administrative-activity warning detected.
C-33014,12.03,12.03,0,1,0,,No strong administrative-activity warning detected.
C-32426,12.03,12.03,1,5,0,,No strong administrative-activity warning detected.
C-33796,12.03,12.03,0,2,0,,No strong administrative-activity warning detected.
C-33576,12.03,12.03,1,4,0,,No strong administrative-activity warning detected.
C-32877,12.03,12.03,1,2,0,,No strong administrative-activity warning detected.
C-31831,12.03,12.03,2,3,0,,No strong administrative-activity warning detected.
C-33110,12.03,12.03,3,4,0,,No strong administrative-activity warning detected.
C-32527,12.03,12.03,4,6,1,4 payment adjustments and 6 contact attempts,Administrative activity may have a legitimate explanation and should not be treated as evidence of improper payment.
C-31225,12.03,12.03,1,2,0,,No strong administrative-activity warning detected.
C-30230,12.03,12.03,0,1,0,,No strong administrative-activity warning detected.
C-33127,12.03,12.03,1,4,0,,No strong administrative-activity warning detected.
C-32223,12.03,12.03,1,2,0,,No strong administrative-activity warning detected.
C-30350,12.02,12.02,2,5,0,,No strong administrative-activity warning detected.
C-33003,12.02,12.02,3,4,0,,No strong administrative-activity warning detected.
C-30898,12.02,12.02,3,1,0,,No strong administrative-activity warning detected.
C-30603,12.02,12.02,1,3,0,,No strong administrative-activity warning detected.
C-30413,12.02,12.02,1,0,0,,No strong administrative-activity warning detected.
C-30070,12.02,12.02,1,3,0,,No strong administrative-activity warning detected.
C-34165,12.02,12.02,0,1,0,,No strong administrative-activity warning detected.
C-31046,12.02,12.02,2,4,0,,No strong administrative-activity warning detected.
C-33125,12.01,12.01,0,3,0,,No strong administrative-activity warning detected.
C-33193,12.01,12.01,1,0,0,,No strong administrative-activity warning detected.
C-30947,12.01,12.01,0,3,0,,No strong administrative-activity warning detected.
C-30905,12.01,12.01,0,2,0,,No strong administrative-activity warning detected.
C-31142,12.01,12.01,1,1,0,,No strong administrative-activity warning detected.
C-30696,12.01,12.01,2,3,0,,No strong administrative-activity warning detected.
C-31364,12.0,12.0,0,4,0,,No strong administrative-activity warning detected.
C-31300,12.0,12.0,2,4,0,,No strong administrative-activity warning detected.
C-32122,12.0,12.0,1,3,0,,No strong administrative-activity warning detected.
C-31015,12.0,12.0,1,2,0,,No strong administrative-activity warning detected.
C-32123,12.0,12.0,1,4,0,,No strong administrative-activity warning detected.
C-30491,12.0,12.0,1,1,0,,No strong administrative-activity warning detected.
C-30762,12.0,12.0,1,4,0,,No strong administrative-activity warning detected.
C-31159,12.0,12.0,0,3,0,,No strong administrative-activity warning detected.
C-31616,12.0,12.0,2,4,0,,No strong administrative-activity warning detected.
C-31268,11.99,11.99,1,3,0,,No strong administrative-activity warning detected.
C-32728,11.99,11.99,0,3,0,,No strong administrative-activity warning detected.
C-31238,11.99,11.99,0,1,0,,No strong administrative-activity warning detected.
C-32568,11.99,11.99,2,3,0,,No strong administrative-activity warning detected.
C-33557,11.99,11.99,1,0,0,,No strong administrative-activity warning detected.
C-33820,11.99,11.99,0,4,0,,No strong administrative-activity warning detected.
C-31721,11.99,11.99,2,0,0,,No strong administrative-activity warning detected.
C-33338,11.99,11.99,0,2,0,,No strong administrative-activity warning detected.
C-30149,11.98,11.98,1,3,0,,No strong administrative-activity warning detected.
C-32237,11.98,11.98,0,0,0,,No strong administrative-activity warning detected.
C-32215,11.98,11.98,2,1,0,,No strong administrative-activity warning detected.
C-33504,11.98,11.98,1,2,0,,No strong administrative-activity warning detected.
C-34047,11.98,11.98,2,5,0,,No strong administrative-activity warning detected.
C-33425,11.98,11.98,0,0,0,,No strong administrative-activity warning detected.
C-30394,11.98,11.98,2,0,0,,No strong administrative-activity warning detected.
C-32457,11.98,11.98,3,5,0,,No strong administrative-activity warning detected.
C-33396,11.98,11.98,3,0,0,,No strong administrative-activity warning detected.
C-32170,11.97,11.97,2,1,0,,No strong administrative-activity warning detected.
C-30399,11.97,11.97,3,0,0,,No strong administrative-activity warning detected.
C-33938,11.97,11.97,0,1,0,,No strong administrative-activity warning detected.
C-34039,11.97,11.97,1,1,0,,No strong administrative-activity warning detected.
C-33670,11.97,11.97,1,5,0,,No strong administrative-activity warning detected.
C-34131,11.97,11.97,0,1,0,,No strong administrative-activity warning detected.
C-30009,11.97,11.97,2,2,0,,No strong administrative-activity warning detected.
C-31374,11.97,11.97,2,0,0,,No strong administrative-activity warning detected.
C-33489,11.97,11.97,2,2,0,,No strong administrative-activity warning detected.
C-31726,11.97,11.97,0,2,0,,No strong administrative-activity warning detected.
C-33056,11.97,11.97,0,5,0,,No strong administrative-activity warning detected.
C-30959,11.96,11.96,0,3,0,,No strong administrative-activity warning detected.
C-34130,11.96,11.96,1,3,0,,No strong administrative-activity warning detected.
C-32852,11.96,11.96,1,4,0,,No strong administrative-activity warning detected.
C-30103,11.96,11.96,1,2,0,,No strong administrative-activity warning detected.
C-30377,11.96,11.96,0,1,0,,No strong administrative-activity warning detected.
C-33762,11.96,11.96,2,4,0,,No strong administrative-activity warning detected.
C-33484,11.96,11.96,0,1,0,,No strong administrative-activity warning detected.
C-33625,11.96,11.96,0,3,0,,No strong administrative-activity warning detected.
C-32577,11.95,11.95,1,1,0,,No strong administrative-activity warning detected.
C-32842,11.95,11.95,0,3,0,,No strong administrative-activity warning detected.
C-32968,11.95,11.95,1,1,0,,No strong administrative-activity warning detected.
C-30264,11.95,11.95,0,1,0,,No strong administrative-activity warning detected.
C-31145,11.95,11.95,1,3,0,,No strong administrative-activity warning detected.
C-30105,11.94,11.94,2,6,1,6 contact attempts,Administrative activity may have a legitimate explanation and should not be treated as evidence of improper payment.
C-32518,11.94,11.94,1,0,0,,No strong administrative-activity warning detected.
C-33511,11.94,11.94,0,0,0,,No strong administrative-activity warning detected.
C-31627,11.94,11.94,1,3,0,,No strong administrative-activity warning detected.
C-31284,11.94,11.94,1,2,0,,No strong administrative-activity warning detected.
C-33034,11.94,11.94,0,2,0,,No strong administrative-activity warning detected.
C-33921,11.94,11.94,2,1,0,,No strong administrative-activity warning detected.
C-33671,11.94,11.94,0,4,0,,No strong administrative-activity warning detected.
C-32725,11.93,11.93,0,1,0,,No strong administrative-activity warning detected.
C-33180,11.93,11.93,0,3,0,,No strong administrative-activity warning detected.
C-33206,11.93,11.93,2,1,0,,No strong administrative-activity warning detected.
C-30579,11.93,11.93,1,1,0,,No strong administrative-activity warning detected.
C-31862,11.93,11.93,0,0,0,,No strong administrative-activity warning detected.
C-31110,11.93,11.93,2,4,0,,No strong administrative-activity warning detected.
C-30470,11.93,11.93,1,2,0,,No strong administrative-activity warning detected.
C-31202,11.93,11.93,1,0,0,,No strong administrative-activity warning detected.
C-33026,11.93,11.93,2,1,0,,No strong administrative-activity warning detected.
C-34004,11.92,11.92,1,3,0,,No strong administrative-activity warning detected.
C-30833,11.92,11.92,2,3,0,,No strong administrative-activity warning detected.
C-31630,11.92,11.92,3,5,0,,No strong administrative-activity warning detected.
C-30466,11.92,11.92,0,2,0,,No strong administrative-activity warning detected.
C-30334,11.92,11.92,1,2,0,,No strong administrative-activity warning detected.
C-32904,11.92,11.92,0,3,0,,No strong administrative-activity warning detected.
C-33517,11.92,11.92,1,3,0,,No strong administrative-activity warning detected.
C-31189,11.92,11.92,0,1,0,,No strong administrative-activity warning detected.
C-30910,11.91,11.91,1,0,0,,No strong administrative-activity warning detected.
C-32257,11.91,11.91,1,2,0,,No strong administrative-activity warning detected.
C-30660,11.91,11.91,1,3,0,,No strong administrative-activity warning detected.
C-32490,11.9,11.9,1,3,0,,No strong administrative-activity warning detected.
C-32915,11.9,11.9,2,1,0,,No strong administrative-activity warning detected.
C-30368,11.9,11.9,0,2,0,,No strong administrative-activity warning detected.
C-32582,11.9,11.9,1,2,0,,No strong administrative-activity warning detected.
C-33751,11.9,11.9,1,1,0,,No strong administrative-activity warning detected.
C-33093,11.9,11.9,1,0,0,,No strong administrative-activity warning detected.
C-34000,11.9,11.9,1,2,0,,No strong administrative-activity warning detected.
C-31555,11.9,11.9,0,0,0,,No strong administrative-activity warning detected.
C-31551,11.89,11.89,2,3,0,,No strong administrative-activity warning detected.
C-30361,11.89,11.89,1,4,0,,No strong administrative-activity warning detected.
C-30025,11.89,11.89,0,3,0,,No strong administrative-activity warning detected.
C-33330,11.89,11.89,0,0,0,,No strong administrative-activity warning detected.
C-32209,11.89,11.89,0,0,0,,No strong administrative-activity warning detected.
C-32452,11.88,11.88,1,0,0,,No strong administrative-activity warning detected.
C-33776,11.88,11.88,1,6,1,6 contact attempts,Administrative activity may have a legitimate explanation and should not be treated as evidence of improper payment.
C-31062,11.88,11.88,0,0,0,,No strong administrative-activity warning detected.
C-32524,11.88,11.88,2,0,0,,No strong administrative-activity warning detected.
C-32211,11.88,11.88,0,1,0,,No strong administrative-activity warning detected.
C-33744,11.87,11.87,2,7,1,7 contact attempts,Administrative activity may have a legitimate explanation and should not be treated as evidence of improper payment.
C-33855,11.87,11.87,0,2,0,,No strong administrative-activity warning detected.
C-31262,11.87,11.87,3,3,0,,No strong administrative-activity warning detected.
C-32659,11.87,11.87,2,4,0,,No strong administrative-activity warning detected.
C-33728,11.87,11.87,4,2,1,4 payment adjustments,Administrative activity may have a legitimate explanation and should not be treated as evidence of improper payment.
C-33647,11.86,11.86,0,2,0,,No strong administrative-activity warning detected.
C-32153,11.86,11.86,0,3,0,,No strong administrative-activity warning detected.
C-33288,11.86,11.86,0,0,0,,No strong administrative-activity warning detected.
C-33775,11.86,11.86,1,2,0,,No strong administrative-activity warning detected.
C-33296,11.86,11.86,0,4,0,,No strong administrative-activity warning detected.
C-32392,11.86,11.86,1,1,0,,No strong administrative-activity warning detected.
C-31252,11.86,11.86,1,3,0,,No strong administrative-activity warning detected.
C-30551,11.86,11.86,0,1,0,,No strong administrative-activity warning detected.
C-32312,11.86,11.86,3,4,0,,No strong administrative-activity warning detected.
C-32901,11.86,11.86,1,3,0,,No strong administrative-activity warning detected.
C-33312,11.85,11.85,2,4,0,,No strong administrative-activity warning detected.
C-30145,11.85,11.85,1,4,0,,No strong administrative-activity warning detected.
C-31910,11.85,11.85,0,3,0,,No strong administrative-activity warning detected.
C-31099,11.85,11.85,3,4,0,,No strong administrative-activity warning detected.
C-30020,11.85,11.85,1,5,0,,No strong administrative-activity warning detected.
C-33382,11.85,11.85,0,3,0,,No strong administrative-activity warning detected.
C-30602,11.85,11.85,2,4,0,,No strong administrative-activity warning detected.
C-31760,11.84,11.84,0,0,0,,No strong administrative-activity warning detected.
C-31785,11.84,11.84,0,3,0,,No strong administrative-activity warning detected.
C-32854,11.84,11.84,2,2,0,,No strong administrative-activity warning detected.
C-32154,11.84,11.84,0,6,1,6 contact attempts,Administrative activity may have a legitimate explanation and should not be treated as evidence of improper payment.
C-30306,11.84,11.84,3,5,0,,No strong administrative-activity warning detected.
C-31808,11.83,11.83,0,6,1,6 contact attempts,Administrative activity may have a legitimate explanation and should not be treated as evidence of improper payment.
C-32970,11.83,11.83,2,2,0,,No strong administrative-activity warning detected.
C-32510,11.83,11.83,0,1,0,,No strong administrative-activity warning detected.
C-30949,11.83,11.83,0,0,0,,No strong administrative-activity warning detected.
C-31335,11.83,11.83,2,2,0,,No strong administrative-activity warning detected.
C-31712,11.82,11.82,1,1,0,,No strong administrative-activity warning detected.
C-30642,11.82,11.82,1,1,0,,No strong administrative-activity warning detected.
C-31234,11.82,11.82,3,0,0,,No strong administrative-activity warning detected.
C-31314,11.82,11.82,1,2,0,,No strong administrative-activity warning detected.
C-31574,11.82,11.82,1,2,0,,No strong administrative-activity warning detected.
C-33046,11.82,11.82,1,3,0,,No strong administrative-activity warning detected.
C-32996,11.82,11.82,2,1,0,,No strong administrative-activity warning detected.
C-33717,11.82,11.82,0,2,0,,No strong administrative-activity warning detected.
C-32156,11.82,11.82,1,1,0,,No strong administrative-activity warning detected.
C-34174,11.81,11.81,0,1,0,,No strong administrative-activity warning detected.
C-33575,11.81,11.81,2,2,0,,No strong administrative-activity warning detected.
C-31322,11.81,11.81,2,0,0,,No strong administrative-activity warning detected.
C-30907,11.81,11.81,2,3,0,,No strong administrative-activity warning detected.
C-33157,11.81,11.81,1,3,0,,No strong administrative-activity warning detected.
C-30423,11.8,11.8,1,2,0,,No strong administrative-activity warning detected.
C-33306,11.8,11.8,1,0,0,,No strong administrative-activity warning detected.
C-30935,11.8,11.8,1,4,0,,No strong administrative-activity warning detected.
C-32989,11.8,11.8,0,0,0,,No strong administrative-activity warning detected.
C-30370,11.79,11.79,0,1,0,,No strong administrative-activity warning detected.
C-33397,11.79,11.79,2,4,0,,No strong administrative-activity warning detected.
C-33410,11.79,11.79,0,1,0,,No strong administrative-activity warning detected.
C-31587,11.79,11.79,3,2,0,,No strong administrative-activity warning detected.
C-31523,11.78,11.78,0,4,0,,No strong administrative-activity warning detected.
C-31933,11.78,11.78,2,5,0,,No strong administrative-activity warning detected.
C-33950,11.78,11.78,1,7,1,7 contact attempts,Administrative activity may have a legitimate explanation and should not be treated as evidence of improper payment.
C-31076,11.78,11.78,0,1,0,,No strong administrative-activity warning detected.
C-30229,11.78,11.78,1,3,0,,No strong administrative-activity warning detected.
C-32232,11.78,11.78,0,2,0,,No strong administrative-activity warning detected.
C-32281,11.78,11.78,2,2,0,,No strong administrative-activity warning detected.
C-34194,11.78,11.78,0,2,0,,No strong administrative-activity warning detected.
C-34179,11.77,11.77,1,2,0,,No strong administrative-activity warning detected.
C-33683,11.77,11.77,1,2,0,,No strong administrative-activity warning detected.
C-32734,11.77,11.77,0,1,0,,No strong administrative-activity warning detected.
C-33706,11.77,11.77,2,1,0,,No strong administrative-activity warning detected.
C-33129,11.77,11.77,1,0,0,,No strong administrative-activity warning detected.
C-31768,11.77,11.77,1,0,0,,No strong administrative-activity warning detected.
C-31524,11.76,11.76,0,2,0,,No strong administrative-activity warning detected.
C-31181,11.75,11.75,0,3,0,,No strong administrative-activity warning detected.
C-31022,11.75,11.75,4,3,1,4 payment adjustments,Administrative activity may have a legitimate explanation and should not be treated as evidence of improper payment.
C-30843,11.75,11.75,1,0,0,,No strong administrative-activity warning detected.
C-32114,11.75,11.75,0,4,0,,No strong administrative-activity warning detected.
C-30795,11.75,11.75,2,0,0,,No strong administrative-activity warning detected.
C-31508,11.74,11.74,2,3,0,,No strong administrative-activity warning detected.
C-31777,11.74,11.74,0,3,0,,No strong administrative-activity warning detected.
C-30289,11.74,11.74,4,6,1,4 payment adjustments and 6 contact attempts,Administrative activity may have a legitimate explanation and should not be treated as evidence of improper payment.
C-32716,11.73,11.73,2,0,0,,No strong administrative-activity warning detected.
C-33018,11.73,11.73,0,2,0,,No strong administrative-activity warning detected.
C-31929,11.73,11.73,3,1,0,,No strong administrative-activity warning detected.
C-32093,11.73,11.73,4,3,1,4 payment adjustments,Administrative activity may have a legitimate explanation and should not be treated as evidence of improper payment.
C-31719,11.73,11.73,1,4,0,,No strong administrative-activity warning detected.
C-31642,11.73,11.73,2,3,0,,No strong administrative-activity warning detected.
C-30888,11.72,11.72,0,1,0,,No strong administrative-activity warning detected.
C-33842,11.72,11.72,1,2,0,,No strong administrative-activity warning detected.
C-34151,11.72,11.72,1,1,0,,No strong administrative-activity warning detected.
C-33623,11.72,11.72,2,0,0,,No strong administrative-activity warning detected.
C-30379,11.72,11.72,2,4,0,,No strong administrative-activity warning detected.
C-30184,11.72,11.72,2,4,0,,No strong administrative-activity warning detected.
C-31589,11.72,11.72,3,3,0,,No strong administrative-activity warning detected.
C-34163,11.72,11.72,0,3,0,,No strong administrative-activity warning detected.
C-31055,11.72,11.72,1,0,0,,No strong administrative-activity warning detected.
C-32126,11.71,11.71,0,2,0,,No strong administrative-activity warning detected.
C-32785,11.71,11.71,1,0,0,,No strong administrative-activity warning detected.
C-33906,11.71,11.71,1,0,0,,No strong administrative-activity warning detected.
C-33675,11.71,11.71,0,2,0,,No strong administrative-activity warning detected.
C-30097,11.7,11.7,3,4,0,,No strong administrative-activity warning detected.
C-30158,11.7,11.7,0,1,0,,No strong administrative-activity warning detected.
C-31269,11.7,11.7,1,3,0,,No strong administrative-activity warning detected.
C-33788,11.7,11.7,2,5,0,,No strong administrative-activity warning detected.
C-31128,11.7,11.7,0,0,0,,No strong administrative-activity warning detected.
C-31025,11.7,11.7,2,3,0,,No strong administrative-activity warning detected.
C-32758,11.7,11.7,0,3,0,,No strong administrative-activity warning detected.
C-32813,11.7,11.7,1,0,0,,No strong administrative-activity warning detected.
C-30842,11.7,11.7,0,3,0,,No strong administrative-activity warning detected.
C-30113,11.69,11.69,0,3,0,,No strong administrative-activity warning detected.
C-32626,11.69,11.69,2,5,0,,No strong administrative-activity warning detected.
C-31163,11.68,11.68,2,2,0,,No strong administrative-activity warning detected.
C-32555,11.67,11.67,2,6,1,6 contact attempts,Administrative activity may have a legitimate explanation and should not be treated as evidence of improper payment.
C-31097,11.67,11.67,2,1,0,,No strong administrative-activity warning detected.
C-31394,11.67,11.67,1,3,0,,No strong administrative-activity warning detected.
C-32988,11.67,11.67,1,1,0,,No strong administrative-activity warning detected.
C-31192,11.66,11.66,1,2,0,,No strong administrative-activity warning detected.
C-30121,11.66,11.66,5,5,1,5 payment adjustments,Administrative activity may have a legitimate explanation and should not be treated as evidence of improper payment.
C-32410,11.65,11.65,2,6,1,6 contact attempts,Administrative activity may have a legitimate explanation and should not be treated as evidence of improper payment.
C-34049,11.65,11.65,1,2,0,,No strong administrative-activity warning detected.
C-32591,11.65,11.65,0,4,0,,No strong administrative-activity warning detected.
C-32733,11.65,11.65,0,3,0,,No strong administrative-activity warning detected.
C-31029,11.65,11.65,0,0,0,,No strong administrative-activity warning detected.
C-33609,11.65,11.65,0,0,0,,No strong administrative-activity warning detected.
C-32440,11.65,11.65,2,5,0,,No strong administrative-activity warning detected.
C-33863,11.65,11.65,0,3,0,,No strong administrative-activity warning detected.
C-30796,11.65,11.65,1,1,0,,No strong administrative-activity warning detected.
C-31287,11.64,11.64,1,1,0,,No strong administrative-activity warning detected.
C-30671,11.64,11.64,0,2,0,,No strong administrative-activity warning detected.
C-33262,11.64,11.64,0,2,0,,No strong administrative-activity warning detected.
C-32394,11.64,11.64,2,5,0,,No strong administrative-activity warning detected.
C-31304,11.64,11.64,1,3,0,,No strong administrative-activity warning detected.
C-31727,11.63,11.63,0,1,0,,No strong administrative-activity warning detected.
C-31558,11.63,11.63,0,0,0,,No strong administrative-activity warning detected.
C-32889,11.62,11.62,0,1,0,,No strong administrative-activity warning detected.
C-31709,11.62,11.62,1,1,0,,No strong administrative-activity warning detected.
C-32869,11.62,11.62,2,1,0,,No strong administrative-activity warning detected.
C-30558,11.61,11.61,0,2,0,,No strong administrative-activity warning detected.
C-33390,11.61,11.61,2,5,0,,No strong administrative-activity warning detected.
C-30538,11.61,11.61,0,0,0,,No strong administrative-activity warning detected.
C-31948,11.61,11.61,3,2,0,,No strong administrative-activity warning detected.
C-30146,11.61,11.61,2,5,0,,No strong administrative-activity warning detected.
C-31740,11.61,11.61,1,0,0,,No strong administrative-activity warning detected.
C-33131,11.61,11.61,1,0,0,,No strong administrative-activity warning detected.
C-31907,11.6,11.6,2,2,0,,No strong administrative-activity warning detected.
C-33202,11.6,11.6,2,1,0,,No strong administrative-activity warning detected.
C-32349,11.6,11.6,1,6,1,6 contact attempts,Administrative activity may have a legitimate explanation and should not be treated as evidence of improper payment.
C-30993,11.6,11.6,1,1,0,,No strong administrative-activity warning detected.
C-30092,11.59,11.59,0,3,0,,No strong administrative-activity warning detected.
C-32680,11.59,11.59,0,2,0,,No strong administrative-activity warning detected.
C-33430,11.59,11.59,0,1,0,,No strong administrative-activity warning detected.
C-33552,11.59,11.59,1,3,0,,No strong administrative-activity warning detected.
C-32233,11.58,11.58,1,3,0,,No strong administrative-activity warning detected.
C-33815,11.58,11.58,2,2,0,,No strong administrative-activity warning detected.
C-32259,11.58,11.58,0,3,0,,No strong administrative-activity warning detected.
C-31281,11.57,11.57,0,4,0,,No strong administrative-activity warning detected.
C-31562,11.57,11.57,2,4,0,,No strong administrative-activity warning detected.
C-31098,11.57,11.57,0,4,0,,No strong administrative-activity warning detected.
C-31081,11.57,11.57,2,2,0,,No strong administrative-activity warning detected.
C-34014,11.57,11.57,0,3,0,,No strong administrative-activity warning detected.
C-30386,11.56,11.56,2,4,0,,No strong administrative-activity warning detected.
C-32321,11.56,11.56,0,1,0,,No strong administrative-activity warning detected.
C-30096,11.56,11.56,1,4,0,,No strong administrative-activity warning detected.
C-31214,11.56,11.56,0,2,0,,No strong administrative-activity warning detected.
C-30544,11.56,11.56,3,1,0,,No strong administrative-activity warning detected.
C-33039,11.56,11.56,0,2,0,,No strong administrative-activity warning detected.
C-32916,11.55,11.55,0,4,0,,No strong administrative-activity warning detected.
C-33586,11.55,11.55,1,2,0,,No strong administrative-activity warning detected.
C-30739,11.55,11.55,2,4,0,,No strong administrative-activity warning detected.
C-31054,11.55,11.55,1,1,0,,No strong administrative-activity warning detected.
C-33153,11.54,11.54,1,3,0,,No strong administrative-activity warning detected.
C-30110,11.53,11.53,1,1,0,,No strong administrative-activity warning detected.
C-33604,11.53,11.53,1,3,0,,No strong administrative-activity warning detected.
C-33184,11.53,11.53,1,1,0,,No strong administrative-activity warning detected.
C-30958,11.52,11.52,0,3,0,,No strong administrative-activity warning detected.
C-31011,11.52,11.52,1,3,0,,No strong administrative-activity warning detected.
C-32660,11.52,11.52,0,4,0,,No strong administrative-activity warning detected.
C-33250,11.52,11.52,0,0,0,,No strong administrative-activity warning detected.
C-33602,11.51,11.51,1,1,0,,No strong administrative-activity warning detected.
C-32290,11.5,11.5,0,0,0,,No strong administrative-activity warning detected.
C-33529,11.5,11.5,2,1,0,,No strong administrative-activity warning detected.
C-32800,11.5,11.5,1,1,0,,No strong administrative-activity warning detected.
C-31916,11.49,11.49,1,7,1,7 contact attempts,Administrative activity may have a legitimate explanation and should not be treated as evidence of improper payment.
C-32239,11.49,11.49,1,2,0,,No strong administrative-activity warning detected.
C-33420,11.49,11.49,0,3,0,,No strong administrative-activity warning detected.
C-30940,11.49,11.49,0,1,0,,No strong administrative-activity warning detected.
C-32598,11.48,11.48,2,4,0,,No strong administrative-activity warning detected.
C-30458,11.48,11.48,1,2,0,,No strong administrative-activity warning detected.
C-32924,11.48,11.48,2,1,0,,No strong administrative-activity warning detected.
C-32721,11.48,11.48,0,2,0,,No strong administrative-activity warning detected.
C-32243,11.47,11.47,0,0,0,,No strong administrative-activity warning detected.
C-33688,11.47,11.47,2,3,0,,No strong administrative-activity warning detected.
C-33741,11.47,11.47,0,0,0,,No strong administrative-activity warning detected.
C-32900,11.47,11.47,0,0,0,,No strong administrative-activity warning detected.
C-31457,11.47,11.47,1,1,0,,No strong administrative-activity warning detected.
C-31365,11.47,11.47,0,1,0,,No strong administrative-activity warning detected.
C-32436,11.46,11.46,0,3,0,,No strong administrative-activity warning detected.
C-30629,11.46,11.46,2,1,0,,No strong administrative-activity warning detected.
C-31325,11.46,11.46,2,1,0,,No strong administrative-activity warning detected.
C-31490,11.46,11.46,0,2,0,,No strong administrative-activity warning detected.
C-31789,11.46,11.46,2,1,0,,No strong administrative-activity warning detected.
C-33497,11.46,11.46,0,2,0,,No strong administrative-activity warning detected.
C-32173,11.45,11.45,1,1,0,,No strong administrative-activity warning detected.
C-32919,11.45,11.45,1,2,0,,No strong administrative-activity warning detected.
C-30315,11.44,11.44,0,0,0,,No strong administrative-activity warning detected.
C-32021,11.44,11.44,0,4,0,,No strong administrative-activity warning detected.
C-34005,11.44,11.44,3,3,0,,No strong administrative-activity warning detected.
C-31443,11.44,11.44,2,2,0,,No strong administrative-activity warning detected.
C-31248,11.43,11.43,2,6,1,6 contact attempts,Administrative activity may have a legitimate explanation and should not be treated as evidence of improper payment.
C-33243,11.43,11.43,2,3,0,,No strong administrative-activity warning detected.
C-30275,11.43,11.43,1,2,0,,No strong administrative-activity warning detected.
C-33904,11.43,11.43,0,3,0,,No strong administrative-activity warning detected.
C-33821,11.41,11.41,1,2,0,,No strong administrative-activity warning detected.
C-32607,11.41,11.41,2,3,0,,No strong administrative-activity warning detected.
C-33085,11.4,11.4,0,0,0,,No strong administrative-activity warning detected.
C-33871,11.4,11.4,2,3,0,,No strong administrative-activity warning detected.
C-33103,11.4,11.4,1,1,0,,No strong administrative-activity warning detected.
C-30798,11.4,11.4,2,1,0,,No strong administrative-activity warning detected.
C-31683,11.4,11.4,0,2,0,,No strong administrative-activity warning detected.
C-32401,11.4,11.4,1,0,0,,No strong administrative-activity warning detected.
C-30010,11.4,11.4,0,3,0,,No strong administrative-activity warning detected.
C-33431,11.39,11.39,0,6,1,6 contact attempts,Administrative activity may have a legitimate explanation and should not be treated as evidence of improper payment.
C-30873,11.39,11.39,0,1,0,,No strong administrative-activity warning detected.
C-33021,11.39,11.39,0,3,0,,No strong administrative-activity warning detected.
C-31239,11.39,11.39,0,1,0,,No strong administrative-activity warning detected.
C-31517,11.38,11.38,1,3,0,,No strong administrative-activity warning detected.
C-33259,11.37,11.37,0,1,0,,No strong administrative-activity warning detected.
C-31063,11.36,11.36,0,0,0,,No strong administrative-activity warning detected.
C-33476,11.36,11.36,2,1,0,,No strong administrative-activity warning detected.
C-31094,11.35,11.35,0,2,0,,No strong administrative-activity warning detected.
C-31061,11.35,11.35,1,2,0,,No strong administrative-activity warning detected.
C-33723,11.34,11.34,2,1,0,,No strong administrative-activity warning detected.
C-30876,11.34,11.34,0,2,0,,No strong administrative-activity warning detected.
C-30859,11.34,11.34,1,3,0,,No strong administrative-activity warning detected.
C-32370,11.33,11.33,0,3,0,,No strong administrative-activity warning detected.
C-31801,11.32,11.32,0,1,0,,No strong administrative-activity warning detected.
C-32262,11.32,11.32,1,2,0,,No strong administrative-activity warning detected.
C-32793,11.32,11.32,4,5,1,4 payment adjustments,Administrative activity may have a legitimate explanation and should not be treated as evidence of improper payment.
C-31997,11.32,11.32,0,3,0,,No strong administrative-activity warning detected.
C-32098,11.31,11.31,2,5,0,,No strong administrative-activity warning detected.
C-31872,11.31,11.31,0,2,0,,No strong administrative-activity warning detected.
C-31310,11.31,11.31,0,1,0,,No strong administrative-activity warning detected.
C-30563,11.31,11.31,3,1,0,,No strong administrative-activity warning detected.
C-33254,11.3,11.3,2,0,0,,No strong administrative-activity warning detected.
C-31213,11.3,11.3,0,1,0,,No strong administrative-activity warning detected.
C-33237,11.3,11.3,0,3,0,,No strong administrative-activity warning detected.
C-33635,11.3,11.3,0,0,0,,No strong administrative-activity warning detected.
C-31661,11.3,11.3,2,3,0,,No strong administrative-activity warning detected.
C-32310,11.3,11.3,0,3,0,,No strong administrative-activity warning detected.
C-30915,11.3,11.3,0,3,0,,No strong administrative-activity warning detected.
C-32236,11.3,11.3,1,6,1,6 contact attempts,Administrative activity may have a legitimate explanation and should not be treated as evidence of improper payment.
C-30073,11.29,11.29,1,1,0,,No strong administrative-activity warning detected.
C-33496,11.29,11.29,1,3,0,,No strong administrative-activity warning detected.
C-30896,11.29,11.29,0,4,0,,No strong administrative-activity warning detected.
C-30171,11.28,11.28,1,1,0,,No strong administrative-activity warning detected.
C-31462,11.28,11.28,1,2,0,,No strong administrative-activity warning detected.
C-33598,11.27,11.27,0,2,0,,No strong administrative-activity warning detected.
C-31165,11.27,11.27,1,2,0,,No strong administrative-activity warning detected.
C-30961,11.27,11.27,0,0,0,,No strong administrative-activity warning detected.
C-30528,11.27,11.27,3,1,0,,No strong administrative-activity warning detected.
C-32792,11.27,11.27,0,5,0,,No strong administrative-activity warning detected.
C-30598,11.27,11.27,1,3,0,,No strong administrative-activity warning detected.
C-32135,11.26,11.26,0,2,0,,No strong administrative-activity warning detected.
C-30401,11.26,11.26,0,1,0,,No strong administrative-activity warning detected.
C-34027,11.25,11.25,0,2,0,,No strong administrative-activity warning detected.
C-30147,11.25,11.25,0,7,1,7 contact attempts,Administrative activity may have a legitimate explanation and should not be treated as evidence of improper payment.
C-32675,11.25,11.25,1,2,0,,No strong administrative-activity warning detected.
C-31655,11.25,11.25,2,4,0,,No strong administrative-activity warning detected.
C-33756,11.25,11.25,0,1,0,,No strong administrative-activity warning detected.
C-33252,11.25,11.25,0,0,0,,No strong administrative-activity warning detected.
C-31545,11.24,11.24,1,3,0,,No strong administrative-activity warning detected.
C-30127,11.24,11.24,0,1,0,,No strong administrative-activity warning detected.
C-30089,11.24,11.24,0,3,0,,No strong administrative-activity warning detected.
C-32687,11.23,11.23,1,0,0,,No strong administrative-activity warning detected.
C-31622,11.23,11.23,0,0,0,,No strong administrative-activity warning detected.
C-32836,11.23,11.23,0,2,0,,No strong administrative-activity warning detected.
C-32653,11.23,11.23,0,1,0,,No strong administrative-activity warning detected.
C-31285,11.22,11.22,2,6,1,6 contact attempts,Administrative activity may have a legitimate explanation and should not be treated as evidence of improper payment.
C-33231,11.22,11.22,0,0,0,,No strong administrative-activity warning detected.
C-33269,11.22,11.22,2,2,0,,No strong administrative-activity warning detected.
C-33334,11.21,11.21,1,2,0,,No strong administrative-activity warning detected.
C-32359,11.21,11.21,0,4,0,,No strong administrative-activity warning detected.
C-33847,11.2,11.2,2,0,0,,No strong administrative-activity warning detected.
C-31906,11.2,11.2,0,2,0,,No strong administrative-activity warning detected.
C-32207,11.2,11.2,1,1,0,,No strong administrative-activity warning detected.
C-33175,11.19,11.19,0,1,0,,No strong administrative-activity warning detected.
C-31155,11.18,11.18,0,2,0,,No strong administrative-activity warning detected.
C-32497,11.18,11.18,1,2,0,,No strong administrative-activity warning detected.
C-30979,11.18,11.18,2,3,0,,No strong administrative-activity warning detected.
C-32185,11.18,11.18,0,0,0,,No strong administrative-activity warning detected.
C-30560,11.18,11.18,0,3,0,,No strong administrative-activity warning detected.
C-31679,11.18,11.18,1,0,0,,No strong administrative-activity warning detected.
C-32679,11.18,11.18,2,2,0,,No strong administrative-activity warning detected.
C-33962,11.17,11.17,2,1,0,,No strong administrative-activity warning detected.
C-34197,11.17,11.17,1,0,0,,No strong administrative-activity warning detected.
C-30120,11.17,11.17,0,3,0,,No strong administrative-activity warning detected.
C-32654,11.17,11.17,1,3,0,,No strong administrative-activity warning detected.
C-32549,11.16,11.16,0,1,0,,No strong administrative-activity warning detected.
C-30962,11.16,11.16,1,5,0,,No strong administrative-activity warning detected.
C-33285,11.15,11.15,0,4,0,,No strong administrative-activity warning detected.
C-30231,11.15,11.15,0,2,0,,No strong administrative-activity warning detected.
C-32847,11.15,11.15,0,0,0,,No strong administrative-activity warning detected.
C-32139,11.15,11.15,2,0,0,,No strong administrative-activity warning detected.
C-32473,11.14,11.14,2,2,0,,No strong administrative-activity warning detected.
C-30214,11.14,11.14,0,1,0,,No strong administrative-activity warning detected.
C-33428,11.14,11.14,2,0,0,,No strong administrative-activity warning detected.
C-30201,11.14,11.14,1,1,0,,No strong administrative-activity warning detected.
C-32886,11.13,11.13,1,3,0,,No strong administrative-activity warning detected.
C-32981,11.13,11.13,0,1,0,,No strong administrative-activity warning detected.
C-31648,11.13,11.13,2,1,0,,No strong administrative-activity warning detected.
C-33045,11.12,11.12,0,0,0,,No strong administrative-activity warning detected.
C-30969,11.11,11.11,1,3,0,,No strong administrative-activity warning detected.
C-32615,11.11,11.11,1,2,0,,No strong administrative-activity warning detected.
C-30812,11.1,11.1,1,3,0,,No strong administrative-activity warning detected.
C-33090,11.1,11.1,1,0,0,,No strong administrative-activity warning detected.
C-31338,11.1,11.1,1,4,0,,No strong administrative-activity warning detected.
C-33848,11.1,11.1,0,1,0,,No strong administrative-activity warning detected.
C-33584,11.09,11.09,2,3,0,,No strong administrative-activity warning detected.
C-33408,11.09,11.09,1,2,0,,No strong administrative-activity warning detected.
C-32908,11.08,11.08,1,3,0,,No strong administrative-activity warning detected.
C-30497,11.08,11.08,2,2,0,,No strong administrative-activity warning detected.
C-30885,11.08,11.08,1,3,0,,No strong administrative-activity warning detected.
C-30143,11.08,11.08,0,1,0,,No strong administrative-activity warning detected.
C-30307,11.08,11.08,0,2,0,,No strong administrative-activity warning detected.
C-32625,11.07,11.07,3,5,0,,No strong administrative-activity warning detected.
C-31116,11.07,11.07,0,1,0,,No strong administrative-activity warning detected.
C-32408,11.07,11.07,1,0,0,,No strong administrative-activity warning detected.
C-32188,11.07,11.07,0,0,0,,No strong administrative-activity warning detected.
C-33573,11.07,11.07,0,2,0,,No strong administrative-activity warning detected.
C-30291,11.06,11.06,1,7,1,7 contact attempts,Administrative activity may have a legitimate explanation and should not be treated as evidence of improper payment.
C-33286,11.04,11.04,2,3,0,,No strong administrative-activity warning detected.
C-30204,11.04,11.04,1,0,0,,No strong administrative-activity warning detected.
C-33133,11.03,11.03,2,3,0,,No strong administrative-activity warning detected.
C-32795,11.03,11.03,0,1,0,,No strong administrative-activity warning detected.
C-34134,11.02,11.02,2,1,0,,No strong administrative-activity warning detected.
C-34020,11.02,11.02,0,3,0,,No strong administrative-activity warning detected.
C-32957,11.01,11.01,1,2,0,,No strong administrative-activity warning detected.
C-31736,11.01,11.01,0,2,0,,No strong administrative-activity warning detected.
C-31581,11.0,11.0,1,1,0,,No strong administrative-activity warning detected.
C-31761,11.0,11.0,0,1,0,,No strong administrative-activity warning detected.
C-32149,11.0,11.0,1,3,0,,No strong administrative-activity warning detected.
C-34100,11.0,11.0,1,2,0,,No strong administrative-activity warning detected.
C-30768,10.99,10.99,1,1,0,,No strong administrative-activity warning detected.
C-33028,10.99,10.99,0,3,0,,No strong administrative-activity warning detected.
C-31258,10.98,10.98,0,0,0,,No strong administrative-activity warning detected.
C-33155,10.98,10.98,1,4,0,,No strong administrative-activity warning detected.
C-33731,10.98,10.98,0,3,0,,No strong administrative-activity warning detected.
C-34164,10.97,10.97,0,1,0,,No strong administrative-activity warning detected.
C-30848,10.97,10.97,0,0,0,,No strong administrative-activity warning detected.
C-33344,10.97,10.97,0,0,0,,No strong administrative-activity warning detected.
C-30930,10.96,10.96,1,4,0,,No strong administrative-activity warning detected.
C-32761,10.96,10.96,0,2,0,,No strong administrative-activity warning detected.
C-33664,10.96,10.96,1,2,0,,No strong administrative-activity warning detected.
C-33368,10.95,10.95,1,5,0,,No strong administrative-activity warning detected.
C-30454,10.95,10.95,0,3,0,,No strong administrative-activity warning detected.
C-33540,10.94,10.94,0,1,0,,No strong administrative-activity warning detected.
C-33222,10.94,10.94,2,3,0,,No strong administrative-activity warning detected.
C-33449,10.94,10.94,0,2,0,,No strong administrative-activity warning detected.
C-30112,10.93,10.93,2,3,0,,No strong administrative-activity warning detected.
C-31378,10.93,10.93,0,6,1,6 contact attempts,Administrative activity may have a legitimate explanation and should not be treated as evidence of improper payment.
C-32294,10.93,10.93,1,5,0,,No strong administrative-activity warning detected.
C-33395,10.93,10.93,0,3,0,,No strong administrative-activity warning detected.
C-33802,10.92,10.92,0,3,0,,No strong administrative-activity warning detected.
C-30641,10.92,10.92,0,2,0,,No strong administrative-activity warning detected.
C-32798,10.91,10.91,5,6,1,5 payment adjustments and 6 contact attempts,Administrative activity may have a legitimate explanation and should not be treated as evidence of improper payment.
C-32407,10.91,10.91,1,1,0,,No strong administrative-activity warning detected.
C-30457,10.91,10.91,0,2,0,,No strong administrative-activity warning detected.
C-33999,10.9,10.9,1,1,0,,No strong administrative-activity warning detected.
C-32462,10.9,10.9,2,6,1,6 contact attempts,Administrative activity may have a legitimate explanation and should not be treated as evidence of improper payment.
C-30547,10.89,10.89,1,3,0,,No strong administrative-activity warning detected.
C-32589,10.89,10.89,2,3,0,,No strong administrative-activity warning detected.
C-30440,10.87,10.87,0,1,0,,No strong administrative-activity warning detected.
C-31867,10.87,10.87,3,2,0,,No strong administrative-activity warning detected.
C-31084,10.86,10.86,4,4,1,4 payment adjustments,Administrative activity may have a legitimate explanation and should not be treated as evidence of improper payment.
C-32912,10.86,10.86,0,1,0,,No strong administrative-activity warning detected.
C-30692,10.86,10.86,0,1,0,,No strong administrative-activity warning detected.
C-32101,10.85,10.85,2,1,0,,No strong administrative-activity warning detected.
C-32560,10.85,10.85,3,4,0,,No strong administrative-activity warning detected.
C-32899,10.84,10.84,0,3,0,,No strong administrative-activity warning detected.
C-30392,10.84,10.84,0,4,0,,No strong administrative-activity warning detected.
C-33114,10.84,10.84,1,1,0,,No strong administrative-activity warning detected.
C-32619,10.83,10.83,0,2,0,,No strong administrative-activity warning detected.
C-33007,10.83,10.83,1,1,0,,No strong administrative-activity warning detected.
C-31318,10.83,10.83,0,3,0,,No strong administrative-activity warning detected.
C-30636,10.83,10.83,0,0,0,,No strong administrative-activity warning detected.
C-32028,10.83,10.83,2,2,0,,No strong administrative-activity warning detected.
C-33874,10.82,10.82,0,5,0,,No strong administrative-activity warning detected.
C-30998,10.82,10.82,1,4,0,,No strong administrative-activity warning detected.
C-33510,10.81,10.81,0,3,0,,No strong administrative-activity warning detected.
C-32709,10.81,10.81,0,1,0,,No strong administrative-activity warning detected.
C-30198,10.8,10.8,0,1,0,,No strong administrative-activity warning detected.
C-30864,10.79,10.79,2,3,0,,No strong administrative-activity warning detected.
C-32956,10.79,10.79,2,1,0,,No strong administrative-activity warning detected.
C-31223,10.79,10.79,0,4,0,,No strong administrative-activity warning detected.
C-30999,10.78,10.78,1,2,0,,No strong administrative-activity warning detected.
C-30136,10.78,10.78,0,4,0,,No strong administrative-activity warning detected.
C-33763,10.78,10.78,0,2,0,,No strong administrative-activity warning detected.
C-30063,10.77,10.77,0,2,0,,No strong administrative-activity warning detected.
C-30207,10.77,10.77,3,3,0,,No strong administrative-activity warning detected.
C-31456,10.77,10.77,0,1,0,,No strong administrative-activity warning detected.
C-30018,10.76,10.76,1,0,0,,No strong administrative-activity warning detected.
C-30170,10.75,10.75,1,2,0,,No strong administrative-activity warning detected.
C-30659,10.75,10.75,0,3,0,,No strong administrative-activity warning detected.
C-32309,10.74,10.74,0,0,0,,No strong administrative-activity warning detected.
C-32946,10.74,10.74,1,1,0,,No strong administrative-activity warning detected.
C-34035,10.74,10.74,1,0,0,,No strong administrative-activity warning detected.
C-30252,10.74,10.74,0,2,0,,No strong administrative-activity warning detected.
C-33223,10.73,10.73,1,7,1,7 contact attempts,Administrative activity may have a legitimate explanation and should not be treated as evidence of improper payment.
C-33632,10.73,10.73,1,1,0,,No strong administrative-activity warning detected.
C-34105,10.73,10.73,0,1,0,,No strong administrative-activity warning detected.
C-33036,10.73,10.73,1,2,0,,No strong administrative-activity warning detected.
C-32822,10.72,10.72,2,2,0,,No strong administrative-activity warning detected.
C-30860,10.7,10.7,1,1,0,,No strong administrative-activity warning detected.
C-31191,10.7,10.7,1,2,0,,No strong administrative-activity warning detected.
C-30820,10.68,10.68,1,0,0,,No strong administrative-activity warning detected.
C-34149,10.68,10.68,1,5,0,,No strong administrative-activity warning detected.
C-30619,10.68,10.68,0,5,0,,No strong administrative-activity warning detected.
C-33464,10.68,10.68,2,1,0,,No strong administrative-activity warning detected.
C-32187,10.68,10.68,1,4,0,,No strong administrative-activity warning detected.
C-34034,10.68,10.68,1,2,0,,No strong administrative-activity warning detected.
C-32399,10.67,10.67,0,0,0,,No strong administrative-activity warning detected.
C-33019,10.67,10.67,2,2,0,,No strong administrative-activity warning detected.
C-33766,10.66,10.66,0,5,0,,No strong administrative-activity warning detected.
C-32131,10.66,10.66,0,0,0,,No strong administrative-activity warning detected.
C-32999,10.66,10.66,0,1,0,,No strong administrative-activity warning detected.
C-33172,10.66,10.66,0,0,0,,No strong administrative-activity warning detected.
C-31491,10.66,10.66,1,1,0,,No strong administrative-activity warning detected.
C-31695,10.66,10.66,2,1,0,,No strong administrative-activity warning detected.
C-34064,10.66,10.66,3,5,0,,No strong administrative-activity warning detected.
C-31293,10.64,10.64,0,1,0,,No strong administrative-activity warning detected.
C-32491,10.64,10.64,1,4,0,,No strong administrative-activity warning detected.
C-32791,10.64,10.64,0,2,0,,No strong administrative-activity warning detected.
C-32363,10.63,10.63,0,1,0,,No strong administrative-activity warning detected.
C-30293,10.63,10.63,0,0,0,,No strong administrative-activity warning detected.
C-33810,10.63,10.63,1,4,0,,No strong administrative-activity warning detected.
C-30570,10.62,10.62,2,3,0,,No strong administrative-activity warning detected.
C-33745,10.61,10.61,1,3,0,,No strong administrative-activity warning detected.
C-31698,10.61,10.61,1,1,0,,No strong administrative-activity warning detected.
C-31559,10.6,10.6,1,6,1,6 contact attempts,Administrative activity may have a legitimate explanation and should not be treated as evidence of improper payment.
C-31849,10.6,10.6,0,2,0,,No strong administrative-activity warning detected.
C-33403,10.6,10.6,2,3,0,,No strong administrative-activity warning detected.
C-31051,10.59,10.59,0,4,0,,No strong administrative-activity warning detected.
C-31065,10.59,10.59,0,0,0,,No strong administrative-activity warning detected.
C-32316,10.58,10.58,0,2,0,,No strong administrative-activity warning detected.
C-31923,10.57,10.57,1,1,0,,No strong administrative-activity warning detected.
C-33104,10.57,10.57,2,3,0,,No strong administrative-activity warning detected.
C-31568,10.57,10.57,1,1,0,,No strong administrative-activity warning detected.
C-33513,10.56,10.56,1,1,0,,No strong administrative-activity warning detected.
C-33628,10.56,10.56,0,1,0,,No strong administrative-activity warning detected.
C-30819,10.56,10.56,2,0,0,,No strong administrative-activity warning detected.
C-30167,10.55,10.55,1,4,0,,No strong administrative-activity warning detected.
C-32553,10.55,10.55,0,4,0,,No strong administrative-activity warning detected.
C-30583,10.54,10.54,0,3,0,,No strong administrative-activity warning detected.
C-33187,10.54,10.54,0,3,0,,No strong administrative-activity warning detected.
C-32225,10.53,10.53,2,3,0,,No strong administrative-activity warning detected.
C-30447,10.53,10.53,2,3,0,,No strong administrative-activity warning detected.
C-32630,10.53,10.53,0,5,0,,No strong administrative-activity warning detected.
C-30536,10.53,10.53,1,3,0,,No strong administrative-activity warning detected.
C-30176,10.52,10.52,0,3,0,,No strong administrative-activity warning detected.
C-33840,10.52,10.52,0,2,0,,No strong administrative-activity warning detected.
C-31179,10.52,10.52,0,2,0,,No strong administrative-activity warning detected.
C-32014,10.52,10.52,0,1,0,,No strong administrative-activity warning detected.
C-31796,10.51,10.51,2,3,0,,No strong administrative-activity warning detected.
C-32959,10.51,10.51,0,2,0,,No strong administrative-activity warning detected.
C-33361,10.51,10.51,0,2,0,,No strong administrative-activity warning detected.
C-30002,10.51,10.51,1,4,0,,No strong administrative-activity warning detected.
C-30861,10.51,10.51,0,2,0,,No strong administrative-activity warning detected.
C-33407,10.5,10.5,2,3,0,,No strong administrative-activity warning detected.
C-30279,10.5,10.5,3,3,0,,No strong administrative-activity warning detected.
C-31731,10.5,10.5,2,3,0,,No strong administrative-activity warning detected.
C-31497,10.5,10.5,2,3,0,,No strong administrative-activity warning detected.
C-34156,10.5,10.5,0,1,0,,No strong administrative-activity warning detected.
C-32346,10.5,10.5,0,2,0,,No strong administrative-activity warning detected.
C-33337,10.49,10.49,0,2,0,,No strong administrative-activity warning detected.
C-30878,10.48,10.48,1,2,0,,No strong administrative-activity warning detected.
C-33944,10.48,10.48,1,1,0,,No strong administrative-activity warning detected.
C-32973,10.48,10.48,0,1,0,,No strong administrative-activity warning detected.
C-32242,10.48,10.48,1,1,0,,No strong administrative-activity warning detected.
C-32651,10.48,10.48,1,4,0,,No strong administrative-activity warning detected.
C-31476,10.47,10.47,0,2,0,,No strong administrative-activity warning detected.
C-30628,10.47,10.47,0,0,0,,No strong administrative-activity warning detected.
C-33852,10.47,10.47,0,3,0,,No strong administrative-activity warning detected.
C-32461,10.46,10.46,0,4,0,,No strong administrative-activity warning detected.
C-33724,10.46,10.46,0,0,0,,No strong administrative-activity warning detected.
C-30899,10.46,10.46,1,0,0,,No strong administrative-activity warning detected.
C-34071,10.45,10.45,0,5,0,,No strong administrative-activity warning detected.
C-33057,10.45,10.45,0,7,1,7 contact attempts,Administrative activity may have a legitimate explanation and should not be treated as evidence of improper payment.
C-33580,10.45,10.45,4,6,1,4 payment adjustments and 6 contact attempts,Administrative activity may have a legitimate explanation and should not be treated as evidence of improper payment.
C-30501,10.44,10.44,2,1,0,,No strong administrative-activity warning detected.
C-33958,10.44,10.44,1,1,0,,No strong administrative-activity warning detected.
C-34072,10.43,10.43,2,3,0,,No strong administrative-activity warning detected.
C-30661,10.43,10.43,0,3,0,,No strong administrative-activity warning detected.
C-33446,10.43,10.43,2,2,0,,No strong administrative-activity warning detected.
C-31890,10.42,10.42,5,4,1,5 payment adjustments,Administrative activity may have a legitimate explanation and should not be treated as evidence of improper payment.
C-32824,10.42,10.42,4,3,1,4 payment adjustments,Administrative activity may have a legitimate explanation and should not be treated as evidence of improper payment.
C-33200,10.41,10.41,2,1,0,,No strong administrative-activity warning detected.
C-30032,10.41,10.41,1,1,0,,No strong administrative-activity warning detected.
C-32150,10.41,10.41,0,3,0,,No strong administrative-activity warning detected.
C-33096,10.41,10.41,1,1,0,,No strong administrative-activity warning detected.
C-32532,10.4,10.4,2,5,0,,No strong administrative-activity warning detected.
C-33051,10.4,10.4,1,1,0,,No strong administrative-activity warning detected.
C-30237,10.4,10.4,0,0,0,,No strong administrative-activity warning detected.
C-30703,10.4,10.4,0,2,0,,No strong administrative-activity warning detected.
C-31924,10.39,10.39,1,3,0,,No strong administrative-activity warning detected.
C-34084,10.39,10.39,1,2,0,,No strong administrative-activity warning detected.
C-32256,10.39,10.39,0,2,0,,No strong administrative-activity warning detected.
C-32087,10.38,10.38,0,4,0,,No strong administrative-activity warning detected.
C-32044,10.38,10.38,0,2,0,,No strong administrative-activity warning detected.
C-32429,10.37,10.37,1,3,0,,No strong administrative-activity warning detected.
C-33828,10.37,10.37,1,4,0,,No strong administrative-activity warning detected.
C-30903,10.37,10.37,1,2,0,,No strong administrative-activity warning detected.
C-32508,10.37,10.37,2,2,0,,No strong administrative-activity warning detected.
C-33460,10.36,10.36,0,5,0,,No strong administrative-activity warning detected.
C-30562,10.36,10.36,0,1,0,,No strong administrative-activity warning detected.
C-34068,10.36,10.36,1,2,0,,No strong administrative-activity warning detected.
C-33712,10.34,10.34,0,4,0,,No strong administrative-activity warning detected.
C-31873,10.34,10.34,3,5,0,,No strong administrative-activity warning detected.
C-33226,10.33,10.33,0,2,0,,No strong administrative-activity warning detected.
C-33607,10.33,10.33,3,4,0,,No strong administrative-activity warning detected.
C-33735,10.33,10.33,0,1,0,,No strong administrative-activity warning detected.
C-30622,10.32,10.32,2,4,0,,No strong administrative-activity warning detected.
C-30488,10.31,10.31,1,2,0,,No strong administrative-activity warning detected.
C-31995,10.31,10.31,4,4,1,4 payment adjustments,Administrative activity may have a legitimate explanation and should not be treated as evidence of improper payment.
C-31607,10.31,10.31,1,0,0,,No strong administrative-activity warning detected.
C-33132,10.31,10.31,1,3,0,,No strong administrative-activity warning detected.
C-32351,10.31,10.31,0,6,1,6 contact attempts,Administrative activity may have a legitimate explanation and should not be treated as evidence of improper payment.
C-31454,10.3,10.3,1,2,0,,No strong administrative-activity warning detected.
C-32396,10.3,10.3,0,3,0,,No strong administrative-activity warning detected.
C-33793,10.29,10.29,1,5,0,,No strong administrative-activity warning detected.
C-30869,10.29,10.29,1,2,0,,No strong administrative-activity warning detected.
C-33282,10.29,10.29,1,0,0,,No strong administrative-activity warning detected.
C-32138,10.29,10.29,2,9,1,9 contact attempts,Administrative activity may have a legitimate explanation and should not be treated as evidence of improper payment.
C-32111,10.28,10.28,0,0,0,,No strong administrative-activity warning detected.
C-31351,10.28,10.28,3,2,0,,No strong administrative-activity warning detected.
C-31694,10.27,10.27,0,1,0,,No strong administrative-activity warning detected.
C-31749,10.27,10.27,0,5,0,,No strong administrative-activity warning detected.
C-30737,10.27,10.27,0,4,0,,No strong administrative-activity warning detected.
C-31615,10.27,10.27,0,0,0,,No strong administrative-activity warning detected.
C-30750,10.26,10.26,0,0,0,,No strong administrative-activity warning detected.
C-31792,10.25,10.25,2,6,1,6 contact attempts,Administrative activity may have a legitimate explanation and should not be treated as evidence of improper payment.
C-32706,10.25,10.25,1,1,0,,No strong administrative-activity warning detected.
C-32620,10.24,10.24,0,3,0,,No strong administrative-activity warning detected.
C-31595,10.24,10.24,0,3,0,,No strong administrative-activity warning detected.
C-31629,10.23,10.23,2,2,0,,No strong administrative-activity warning detected.
C-32504,10.23,10.23,1,1,0,,No strong administrative-activity warning detected.
C-30069,10.23,10.23,0,1,0,,No strong administrative-activity warning detected.
C-32669,10.23,10.23,0,1,0,,No strong administrative-activity warning detected.
C-33119,10.22,10.22,1,1,0,,No strong administrative-activity warning detected.
C-32821,10.22,10.22,0,1,0,,No strong administrative-activity warning detected.
C-33897,10.22,10.22,0,2,0,,No strong administrative-activity warning detected.
C-33680,10.22,10.22,2,1,0,,No strong administrative-activity warning detected.
C-32469,10.21,10.21,1,1,0,,No strong administrative-activity warning detected.
C-32980,10.21,10.21,2,1,0,,No strong administrative-activity warning detected.
C-33002,10.2,10.2,2,0,0,,No strong administrative-activity warning detected.
C-33530,10.2,10.2,0,1,0,,No strong administrative-activity warning detected.
C-32928,10.2,10.2,1,4,0,,No strong administrative-activity warning detected.
C-30565,10.19,10.19,0,1,0,,No strong administrative-activity warning detected.
C-30487,10.19,10.19,1,0,0,,No strong administrative-activity warning detected.
C-32714,10.19,10.19,1,0,0,,No strong administrative-activity warning detected.
C-32789,10.19,10.19,0,2,0,,No strong administrative-activity warning detected.
C-31926,10.18,10.18,3,3,0,,No strong administrative-activity warning detected.
C-33234,10.17,10.17,0,3,0,,No strong administrative-activity warning detected.
C-32249,10.17,10.17,0,3,0,,No strong administrative-activity warning detected.
C-33473,10.17,10.17,0,1,0,,No strong administrative-activity warning detected.
C-31665,10.17,10.17,2,4,0,,No strong administrative-activity warning detected.
C-32026,10.17,10.17,1,2,0,,No strong administrative-activity warning detected.
C-31312,10.16,10.16,2,3,0,,No strong administrative-activity warning detected.
C-32265,10.16,10.16,0,2,0,,No strong administrative-activity warning detected.
C-32529,10.16,10.16,2,3,0,,No strong administrative-activity warning detected.
C-30729,10.16,10.16,3,4,0,,No strong administrative-activity warning detected.
C-32520,10.15,10.15,1,2,0,,No strong administrative-activity warning detected.
C-30588,10.15,10.15,1,0,0,,No strong administrative-activity warning detected.
C-33997,10.15,10.15,2,6,1,6 contact attempts,Administrative activity may have a legitimate explanation and should not be treated as evidence of improper payment.
C-31513,10.15,10.15,1,0,0,,No strong administrative-activity warning detected.
C-30800,10.14,10.14,3,3,0,,No strong administrative-activity warning detected.
C-33599,10.14,10.14,3,2,0,,No strong administrative-activity warning detected.
C-31986,10.14,10.14,0,2,0,,No strong administrative-activity warning detected.
C-32115,10.14,10.14,2,4,0,,No strong administrative-activity warning detected.
C-34023,10.14,10.14,2,4,0,,No strong administrative-activity warning detected.
C-30850,10.14,10.14,0,0,0,,No strong administrative-activity warning detected.
C-32213,10.13,10.13,0,4,0,,No strong administrative-activity warning detected.
C-32545,10.13,10.13,1,3,0,,No strong administrative-activity warning detected.
C-30901,10.12,10.12,1,2,0,,No strong administrative-activity warning detected.
C-30717,10.11,10.11,1,0,0,,No strong administrative-activity warning detected.
C-31132,10.1,10.1,1,2,0,,No strong administrative-activity warning detected.
C-33452,10.1,10.1,2,2,0,,No strong administrative-activity warning detected.
C-33692,10.1,10.1,0,0,0,,No strong administrative-activity warning detected.
C-31909,10.1,10.1,1,2,0,,No strong administrative-activity warning detected.
C-33554,10.1,10.1,0,3,0,,No strong administrative-activity warning detected.
C-31691,10.09,10.09,0,1,0,,No strong administrative-activity warning detected.
C-31753,10.09,10.09,0,2,0,,No strong administrative-activity warning detected.
C-30216,10.09,10.09,1,3,0,,No strong administrative-activity warning detected.
C-30283,10.09,10.09,1,2,0,,No strong administrative-activity warning detected.
C-32640,10.08,10.08,1,2,0,,No strong administrative-activity warning detected.
C-31794,10.08,10.08,0,1,0,,No strong administrative-activity warning detected.
C-31822,10.07,10.07,1,6,1,6 contact attempts,Administrative activity may have a legitimate explanation and should not be treated as evidence of improper payment.
C-30327,10.07,10.07,1,0,0,,No strong administrative-activity warning detected.
C-30384,10.07,10.07,1,0,0,,No strong administrative-activity warning detected.
C-32544,10.06,10.06,0,3,0,,No strong administrative-activity warning detected.
C-30985,10.06,10.06,3,2,0,,No strong administrative-activity warning detected.
C-33851,10.06,10.06,1,4,0,,No strong administrative-activity warning detected.
C-33284,10.05,10.05,1,2,0,,No strong administrative-activity warning detected.
C-31780,10.05,10.05,1,6,1,6 contact attempts,Administrative activity may have a legitimate explanation and should not be treated as evidence of improper payment.
C-31208,10.05,10.05,1,5,0,,No strong administrative-activity warning detected.
C-31494,10.05,10.05,1,0,0,,No strong administrative-activity warning detected.
C-32144,10.05,10.05,0,2,0,,No strong administrative-activity warning detected.
C-31816,10.05,10.05,0,4,0,,No strong administrative-activity warning detected.
C-30040,10.05,10.05,0,2,0,,No strong administrative-activity warning detected.
C-30442,10.04,10.04,1,2,0,,No strong administrative-activity warning detected.
C-33177,10.04,10.04,1,2,0,,No strong administrative-activity warning detected.
C-34143,10.04,10.04,1,0,0,,No strong administrative-activity warning detected.
C-32588,10.04,10.04,0,3,0,,No strong administrative-activity warning detected.
C-32222,10.03,10.03,0,5,0,,No strong administrative-activity warning detected.
C-32361,10.03,10.03,1,0,0,,No strong administrative-activity warning detected.
C-32507,10.03,10.03,1,0,0,,No strong administrative-activity warning detected.
C-30483,10.03,10.03,0,3,0,,No strong administrative-activity warning detected.
C-31527,10.03,10.03,0,0,0,,No strong administrative-activity warning detected.
C-32398,10.03,10.03,2,2,0,,No strong administrative-activity warning detected.
C-32684,10.02,10.02,1,3,0,,No strong administrative-activity warning detected.
C-33973,10.02,10.02,1,1,0,,No strong administrative-activity warning detected.
C-33814,10.02,10.02,0,3,0,,No strong administrative-activity warning detected.
C-30541,10.02,10.02,1,0,0,,No strong administrative-activity warning detected.
C-31977,10.02,10.02,1,1,0,,No strong administrative-activity warning detected.
C-33404,10.02,10.02,0,1,0,,No strong administrative-activity warning detected.
C-34025,10.01,10.01,2,4,0,,No strong administrative-activity warning detected.
C-30395,10.01,10.01,0,3,0,,No strong administrative-activity warning detected.
C-30632,10.01,10.01,0,0,0,,No strong administrative-activity warning detected.
C-32352,10.0,10.0,1,2,0,,No strong administrative-activity warning detected.
C-30166,10.0,10.0,1,2,0,,No strong administrative-activity warning detected.
C-32559,10.0,10.0,1,2,0,,No strong administrative-activity warning detected.
C-31277,9.99,9.99,0,2,0,,No strong administrative-activity warning detected.
C-32143,9.99,9.99,0,4,0,,No strong administrative-activity warning detected.
C-31871,9.99,9.99,0,2,0,,No strong administrative-activity warning detected.
C-32226,9.98,9.98,0,5,0,,No strong administrative-activity warning detected.
C-31173,9.98,9.98,1,0,0,,No strong administrative-activity warning detected.
C-32250,9.98,9.98,1,1,0,,No strong administrative-activity warning detected.
C-31667,9.98,9.98,0,2,0,,No strong administrative-activity warning detected.
C-33551,9.97,9.97,0,2,0,,No strong administrative-activity warning detected.
C-34167,9.97,9.97,0,2,0,,No strong administrative-activity warning detected.
C-31991,9.97,9.97,0,3,0,,No strong administrative-activity warning detected.
C-33681,9.97,9.97,2,2,0,,No strong administrative-activity warning detected.
C-30816,9.97,9.97,1,3,0,,No strong administrative-activity warning detected.
C-31391,9.96,9.96,1,2,0,,No strong administrative-activity warning detected.
C-31001,9.95,9.95,2,4,0,,No strong administrative-activity warning detected.
C-33526,9.95,9.95,2,2,0,,No strong administrative-activity warning detected.
C-31720,9.95,9.95,0,6,1,6 contact attempts,Administrative activity may have a legitimate explanation and should not be treated as evidence of improper payment.
C-33963,9.95,9.95,3,6,1,6 contact attempts,Administrative activity may have a legitimate explanation and should not be treated as evidence of improper payment.
C-33351,9.95,9.95,1,2,0,,No strong administrative-activity warning detected.
C-33011,9.95,9.95,0,1,0,,No strong administrative-activity warning detected.
C-33786,9.95,9.95,1,5,0,,No strong administrative-activity warning detected.
C-33281,9.95,9.95,2,3,0,,No strong administrative-activity warning detected.
C-33424,9.95,9.95,0,6,1,6 contact attempts,Administrative activity may have a legitimate explanation and should not be treated as evidence of improper payment.
C-32531,9.95,9.95,2,1,0,,No strong administrative-activity warning detected.
C-30336,9.95,9.95,0,1,0,,No strong administrative-activity warning detected.
C-32006,9.94,9.94,0,0,0,,No strong administrative-activity warning detected.
C-32942,9.94,9.94,0,2,0,,No strong administrative-activity warning detected.
C-32563,9.94,9.94,1,3,0,,No strong administrative-activity warning detected.
C-31127,9.94,9.94,1,2,0,,No strong administrative-activity warning detected.
C-33981,9.94,9.94,1,1,0,,No strong administrative-activity warning detected.
C-30540,9.94,9.94,1,0,0,,No strong administrative-activity warning detected.
C-30340,9.94,9.94,2,0,0,,No strong administrative-activity warning detected.
C-32575,9.94,9.94,0,2,0,,No strong administrative-activity warning detected.
C-33587,9.94,9.94,0,2,0,,No strong administrative-activity warning detected.
C-30467,9.94,9.94,1,2,0,,No strong administrative-activity warning detected.
C-33816,9.94,9.94,3,2,0,,No strong administrative-activity warning detected.
C-34095,9.94,9.94,1,3,0,,No strong administrative-activity warning detected.
C-31052,9.93,9.93,3,2,0,,No strong administrative-activity warning detected.
C-30188,9.93,9.93,1,1,0,,No strong administrative-activity warning detected.
C-33726,9.93,9.93,1,2,0,,No strong administrative-activity warning detected.
C-31815,9.93,9.93,1,2,0,,No strong administrative-activity warning detected.
C-31830,9.93,9.93,2,4,0,,No strong administrative-activity warning detected.
C-33571,9.93,9.93,0,5,0,,No strong administrative-activity warning detected.
C-30047,9.93,9.93,1,3,0,,No strong administrative-activity warning detected.
C-32295,9.93,9.93,0,3,0,,No strong administrative-activity warning detected.
C-31905,9.93,9.93,1,2,0,,No strong administrative-activity warning detected.
C-31701,9.92,9.92,1,3,0,,No strong administrative-activity warning detected.
C-31526,9.92,9.92,3,5,0,,No strong administrative-activity warning detected.
C-32205,9.92,9.92,2,5,0,,No strong administrative-activity warning detected.
C-31407,9.92,9.92,1,6,1,6 contact attempts,Administrative activity may have a legitimate explanation and should not be treated as evidence of improper payment.
C-32179,9.92,9.92,1,1,0,,No strong administrative-activity warning detected.
C-30383,9.92,9.92,1,1,0,,No strong administrative-activity warning detected.
C-32134,9.92,9.92,0,4,0,,No strong administrative-activity warning detected.
C-30874,9.92,9.92,1,2,0,,No strong administrative-activity warning detected.
C-32285,9.92,9.92,0,5,0,,No strong administrative-activity warning detected.
C-32334,9.92,9.92,0,3,0,,No strong administrative-activity warning detected.
C-30080,9.92,9.92,1,7,1,7 contact attempts,Administrative activity may have a legitimate explanation and should not be treated as evidence of improper payment.
C-33427,9.92,9.92,1,0,0,,No strong administrative-activity warning detected.
C-30698,9.92,9.92,0,3,0,,No strong administrative-activity warning detected.
C-30486,9.92,9.92,2,2,0,,No strong administrative-activity warning detected.
C-30648,9.92,9.92,3,3,0,,No strong administrative-activity warning detected.
C-33758,9.91,9.91,2,3,0,,No strong administrative-activity warning detected.
C-32610,9.91,9.91,0,4,0,,No strong administrative-activity warning detected.
C-33227,9.91,9.91,0,2,0,,No strong administrative-activity warning detected.
C-33757,9.91,9.91,1,3,0,,No strong administrative-activity warning detected.
C-30952,9.91,9.91,0,3,0,,No strong administrative-activity warning detected.
C-32663,9.91,9.91,2,2,0,,No strong administrative-activity warning detected.
C-32441,9.9,9.9,1,2,0,,No strong administrative-activity warning detected.
C-32512,9.9,9.9,3,2,0,,No strong administrative-activity warning detected.
C-30744,9.9,9.9,1,3,0,,No strong administrative-activity warning detected.
C-30708,9.9,9.9,1,0,0,,No strong administrative-activity warning detected.
C-31336,9.9,9.9,1,5,0,,No strong administrative-activity warning detected.
C-32116,9.9,9.9,0,1,0,,No strong administrative-activity warning detected.
C-30308,9.89,9.89,1,2,0,,No strong administrative-activity warning detected.
C-33676,9.89,9.89,0,0,0,,No strong administrative-activity warning detected.
C-30086,9.89,9.89,1,1,0,,No strong administrative-activity warning detected.
C-33301,9.89,9.89,1,4,0,,No strong administrative-activity warning detected.
C-33233,9.88,9.88,0,2,0,,No strong administrative-activity warning detected.
C-32204,9.88,9.88,0,3,0,,No strong administrative-activity warning detected.
C-31122,9.88,9.88,0,3,0,,No strong administrative-activity warning detected.
C-30911,9.87,9.87,0,1,0,,No strong administrative-activity warning detected.
C-30190,9.87,9.87,0,1,0,,No strong administrative-activity warning detected.
C-33258,9.87,9.87,2,2,0,,No strong administrative-activity warning detected.
C-30326,9.87,9.87,1,5,0,,No strong administrative-activity warning detected.
C-33937,9.87,9.87,1,1,0,,No strong administrative-activity warning detected.
C-33086,9.87,9.87,1,2,0,,No strong administrative-activity warning detected.
C-31096,9.87,9.87,1,5,0,,No strong administrative-activity warning detected.
C-32147,9.87,9.87,1,4,0,,No strong administrative-activity warning detected.
C-34113,9.87,9.87,1,3,0,,No strong administrative-activity warning detected.
C-30637,9.87,9.87,0,1,0,,No strong administrative-activity warning detected.
C-32668,9.86,9.86,2,4,0,,No strong administrative-activity warning detected.
C-34002,9.86,9.86,1,5,0,,No strong administrative-activity warning detected.
C-32661,9.86,9.86,1,2,0,,No strong administrative-activity warning detected.
C-31074,9.85,9.85,1,0,0,,No strong administrative-activity warning detected.
C-31730,9.85,9.85,0,0,0,,No strong administrative-activity warning detected.
C-30621,9.85,9.85,0,2,0,,No strong administrative-activity warning detected.
C-32562,9.85,9.85,0,3,0,,No strong administrative-activity warning detected.
C-33914,9.85,9.85,3,5,0,,No strong administrative-activity warning detected.
C-30236,9.85,9.85,0,2,0,,No strong administrative-activity warning detected.
C-30484,9.85,9.85,3,2,0,,No strong administrative-activity warning detected.
C-32818,9.85,9.85,2,7,1,7 contact attempts,Administrative activity may have a legitimate explanation and should not be treated as evidence of improper payment.
C-30360,9.85,9.85,1,3,0,,No strong administrative-activity warning detected.
C-31471,9.84,9.84,0,5,0,,No strong administrative-activity warning detected.
C-31775,9.84,9.84,1,3,0,,No strong administrative-activity warning detected.
C-32288,9.84,9.84,0,3,0,,No strong administrative-activity warning detected.
C-32055,9.84,9.84,2,4,0,,No strong administrative-activity warning detected.
C-31588,9.84,9.84,2,2,0,,No strong administrative-activity warning detected.
C-32918,9.83,9.83,1,2,0,,No strong administrative-activity warning detected.
C-32806,9.83,9.83,0,3,0,,No strong administrative-activity warning detected.
C-32515,9.83,9.83,2,4,0,,No strong administrative-activity warning detected.
C-33893,9.83,9.83,1,2,0,,No strong administrative-activity warning detected.
C-33027,9.82,9.82,0,1,0,,No strong administrative-activity warning detected.
C-30446,9.82,9.82,1,2,0,,No strong administrative-activity warning detected.
C-32100,9.82,9.82,1,1,0,,No strong administrative-activity warning detected.
C-33839,9.82,9.82,1,2,0,,No strong administrative-activity warning detected.
C-33203,9.82,9.82,0,2,0,,No strong administrative-activity warning detected.
C-33783,9.82,9.82,1,3,0,,No strong administrative-activity warning detected.
C-33165,9.81,9.81,0,3,0,,No strong administrative-activity warning detected.
C-31758,9.81,9.81,0,3,0,,No strong administrative-activity warning detected.
C-32624,9.81,9.81,0,0,0,,No strong administrative-activity warning detected.
C-33977,9.81,9.81,0,2,0,,No strong administrative-activity warning detected.
C-31468,9.81,9.81,3,6,1,6 contact attempts,Administrative activity may have a legitimate explanation and should not be treated as evidence of improper payment.
C-31166,9.81,9.81,2,2,0,,No strong administrative-activity warning detected.
C-30967,9.81,9.81,1,2,0,,No strong administrative-activity warning detected.
C-31229,9.81,9.81,2,5,0,,No strong administrative-activity warning detected.
C-33974,9.8,9.8,1,4,0,,No strong administrative-activity warning detected.
C-31658,9.8,9.8,1,1,0,,No strong administrative-activity warning detected.
C-32695,9.8,9.8,0,1,0,,No strong administrative-activity warning detected.
C-31066,9.8,9.8,0,0,0,,No strong administrative-activity warning detected.
C-32786,9.8,9.8,1,0,0,,No strong administrative-activity warning detected.
C-31261,9.8,9.8,2,0,0,,No strong administrative-activity warning detected.
C-32730,9.8,9.8,0,3,0,,No strong administrative-activity warning detected.
C-31420,9.79,9.79,0,1,0,,No strong administrative-activity warning detected.
C-31147,9.79,9.79,0,2,0,,No strong administrative-activity warning detected.
C-31260,9.79,9.79,0,1,0,,No strong administrative-activity warning detected.
C-33101,9.79,9.79,0,0,0,,No strong administrative-activity warning detected.
C-31405,9.79,9.79,2,5,0,,No strong administrative-activity warning detected.
C-33966,9.79,9.79,0,1,0,,No strong administrative-activity warning detected.
C-31383,9.79,9.79,1,3,0,,No strong administrative-activity warning detected.
C-33996,9.79,9.79,2,0,0,,No strong administrative-activity warning detected.
C-31294,9.79,9.79,1,1,0,,No strong administrative-activity warning detected.
C-32335,9.79,9.79,0,2,0,,No strong administrative-activity warning detected.
C-31569,9.78,9.78,4,4,1,4 payment adjustments,Administrative activity may have a legitimate explanation and should not be treated as evidence of improper payment.
C-33969,9.78,9.78,0,1,0,,No strong administrative-activity warning detected.
C-32383,9.78,9.78,1,1,0,,No strong administrative-activity warning detected.
C-32058,9.78,9.78,0,0,0,,No strong administrative-activity warning detected.
C-33440,9.78,9.78,0,3,0,,No strong administrative-activity warning detected.
C-32068,9.78,9.78,1,2,0,,No strong administrative-activity warning detected.
C-34148,9.78,9.78,1,2,0,,No strong administrative-activity warning detected.
C-32306,9.77,9.77,1,0,0,,No strong administrative-activity warning detected.
C-32291,9.77,9.77,2,4,0,,No strong administrative-activity warning detected.
C-33959,9.77,9.77,2,1,0,,No strong administrative-activity warning detected.
C-31186,9.77,9.77,1,2,0,,No strong administrative-activity warning detected.
C-33864,9.77,9.77,0,0,0,,No strong administrative-activity warning detected.
C-30300,9.77,9.77,1,5,0,,No strong administrative-activity warning detected.
C-34106,9.76,9.76,2,3,0,,No strong administrative-activity warning detected.
C-30610,9.76,9.76,0,3,0,,No strong administrative-activity warning detected.
C-33494,9.76,9.76,1,1,0,,No strong administrative-activity warning detected.
C-31299,9.76,9.76,2,3,0,,No strong administrative-activity warning detected.
C-32881,9.76,9.76,0,0,0,,No strong administrative-activity warning detected.
C-32466,9.76,9.76,0,2,0,,No strong administrative-activity warning detected.
C-32095,9.76,9.76,0,1,0,,No strong administrative-activity warning detected.
C-33271,9.75,9.75,2,2,0,,No strong administrative-activity warning detected.
C-33356,9.75,9.75,0,4,0,,No strong administrative-activity warning detected.
C-30716,9.75,9.75,1,4,0,,No strong administrative-activity warning detected.
C-31763,9.75,9.75,1,2,0,,No strong administrative-activity warning detected.
C-33142,9.75,9.75,0,0,0,,No strong administrative-activity warning detected.
C-33800,9.75,9.75,0,1,0,,No strong administrative-activity warning detected.
C-32707,9.75,9.75,0,2,0,,No strong administrative-activity warning detected.
C-33985,9.75,9.75,0,2,0,,No strong administrative-activity warning detected.
C-30005,9.75,9.75,2,1,0,,No strong administrative-activity warning detected.
C-33782,9.75,9.75,1,4,0,,No strong administrative-activity warning detected.
C-31100,9.74,9.74,1,3,0,,No strong administrative-activity warning detected.
C-31233,9.74,9.74,1,4,0,,No strong administrative-activity warning detected.
C-33691,9.74,9.74,1,1,0,,No strong administrative-activity warning detected.
C-30844,9.74,9.74,1,0,0,,No strong administrative-activity warning detected.
C-31689,9.74,9.74,2,2,0,,No strong administrative-activity warning detected.
C-30125,9.74,9.74,0,3,0,,No strong administrative-activity warning detected.
C-30404,9.74,9.74,1,2,0,,No strong administrative-activity warning detected.
C-32489,9.74,9.74,1,0,0,,No strong administrative-activity warning detected.
C-33909,9.74,9.74,0,2,0,,No strong administrative-activity warning detected.
C-33947,9.73,9.73,0,5,0,,No strong administrative-activity warning detected.
C-32627,9.73,9.73,1,0,0,,No strong administrative-activity warning detected.
C-31172,9.73,9.73,1,5,0,,No strong administrative-activity warning detected.
C-32612,9.73,9.73,1,3,0,,No strong administrative-activity warning detected.
C-31244,9.73,9.73,1,6,1,6 contact attempts,Administrative activity may have a legitimate explanation and should not be treated as evidence of improper payment.
C-33539,9.73,9.73,0,1,0,,No strong administrative-activity warning detected.
C-33023,9.73,9.73,0,0,0,,No strong administrative-activity warning detected.
C-31091,9.73,9.73,2,1,0,,No strong administrative-activity warning detected.
C-30592,9.73,9.73,2,1,0,,No strong administrative-activity warning detected.
C-33499,9.73,9.73,1,2,0,,No strong administrative-activity warning detected.
C-31700,9.73,9.73,2,0,0,,No strong administrative-activity warning detected.
C-31544,9.72,9.72,2,5,0,,No strong administrative-activity warning detected.
C-30299,9.72,9.72,2,1,0,,No strong administrative-activity warning detected.
C-32458,9.72,9.72,1,0,0,,No strong administrative-activity warning detected.
C-32554,9.72,9.72,0,0,0,,No strong administrative-activity warning detected.
C-31367,9.72,9.72,0,0,0,,No strong administrative-activity warning detected.
C-33322,9.72,9.72,0,0,0,,No strong administrative-activity warning detected.
C-33509,9.71,9.71,1,2,0,,No strong administrative-activity warning detected.
C-33318,9.71,9.71,0,2,0,,No strong administrative-activity warning detected.
C-31289,9.71,9.71,2,4,0,,No strong administrative-activity warning detected.
C-32638,9.71,9.71,1,4,0,,No strong administrative-activity warning detected.
C-31756,9.71,9.71,0,3,0,,No strong administrative-activity warning detected.
C-31362,9.71,9.71,3,4,0,,No strong administrative-activity warning detected.
C-30022,9.71,9.71,2,7,1,7 contact attempts,Administrative activity may have a legitimate explanation and should not be treated as evidence of improper payment.
C-33030,9.71,9.71,0,3,0,,No strong administrative-activity warning detected.
C-32976,9.7,9.7,0,2,0,,No strong administrative-activity warning detected.
C-31415,9.7,9.7,1,1,0,,No strong administrative-activity warning detected.
C-31846,9.7,9.7,2,1,0,,No strong administrative-activity warning detected.
C-30900,9.7,9.7,0,3,0,,No strong administrative-activity warning detected.
C-33128,9.7,9.7,0,4,0,,No strong administrative-activity warning detected.
C-32991,9.7,9.7,2,4,0,,No strong administrative-activity warning detected.
C-30217,9.7,9.7,0,2,0,,No strong administrative-activity warning detected.
C-33541,9.7,9.7,1,0,0,,No strong administrative-activity warning detected.
C-33605,9.7,9.7,1,2,0,,No strong administrative-activity warning detected.
C-30441,9.7,9.7,0,1,0,,No strong administrative-activity warning detected.
C-33501,9.69,9.69,1,1,0,,No strong administrative-activity warning detected.
C-31184,9.69,9.69,0,3,0,,No strong administrative-activity warning detected.
C-30929,9.69,9.69,1,3,0,,No strong administrative-activity warning detected.
C-30081,9.69,9.69,1,4,0,,No strong administrative-activity warning detected.
C-30035,9.69,9.69,5,3,1,5 payment adjustments,Administrative activity may have a legitimate explanation and should not be treated as evidence of improper payment.
C-33162,9.69,9.69,1,2,0,,No strong administrative-activity warning detected.
C-32856,9.69,9.69,2,0,0,,No strong administrative-activity warning detected.
C-33645,9.69,9.69,0,1,0,,No strong administrative-activity warning detected.
C-32160,9.69,9.69,1,0,0,,No strong administrative-activity warning detected.
C-30678,9.68,9.68,1,4,0,,No strong administrative-activity warning detected.
C-34109,9.68,9.68,2,3,0,,No strong administrative-activity warning detected.
C-31609,9.68,9.68,1,2,0,,No strong administrative-activity warning detected.
C-30119,9.68,9.68,0,1,0,,No strong administrative-activity warning detected.
C-30732,9.68,9.68,2,3,0,,No strong administrative-activity warning detected.
C-31177,9.68,9.68,2,2,0,,No strong administrative-activity warning detected.
C-31224,9.68,9.68,1,4,0,,No strong administrative-activity warning detected.
C-33634,9.68,9.68,2,1,0,,No strong administrative-activity warning detected.
C-31583,9.68,9.68,0,2,0,,No strong administrative-activity warning detected.
C-31439,9.68,9.68,0,1,0,,No strong administrative-activity warning detected.
C-32198,9.68,9.68,0,0,0,,No strong administrative-activity warning detected.
C-30914,9.68,9.68,0,2,0,,No strong administrative-activity warning detected.
C-30595,9.68,9.68,0,0,0,,No strong administrative-activity warning detected.
C-33834,9.67,9.67,1,6,1,6 contact attempts,Administrative activity may have a legitimate explanation and should not be treated as evidence of improper payment.
C-30371,9.67,9.67,0,3,0,,No strong administrative-activity warning detected.
C-31040,9.67,9.67,0,5,0,,No strong administrative-activity warning detected.
C-33239,9.67,9.67,0,0,0,,No strong administrative-activity warning detected.
C-31965,9.67,9.67,0,4,0,,No strong administrative-activity warning detected.
C-31404,9.67,9.67,0,1,0,,No strong administrative-activity warning detected.
C-30403,9.67,9.67,2,2,0,,No strong administrative-activity warning detected.
C-31301,9.67,9.67,0,2,0,,No strong administrative-activity warning detected.
C-30196,9.67,9.67,1,3,0,,No strong administrative-activity warning detected.
C-34171,9.67,9.67,1,4,0,,No strong administrative-activity warning detected.
C-33781,9.66,9.66,1,3,0,,No strong administrative-activity warning detected.
C-33594,9.66,9.66,1,1,0,,No strong administrative-activity warning detected.
C-33699,9.66,9.66,0,0,0,,No strong administrative-activity warning detected.
C-33711,9.66,9.66,0,3,0,,No strong administrative-activity warning detected.
C-33653,9.66,9.66,3,2,0,,No strong administrative-activity warning detected.
C-32500,9.66,9.66,0,4,0,,No strong administrative-activity warning detected.
C-30695,9.66,9.66,0,0,0,,No strong administrative-activity warning detected.
C-33310,9.66,9.66,0,3,0,,No strong administrative-activity warning detected.
C-33436,9.66,9.66,1,3,0,,No strong administrative-activity warning detected.
C-30050,9.66,9.66,4,7,1,4 payment adjustments and 7 contact attempts,Administrative activity may have a legitimate explanation and should not be treated as evidence of improper payment.
C-31600,9.66,9.66,1,2,0,,No strong administrative-activity warning detected.
C-32765,9.66,9.66,2,4,0,,No strong administrative-activity warning detected.
C-33707,9.65,9.65,1,0,0,,No strong administrative-activity warning detected.
C-33531,9.65,9.65,0,1,0,,No strong administrative-activity warning detected.
C-30245,9.65,9.65,1,6,1,6 contact attempts,Administrative activity may have a legitimate explanation and should not be treated as evidence of improper payment.
C-30481,9.65,9.65,0,2,0,,No strong administrative-activity warning detected.
C-32717,9.65,9.65,0,4,0,,No strong administrative-activity warning detected.
C-32476,9.65,9.65,1,1,0,,No strong administrative-activity warning detected.
C-33537,9.65,9.65,1,4,0,,No strong administrative-activity warning detected.
C-30755,9.64,9.64,1,8,1,8 contact attempts,Administrative activity may have a legitimate explanation and should not be treated as evidence of improper payment.
C-30841,9.64,9.64,0,2,0,,No strong administrative-activity warning detected.
C-33450,9.64,9.64,1,1,0,,No strong administrative-activity warning detected.
C-33335,9.64,9.64,2,2,0,,No strong administrative-activity warning detected.
C-34195,9.64,9.64,1,7,1,7 contact attempts,Administrative activity may have a legitimate explanation and should not be treated as evidence of improper payment.
C-30651,9.64,9.64,1,2,0,,No strong administrative-activity warning detected.
C-32071,9.64,9.64,0,2,0,,No strong administrative-activity warning detected.
C-31702,9.64,9.64,0,3,0,,No strong administrative-activity warning detected.
C-33171,9.64,9.64,0,3,0,,No strong administrative-activity warning detected.
C-34055,9.64,9.64,1,1,0,,No strong administrative-activity warning detected.
C-33629,9.64,9.64,0,2,0,,No strong administrative-activity warning detected.
C-30574,9.64,9.64,1,5,0,,No strong administrative-activity warning detected.
C-32046,9.64,9.64,3,5,0,,No strong administrative-activity warning detected.
C-31020,9.64,9.64,3,4,0,,No strong administrative-activity warning detected.
C-30555,9.64,9.64,1,1,0,,No strong administrative-activity warning detected.
C-32140,9.64,9.64,1,4,0,,No strong administrative-activity warning detected.
C-33684,9.63,9.63,2,2,0,,No strong administrative-activity warning detected.
C-31839,9.63,9.63,1,4,0,,No strong administrative-activity warning detected.
C-33924,9.63,9.63,0,2,0,,No strong administrative-activity warning detected.
C-30524,9.63,9.63,0,4,0,,No strong administrative-activity warning detected.
C-30863,9.63,9.63,0,2,0,,No strong administrative-activity warning detected.
C-33138,9.63,9.63,1,3,0,,No strong administrative-activity warning detected.
C-30607,9.63,9.63,0,3,0,,No strong administrative-activity warning detected.
C-30589,9.63,9.63,1,3,0,,No strong administrative-activity warning detected.
C-33357,9.63,9.63,1,2,0,,No strong administrative-activity warning detected.
C-30114,9.63,9.63,0,0,0,,No strong administrative-activity warning detected.
C-30500,9.63,9.63,0,2,0,,No strong administrative-activity warning detected.
C-30199,9.63,9.63,2,1,0,,No strong administrative-activity warning detected.
C-30529,9.62,9.62,2,0,0,,No strong administrative-activity warning detected.
C-31479,9.62,9.62,1,2,0,,No strong administrative-activity warning detected.
C-31442,9.62,9.62,1,3,0,,No strong administrative-activity warning detected.
C-33538,9.62,9.62,1,0,0,,No strong administrative-activity warning detected.
C-32579,9.61,9.61,2,1,0,,No strong administrative-activity warning detected.
C-32498,9.61,9.61,0,6,1,6 contact attempts,Administrative activity may have a legitimate explanation and should not be treated as evidence of improper payment.
C-34124,9.61,9.61,1,2,0,,No strong administrative-activity warning detected.
C-33416,9.61,9.61,0,4,0,,No strong administrative-activity warning detected.
C-30015,9.61,9.61,0,1,0,,No strong administrative-activity warning detected.
C-31409,9.61,9.61,3,2,0,,No strong administrative-activity warning detected.
C-31083,9.61,9.61,0,3,0,,No strong administrative-activity warning detected.
C-33241,9.61,9.61,0,2,0,,No strong administrative-activity warning detected.
C-31608,9.61,9.61,1,2,0,,No strong administrative-activity warning detected.
C-31942,9.61,9.61,1,2,0,,No strong administrative-activity warning detected.
C-32781,9.61,9.61,0,3,0,,No strong administrative-activity warning detected.
C-33624,9.61,9.61,2,4,0,,No strong administrative-activity warning detected.
C-31123,9.6,9.6,0,1,0,,No strong administrative-activity warning detected.
C-31960,9.6,9.6,0,2,0,,No strong administrative-activity warning detected.
C-31963,9.6,9.6,1,3,0,,No strong administrative-activity warning detected.
C-32902,9.6,9.6,2,5,0,,No strong administrative-activity warning detected.
C-30839,9.6,9.6,0,3,0,,No strong administrative-activity warning detected.
C-33970,9.6,9.6,2,4,0,,No strong administrative-activity warning detected.
C-31506,9.6,9.6,1,2,0,,No strong administrative-activity warning detected.
C-32377,9.6,9.6,0,3,0,,No strong administrative-activity warning detected.
C-33615,9.6,9.6,0,1,0,,No strong administrative-activity warning detected.
C-33574,9.6,9.6,1,0,0,,No strong administrative-activity warning detected.
C-32667,9.6,9.6,1,0,0,,No strong administrative-activity warning detected.
C-32406,9.59,9.59,4,6,1,4 payment adjustments and 6 contact attempts,Administrative activity may have a legitimate explanation and should not be treated as evidence of improper payment.
C-33978,9.59,9.59,0,3,0,,No strong administrative-activity warning detected.
C-32787,9.59,9.59,3,2,0,,No strong administrative-activity warning detected.
C-30451,9.59,9.59,0,4,0,,No strong administrative-activity warning detected.
C-31331,9.59,9.59,0,2,0,,No strong administrative-activity warning detected.
C-30389,9.59,9.59,1,0,0,,No strong administrative-activity warning detected.
C-33748,9.59,9.59,0,0,0,,No strong administrative-activity warning detected.
C-30658,9.58,9.58,1,2,0,,No strong administrative-activity warning detected.
C-31696,9.58,9.58,0,3,0,,No strong administrative-activity warning detected.
C-31026,9.58,9.58,0,1,0,,No strong administrative-activity warning detected.
C-31838,9.58,9.58,1,1,0,,No strong administrative-activity warning detected.
C-30445,9.58,9.58,0,4,0,,No strong administrative-activity warning detected.
C-30568,9.58,9.58,1,2,0,,No strong administrative-activity warning detected.
C-30305,9.58,9.58,0,4,0,,No strong administrative-activity warning detected.
C-30342,9.58,9.58,1,1,0,,No strong administrative-activity warning detected.
C-33955,9.58,9.58,0,1,0,,No strong administrative-activity warning detected.
C-32543,9.58,9.58,0,1,0,,No strong administrative-activity warning detected.
C-32477,9.58,9.58,0,1,0,,No strong administrative-activity warning detected.
C-30006,9.58,9.58,1,2,0,,No strong administrative-activity warning detected.
C-31844,9.57,9.57,0,0,0,,No strong administrative-activity warning detected.
C-32289,9.57,9.57,2,6,1,6 contact attempts,Administrative activity may have a legitimate explanation and should not be treated as evidence of improper payment.
C-31211,9.57,9.57,1,5,0,,No strong administrative-activity warning detected.
C-32024,9.57,9.57,0,2,0,,No strong administrative-activity warning detected.
C-31732,9.57,9.57,2,4,0,,No strong administrative-activity warning detected.
C-30545,9.57,9.57,0,0,0,,No strong administrative-activity warning detected.
C-31350,9.57,9.57,1,1,0,,No strong administrative-activity warning detected.
C-33474,9.57,9.57,0,1,0,,No strong administrative-activity warning detected.
C-32191,9.57,9.57,0,1,0,,No strong administrative-activity warning detected.
C-33642,9.57,9.57,0,3,0,,No strong administrative-activity warning detected.
C-31056,9.56,9.56,1,2,0,,No strong administrative-activity warning detected.
C-33278,9.56,9.56,1,1,0,,No strong administrative-activity warning detected.
C-30884,9.56,9.56,3,2,0,,No strong administrative-activity warning detected.
C-30730,9.56,9.56,1,2,0,,No strong administrative-activity warning detected.
C-34108,9.56,9.56,0,1,0,,No strong administrative-activity warning detected.
C-31829,9.55,9.55,1,1,0,,No strong administrative-activity warning detected.
C-32741,9.55,9.55,1,0,0,,No strong administrative-activity warning detected.
C-30686,9.55,9.55,3,3,0,,No strong administrative-activity warning detected.
C-32405,9.55,9.55,1,0,0,,No strong administrative-activity warning detected.
C-32891,9.55,9.55,1,3,0,,No strong administrative-activity warning detected.
C-30400,9.55,9.55,0,5,0,,No strong administrative-activity warning detected.
C-31548,9.55,9.55,2,2,0,,No strong administrative-activity warning detected.
C-32580,9.55,9.55,2,1,0,,No strong administrative-activity warning detected.
C-30571,9.54,9.54,0,2,0,,No strong administrative-activity warning detected.
C-33601,9.54,9.54,0,3,0,,No strong administrative-activity warning detected.
C-33041,9.54,9.54,1,4,0,,No strong administrative-activity warning detected.
C-30072,9.54,9.54,1,1,0,,No strong administrative-activity warning detected.
C-31711,9.54,9.54,0,0,0,,No strong administrative-activity warning detected.
C-31240,9.54,9.54,0,1,0,,No strong administrative-activity warning detected.
C-32104,9.54,9.54,2,5,0,,No strong administrative-activity warning detected.
C-33136,9.54,9.54,0,3,0,,No strong administrative-activity warning detected.
C-33991,9.54,9.54,0,2,0,,No strong administrative-activity warning detected.
C-31319,9.54,9.54,2,2,0,,No strong administrative-activity warning detected.
C-33048,9.54,9.54,3,2,0,,No strong administrative-activity warning detected.
C-32837,9.54,9.54,1,5,0,,No strong administrative-activity warning detected.
C-33637,9.54,9.54,1,2,0,,No strong administrative-activity warning detected.
C-32756,9.53,9.53,1,1,0,,No strong administrative-activity warning detected.
C-33659,9.53,9.53,0,3,0,,No strong administrative-activity warning detected.
C-30132,9.53,9.53,1,4,0,,No strong administrative-activity warning detected.
C-30410,9.53,9.53,2,6,1,6 contact attempts,Administrative activity may have a legitimate explanation and should not be treated as evidence of improper payment.
C-31734,9.53,9.53,1,1,0,,No strong administrative-activity warning detected.
C-33689,9.53,9.53,1,1,0,,No strong administrative-activity warning detected.
C-32486,9.53,9.53,2,1,0,,No strong administrative-activity warning detected.
C-30653,9.53,9.53,1,0,0,,No strong administrative-activity warning detected.
C-33696,9.53,9.53,3,3,0,,No strong administrative-activity warning detected.
C-31903,9.52,9.52,2,3,0,,No strong administrative-activity warning detected.
C-33620,9.52,9.52,0,1,0,,No strong administrative-activity warning detected.
C-33080,9.52,9.52,1,2,0,,No strong administrative-activity warning detected.
C-30557,9.52,9.52,2,2,0,,No strong administrative-activity warning detected.
C-30990,9.52,9.52,0,0,0,,No strong administrative-activity warning detected.
C-31833,9.52,9.52,2,2,0,,No strong administrative-activity warning detected.
C-31302,9.52,9.52,1,3,0,,No strong administrative-activity warning detected.
C-34052,9.52,9.52,1,0,0,,No strong administrative-activity warning detected.
C-32738,9.51,9.51,2,3,0,,No strong administrative-activity warning detected.
C-32255,9.51,9.51,0,2,0,,No strong administrative-activity warning detected.
C-32682,9.51,9.51,1,3,0,,No strong administrative-activity warning detected.
C-30084,9.51,9.51,2,5,0,,No strong administrative-activity warning detected.
C-30253,9.51,9.51,1,0,0,,No strong administrative-activity warning detected.
C-32384,9.51,9.51,0,3,0,,No strong administrative-activity warning detected.
C-33508,9.51,9.51,2,5,0,,No strong administrative-activity warning detected.
C-33922,9.51,9.51,1,4,0,,No strong administrative-activity warning detected.
C-32013,9.51,9.51,1,3,0,,No strong administrative-activity warning detected.
C-30656,9.5,9.5,2,6,1,6 contact attempts,Administrative activity may have a legitimate explanation and should not be treated as evidence of improper payment.
C-30600,9.5,9.5,0,3,0,,No strong administrative-activity warning detected.
C-33889,9.5,9.5,0,1,0,,No strong administrative-activity warning detected.
C-31243,9.5,9.5,0,1,0,,No strong administrative-activity warning detected.
C-30163,9.5,9.5,1,2,0,,No strong administrative-activity warning detected.
C-31742,9.5,9.5,2,2,0,,No strong administrative-activity warning detected.
C-30101,9.49,9.49,1,2,0,,No strong administrative-activity warning detected.
C-33721,9.49,9.49,3,4,0,,No strong administrative-activity warning detected.
C-30416,9.49,9.49,1,2,0,,No strong administrative-activity warning detected.
C-32264,9.49,9.49,1,1,0,,No strong administrative-activity warning detected.
C-31417,9.49,9.49,0,4,0,,No strong administrative-activity warning detected.
C-33595,9.49,9.49,1,1,0,,No strong administrative-activity warning detected.
C-31423,9.49,9.49,0,1,0,,No strong administrative-activity warning detected.
C-30173,9.49,9.49,1,3,0,,No strong administrative-activity warning detected.
C-30847,9.49,9.49,0,3,0,,No strong administrative-activity warning detected.
C-31988,9.49,9.49,1,2,0,,No strong administrative-activity warning detected.
C-31772,9.49,9.49,1,3,0,,No strong administrative-activity warning detected.
C-30309,9.49,9.49,1,0,0,,No strong administrative-activity warning detected.
C-32978,9.49,9.49,0,3,0,,No strong administrative-activity warning detected.
C-30224,9.49,9.49,3,5,0,,No strong administrative-activity warning detected.
C-33139,9.48,9.48,0,5,0,,No strong administrative-activity warning detected.
C-34177,9.48,9.48,3,7,1,7 contact attempts,Administrative activity may have a legitimate explanation and should not be treated as evidence of improper payment.
C-33613,9.48,9.48,4,2,1,4 payment adjustments,Administrative activity may have a legitimate explanation and should not be treated as evidence of improper payment.
C-31901,9.48,9.48,1,5,0,,No strong administrative-activity warning detected.
C-31326,9.48,9.48,0,0,0,,No strong administrative-activity warning detected.
C-31832,9.48,9.48,3,3,0,,No strong administrative-activity warning detected.
C-30756,9.47,9.47,0,5,0,,No strong administrative-activity warning detected.
C-30516,9.47,9.47,0,2,0,,No strong administrative-activity warning detected.
C-30106,9.47,9.47,1,0,0,,No strong administrative-activity warning detected.
C-33158,9.47,9.47,0,4,0,,No strong administrative-activity warning detected.
C-30709,9.47,9.47,0,3,0,,No strong administrative-activity warning detected.
C-32958,9.47,9.47,0,1,0,,No strong administrative-activity warning detected.
C-34012,9.47,9.47,1,0,0,,No strong administrative-activity warning detected.
C-32584,9.47,9.47,0,1,0,,No strong administrative-activity warning detected.
C-32622,9.47,9.47,0,2,0,,No strong administrative-activity warning detected.
C-31835,9.47,9.47,2,5,0,,No strong administrative-activity warning detected.
C-31578,9.47,9.47,0,2,0,,No strong administrative-activity warning detected.
C-30052,9.46,9.46,1,3,0,,No strong administrative-activity warning detected.
C-30460,9.46,9.46,1,3,0,,No strong administrative-activity warning detected.
C-30599,9.45,9.45,1,3,0,,No strong administrative-activity warning detected.
C-32357,9.45,9.45,2,3,0,,No strong administrative-activity warning detected.
C-32155,9.45,9.45,1,5,0,,No strong administrative-activity warning detected.
C-31311,9.45,9.45,0,0,0,,No strong administrative-activity warning detected.
C-32228,9.45,9.45,1,1,0,,No strong administrative-activity warning detected.
C-33108,9.45,9.45,1,1,0,,No strong administrative-activity warning detected.
C-31876,9.45,9.45,0,3,0,,No strong administrative-activity warning detected.
C-30415,9.45,9.45,0,3,0,,No strong administrative-activity warning detected.
C-31543,9.45,9.45,1,3,0,,No strong administrative-activity warning detected.
C-30510,9.44,9.44,1,0,0,,No strong administrative-activity warning detected.
C-30522,9.44,9.44,1,0,0,,No strong administrative-activity warning detected.
C-32909,9.44,9.44,0,1,0,,No strong administrative-activity warning detected.
C-31979,9.44,9.44,3,5,0,,No strong administrative-activity warning detected.
C-31969,9.44,9.44,1,2,0,,No strong administrative-activity warning detected.
C-32760,9.44,9.44,0,2,0,,No strong administrative-activity warning detected.
C-32740,9.44,9.44,2,5,0,,No strong administrative-activity warning detected.
C-33854,9.43,9.43,0,2,0,,No strong administrative-activity warning detected.
C-30242,9.43,9.43,1,3,0,,No strong administrative-activity warning detected.
C-30233,9.43,9.43,1,0,0,,No strong administrative-activity warning detected.
C-33740,9.43,9.43,1,2,0,,No strong administrative-activity warning detected.
C-30152,9.42,9.42,3,5,0,,No strong administrative-activity warning detected.
C-33565,9.42,9.42,0,0,0,,No strong administrative-activity warning detected.
C-30539,9.42,9.42,2,5,0,,No strong administrative-activity warning detected.
C-31610,9.42,9.42,0,2,0,,No strong administrative-activity warning detected.
C-33146,9.42,9.42,1,4,0,,No strong administrative-activity warning detected.
C-33843,9.41,9.41,2,6,1,6 contact attempts,Administrative activity may have a legitimate explanation and should not be treated as evidence of improper payment.
C-33772,9.41,9.41,0,2,0,,No strong administrative-activity warning detected.
C-33562,9.41,9.41,1,1,0,,No strong administrative-activity warning detected.
C-33415,9.41,9.41,0,4,0,,No strong administrative-activity warning detected.
C-31647,9.41,9.41,1,2,0,,No strong administrative-activity warning detected.
C-33879,9.41,9.41,0,3,0,,No strong administrative-activity warning detected.
C-31577,9.4,9.4,0,0,0,,No strong administrative-activity warning detected.
C-30808,9.4,9.4,2,2,0,,No strong administrative-activity warning detected.
C-30758,9.4,9.4,1,3,0,,No strong administrative-activity warning detected.
C-31157,9.4,9.4,0,2,0,,No strong administrative-activity warning detected.
C-32467,9.39,9.39,1,0,0,,No strong administrative-activity warning detected.
C-32333,9.39,9.39,0,3,0,,No strong administrative-activity warning detected.
C-30450,9.39,9.39,0,3,0,,No strong administrative-activity warning detected.
C-32485,9.39,9.39,0,3,0,,No strong administrative-activity warning detected.
C-31108,9.39,9.39,1,2,0,,No strong administrative-activity warning detected.
C-33882,9.39,9.39,1,1,0,,No strong administrative-activity warning detected.
C-30429,9.39,9.39,0,1,0,,No strong administrative-activity warning detected.
C-32949,9.39,9.39,0,3,0,,No strong administrative-activity warning detected.
C-32750,9.39,9.39,1,5,0,,No strong administrative-activity warning detected.
C-30272,9.38,9.38,0,1,0,,No strong administrative-activity warning detected.
C-33189,9.38,9.38,0,2,0,,No strong administrative-activity warning detected.
C-34060,9.38,9.38,0,0,0,,No strong administrative-activity warning detected.
C-34150,9.38,9.38,1,2,0,,No strong administrative-activity warning detected.
C-33998,9.38,9.38,1,0,0,,No strong administrative-activity warning detected.
C-31646,9.38,9.38,2,3,0,,No strong administrative-activity warning detected.
C-34030,9.38,9.38,1,2,0,,No strong administrative-activity warning detected.
C-32628,9.38,9.38,1,3,0,,No strong administrative-activity warning detected.
C-33052,9.38,9.38,1,4,0,,No strong administrative-activity warning detected.
C-31538,9.38,9.38,1,2,0,,No strong administrative-activity warning detected.
C-30494,9.38,9.38,1,2,0,,No strong administrative-activity warning detected.
C-32830,9.38,9.38,1,4,0,,No strong administrative-activity warning detected.
C-31807,9.38,9.38,1,2,0,,No strong administrative-activity warning detected.
C-33752,9.38,9.38,0,1,0,,No strong administrative-activity warning detected.
C-30792,9.37,9.37,1,2,0,,No strong administrative-activity warning detected.
C-31650,9.37,9.37,1,3,0,,No strong administrative-activity warning detected.
C-31016,9.37,9.37,1,4,0,,No strong administrative-activity warning detected.
C-30894,9.37,9.37,2,3,0,,No strong administrative-activity warning detected.
C-33421,9.37,9.37,1,2,0,,No strong administrative-activity warning detected.
C-33770,9.37,9.37,2,2,0,,No strong administrative-activity warning detected.
C-34058,9.37,9.37,0,3,0,,No strong administrative-activity warning detected.
C-31023,9.36,9.36,0,5,0,,No strong administrative-activity warning detected.
C-33097,9.36,9.36,2,5,0,,No strong administrative-activity warning detected.
C-31346,9.36,9.36,1,4,0,,No strong administrative-activity warning detected.
C-32632,9.36,9.36,1,3,0,,No strong administrative-activity warning detected.
C-33971,9.36,9.36,1,1,0,,No strong administrative-activity warning detected.
C-32386,9.35,9.35,2,3,0,,No strong administrative-activity warning detected.
C-30054,9.35,9.35,2,5,0,,No strong administrative-activity warning detected.
C-31406,9.35,9.35,0,0,0,,No strong administrative-activity warning detected.
C-34178,9.35,9.35,1,1,0,,No strong administrative-activity warning detected.
C-32299,9.35,9.35,0,0,0,,No strong administrative-activity warning detected.
C-32083,9.35,9.35,1,6,1,6 contact attempts,Administrative activity may have a legitimate explanation and should not be treated as evidence of improper payment.
C-31631,9.35,9.35,1,1,0,,No strong administrative-activity warning detected.
C-32807,9.34,9.34,1,3,0,,No strong administrative-activity warning detected.
C-32739,9.34,9.34,0,1,0,,No strong administrative-activity warning detected.
C-31947,9.34,9.34,0,3,0,,No strong administrative-activity warning detected.
C-31271,9.34,9.34,0,2,0,,No strong administrative-activity warning detected.
C-32121,9.34,9.34,1,1,0,,No strong administrative-activity warning detected.
C-33716,9.34,9.34,2,5,0,,No strong administrative-activity warning detected.
C-33778,9.34,9.34,2,3,0,,No strong administrative-activity warning detected.
C-31693,9.33,9.33,1,2,0,,No strong administrative-activity warning detected.
C-32913,9.33,9.33,0,1,0,,No strong administrative-activity warning detected.
C-33079,9.33,9.33,3,2,0,,No strong administrative-activity warning detected.
C-31967,9.33,9.33,0,4,0,,No strong administrative-activity warning detected.
C-30561,9.32,9.32,1,3,0,,No strong administrative-activity warning detected.
C-31857,9.32,9.32,1,3,0,,No strong administrative-activity warning detected.
C-33308,9.32,9.32,0,3,0,,No strong administrative-activity warning detected.
C-33908,9.32,9.32,0,1,0,,No strong administrative-activity warning detected.
C-33813,9.32,9.32,0,3,0,,No strong administrative-activity warning detected.
C-33832,9.32,9.32,1,0,0,,No strong administrative-activity warning detected.
C-33765,9.31,9.31,0,0,0,,No strong administrative-activity warning detected.
C-34103,9.31,9.31,2,2,0,,No strong administrative-activity warning detected.
C-33329,9.31,9.31,4,3,1,4 payment adjustments,Administrative activity may have a legitimate explanation and should not be treated as evidence of improper payment.
C-33695,9.31,9.31,1,2,0,,No strong administrative-activity warning detected.
C-32759,9.31,9.31,1,4,0,,No strong administrative-activity warning detected.
C-32585,9.31,9.31,1,2,0,,No strong administrative-activity warning detected.
C-34026,9.31,9.31,0,0,0,,No strong administrative-activity warning detected.
C-33327,9.31,9.31,0,2,0,,No strong administrative-activity warning detected.
C-30459,9.3,9.3,1,4,0,,No strong administrative-activity warning detected.
C-33669,9.3,9.3,1,3,0,,No strong administrative-activity warning detected.
C-31376,9.3,9.3,1,2,0,,No strong administrative-activity warning detected.
C-31109,9.3,9.3,0,3,0,,No strong administrative-activity warning detected.
C-31489,9.3,9.3,0,4,0,,No strong administrative-activity warning detected.
C-33270,9.3,9.3,2,2,0,,No strong administrative-activity warning detected.
C-32460,9.29,9.29,0,1,0,,No strong administrative-activity warning detected.
C-31419,9.29,9.29,2,2,0,,No strong administrative-activity warning detected.
C-33399,9.29,9.29,0,0,0,,No strong administrative-activity warning detected.
C-31771,9.29,9.29,3,3,0,,No strong administrative-activity warning detected.
C-30822,9.29,9.29,0,3,0,,No strong administrative-activity warning detected.
C-31188,9.29,9.29,1,1,0,,No strong administrative-activity warning detected.
C-31237,9.28,9.28,1,2,0,,No strong administrative-activity warning detected.
C-32287,9.28,9.28,0,0,0,,No strong administrative-activity warning detected.
C-30776,9.28,9.28,1,0,0,,No strong administrative-activity warning detected.
C-34147,9.28,9.28,0,0,0,,No strong administrative-activity warning detected.
C-30640,9.28,9.28,1,0,0,,No strong administrative-activity warning detected.
C-30295,9.28,9.28,1,2,0,,No strong administrative-activity warning detected.
C-31535,9.28,9.28,0,2,0,,No strong administrative-activity warning detected.
C-30980,9.28,9.28,2,4,0,,No strong administrative-activity warning detected.
C-33672,9.28,9.28,1,1,0,,No strong administrative-activity warning detected.
C-31072,9.28,9.28,0,0,0,,No strong administrative-activity warning detected.
C-32453,9.27,9.27,0,0,0,,No strong administrative-activity warning detected.
C-32835,9.27,9.27,1,4,0,,No strong administrative-activity warning detected.
C-33785,9.27,9.27,2,0,0,,No strong administrative-activity warning detected.
C-30482,9.27,9.27,0,4,0,,No strong administrative-activity warning detected.
C-34146,9.27,9.27,1,4,0,,No strong administrative-activity warning detected.
C-33000,9.27,9.27,1,1,0,,No strong administrative-activity warning detected.
C-30341,9.26,9.26,1,0,0,,No strong administrative-activity warning detected.
C-33835,9.26,9.26,0,0,0,,No strong administrative-activity warning detected.
C-33141,9.26,9.26,0,3,0,,No strong administrative-activity warning detected.
C-31818,9.26,9.26,1,0,0,,No strong administrative-activity warning detected.
C-30625,9.26,9.26,1,3,0,,No strong administrative-activity warning detected.
C-30037,9.26,9.26,2,5,0,,No strong administrative-activity warning detected.
C-31531,9.25,9.25,2,0,0,,No strong administrative-activity warning detected.
C-33156,9.25,9.25,1,3,0,,No strong administrative-activity warning detected.
C-33472,9.25,9.25,1,2,0,,No strong administrative-activity warning detected.
C-31198,9.25,9.25,1,3,0,,No strong administrative-activity warning detected.
C-30778,9.25,9.25,0,1,0,,No strong administrative-activity warning detected.
C-30255,9.25,9.25,0,3,0,,No strong administrative-activity warning detected.
C-31660,9.24,9.24,1,2,0,,No strong administrative-activity warning detected.
C-30008,9.24,9.24,2,3,0,,No strong administrative-activity warning detected.
C-33487,9.24,9.24,0,5,0,,No strong administrative-activity warning detected.
C-33759,9.23,9.23,1,1,0,,No strong administrative-activity warning detected.
C-32649,9.23,9.23,0,1,0,,No strong administrative-activity warning detected.
C-32050,9.23,9.23,0,2,0,,No strong administrative-activity warning detected.
C-30492,9.23,9.23,2,4,0,,No strong administrative-activity warning detected.
C-31291,9.23,9.23,1,4,0,,No strong administrative-activity warning detected.
C-31725,9.23,9.23,1,0,0,,No strong administrative-activity warning detected.
C-31611,9.23,9.23,1,3,0,,No strong administrative-activity warning detected.
C-32271,9.23,9.23,1,6,1,6 contact attempts,Administrative activity may have a legitimate explanation and should not be treated as evidence of improper payment.
C-32113,9.23,9.23,1,1,0,,No strong administrative-activity warning detected.
C-34043,9.23,9.23,0,0,0,,No strong administrative-activity warning detected.
C-31870,9.22,9.22,2,0,0,,No strong administrative-activity warning detected.
C-32788,9.22,9.22,1,4,0,,No strong administrative-activity warning detected.
C-30748,9.22,9.22,0,3,0,,No strong administrative-activity warning detected.
C-30988,9.21,9.21,1,0,0,,No strong administrative-activity warning detected.
C-33836,9.21,9.21,1,2,0,,No strong administrative-activity warning detected.
C-32914,9.21,9.21,1,2,0,,No strong administrative-activity warning detected.
C-31024,9.21,9.21,0,2,0,,No strong administrative-activity warning detected.
C-32177,9.21,9.21,0,0,0,,No strong administrative-activity warning detected.
C-31718,9.21,9.21,2,4,0,,No strong administrative-activity warning detected.
C-31847,9.21,9.21,0,0,0,,No strong administrative-activity warning detected.
C-30984,9.2,9.2,0,0,0,,No strong administrative-activity warning detected.
C-30706,9.2,9.2,0,0,0,,No strong administrative-activity warning detected.
C-31990,9.2,9.2,3,4,0,,No strong administrative-activity warning detected.
C-30521,9.2,9.2,0,2,0,,No strong administrative-activity warning detected.
C-32566,9.2,9.2,1,1,0,,No strong administrative-activity warning detected.
C-31798,9.2,9.2,0,3,0,,No strong administrative-activity warning detected.
C-33299,9.19,9.19,1,5,0,,No strong administrative-activity warning detected.
C-32922,9.19,9.19,0,4,0,,No strong administrative-activity warning detected.
C-34097,9.19,9.19,2,5,0,,No strong administrative-activity warning detected.
C-32683,9.18,9.18,2,7,1,7 contact attempts,Administrative activity may have a legitimate explanation and should not be treated as evidence of improper payment.
C-32643,9.18,9.18,2,3,0,,No strong administrative-activity warning detected.
C-32727,9.18,9.18,1,5,0,,No strong administrative-activity warning detected.
C-30366,9.17,9.17,1,1,0,,No strong administrative-activity warning detected.
C-32081,9.17,9.17,2,4,0,,No strong administrative-activity warning detected.
C-30512,9.17,9.17,1,0,0,,No strong administrative-activity warning detected.
C-31735,9.17,9.17,1,0,0,,No strong administrative-activity warning detected.
C-33453,9.17,9.17,3,4,0,,No strong administrative-activity warning detected.
C-33572,9.16,9.16,0,5,0,,No strong administrative-activity warning detected.
C-32070,9.16,9.16,1,1,0,,No strong administrative-activity warning detected.
C-33072,9.16,9.16,0,2,0,,No strong administrative-activity warning detected.
C-33817,9.16,9.16,1,5,0,,No strong administrative-activity warning detected.
C-30989,9.16,9.16,0,4,0,,No strong administrative-activity warning detected.
C-31452,9.16,9.16,2,2,0,,No strong administrative-activity warning detected.
C-34111,9.16,9.16,0,0,0,,No strong administrative-activity warning detected.
C-32174,9.16,9.16,0,4,0,,No strong administrative-activity warning detected.
C-31788,9.16,9.16,2,5,0,,No strong administrative-activity warning detected.
C-32718,9.16,9.16,3,5,0,,No strong administrative-activity warning detected.
C-32772,9.16,9.16,1,5,0,,No strong administrative-activity warning detected.
C-32108,9.15,9.15,0,1,0,,No strong administrative-activity warning detected.
C-31087,9.15,9.15,1,2,0,,No strong administrative-activity warning detected.
C-31068,9.15,9.15,1,0,0,,No strong administrative-activity warning detected.
C-33444,9.15,9.15,1,0,0,,No strong administrative-activity warning detected.
C-32633,9.15,9.15,1,2,0,,No strong administrative-activity warning detected.
C-31342,9.15,9.15,0,0,0,,No strong administrative-activity warning detected.
C-30580,9.15,9.15,0,3,0,,No strong administrative-activity warning detected.
C-32241,9.15,9.15,1,5,0,,No strong administrative-activity warning detected.
C-33280,9.15,9.15,0,0,0,,No strong administrative-activity warning detected.
C-31635,9.14,9.14,1,3,0,,No strong administrative-activity warning detected.
C-31692,9.14,9.14,1,1,0,,No strong administrative-activity warning detected.
C-30111,9.14,9.14,2,6,1,6 contact attempts,Administrative activity may have a legitimate explanation and should not be treated as evidence of improper payment.
C-33790,9.14,9.14,0,3,0,,No strong administrative-activity warning detected.
C-33700,9.14,9.14,2,3,0,,No strong administrative-activity warning detected.
C-30319,9.13,9.13,0,1,0,,No strong administrative-activity warning detected.
C-33833,9.13,9.13,1,2,0,,No strong administrative-activity warning detected.
C-31356,9.13,9.13,1,7,1,7 contact attempts,Administrative activity may have a legitimate explanation and should not be treated as evidence of improper payment.
C-30735,9.13,9.13,1,1,0,,No strong administrative-activity warning detected.
C-32085,9.13,9.13,0,0,0,,No strong administrative-activity warning detected.
C-32634,9.13,9.13,0,2,0,,No strong administrative-activity warning detected.
C-30265,9.13,9.13,3,3,0,,No strong administrative-activity warning detected.
C-31031,9.13,9.13,1,1,0,,No strong administrative-activity warning detected.
C-33204,9.12,9.12,1,3,0,,No strong administrative-activity warning detected.
C-31039,9.12,9.12,1,4,0,,No strong administrative-activity warning detected.
C-30725,9.12,9.12,0,2,0,,No strong administrative-activity warning detected.
C-32056,9.12,9.12,0,3,0,,No strong administrative-activity warning detected.
C-30463,9.12,9.12,1,4,0,,No strong administrative-activity warning detected.
C-30251,9.12,9.12,1,1,0,,No strong administrative-activity warning detected.
C-33409,9.11,9.11,1,0,0,,No strong administrative-activity warning detected.
C-30807,9.11,9.11,1,5,0,,No strong administrative-activity warning detected.
C-34169,9.11,9.11,1,2,0,,No strong administrative-activity warning detected.
C-33302,9.11,9.11,2,1,0,,No strong administrative-activity warning detected.
C-32374,9.11,9.11,0,0,0,,No strong administrative-activity warning detected.
C-32567,9.1,9.1,1,1,0,,No strong administrative-activity warning detected.
C-32853,9.1,9.1,1,2,0,,No strong administrative-activity warning detected.
C-34051,9.1,9.1,1,1,0,,No strong administrative-activity warning detected.
C-32850,9.1,9.1,2,2,0,,No strong administrative-activity warning detected.
C-33886,9.1,9.1,2,2,0,,No strong administrative-activity warning detected.
C-32065,9.1,9.1,0,3,0,,No strong administrative-activity warning detected.
C-33113,9.09,9.09,0,2,0,,No strong administrative-activity warning detected.
C-31814,9.09,9.09,0,0,0,,No strong administrative-activity warning detected.
C-34198,9.09,9.09,2,6,1,6 contact attempts,Administrative activity may have a legitimate explanation and should not be treated as evidence of improper payment.
C-31662,9.09,9.09,0,3,0,,No strong administrative-activity warning detected.
C-31633,9.09,9.09,1,5,0,,No strong administrative-activity warning detected.
C-33823,9.09,9.09,1,4,0,,No strong administrative-activity warning detected.
C-30781,9.08,9.08,0,2,0,,No strong administrative-activity warning detected.
C-32782,9.08,9.08,0,0,0,,No strong administrative-activity warning detected.
C-30028,9.08,9.08,0,2,0,,No strong administrative-activity warning detected.
C-30931,9.07,9.07,0,0,0,,No strong administrative-activity warning detected.
C-32592,9.07,9.07,0,1,0,,No strong administrative-activity warning detected.
C-30719,9.06,9.06,0,0,0,,No strong administrative-activity warning detected.
C-30053,9.06,9.06,5,5,1,5 payment adjustments,Administrative activity may have a legitimate explanation and should not be treated as evidence of improper payment.
C-33578,9.06,9.06,1,8,1,8 contact attempts,Administrative activity may have a legitimate explanation and should not be treated as evidence of improper payment.
C-32318,9.06,9.06,1,5,0,,No strong administrative-activity warning detected.
C-33600,9.06,9.06,0,3,0,,No strong administrative-activity warning detected.
C-32827,9.06,9.06,2,1,0,,No strong administrative-activity warning detected.
C-31863,9.06,9.06,2,0,0,,No strong administrative-activity warning detected.
C-32454,9.06,9.06,0,4,0,,No strong administrative-activity warning detected.
C-31687,9.05,9.05,0,2,0,,No strong administrative-activity warning detected.
C-32282,9.05,9.05,1,3,0,,No strong administrative-activity warning detected.
C-31045,9.05,9.05,1,5,0,,No strong administrative-activity warning detected.
C-33083,9.05,9.05,0,0,0,,No strong administrative-activity warning detected.
C-33771,9.05,9.05,0,0,0,,No strong administrative-activity warning detected.
C-34048,9.05,9.05,1,2,0,,No strong administrative-activity warning detected.
C-32472,9.05,9.05,0,2,0,,No strong administrative-activity warning detected.
C-31764,9.05,9.05,5,5,1,5 payment adjustments,Administrative activity may have a legitimate explanation and should not be treated as evidence of improper payment.
C-31416,9.04,9.04,0,4,0,,No strong administrative-activity warning detected.
C-32929,9.04,9.04,1,3,0,,No strong administrative-activity warning detected.
C-30180,9.04,9.04,0,0,0,,No strong administrative-activity warning detected.
C-31728,9.04,9.04,0,0,0,,No strong administrative-activity warning detected.
C-31077,9.03,9.03,0,2,0,,No strong administrative-activity warning detected.
C-30322,9.03,9.03,2,0,0,,No strong administrative-activity warning detected.
C-34098,9.03,9.03,0,1,0,,No strong administrative-activity warning detected.
C-32091,9.03,9.03,0,5,0,,No strong administrative-activity warning detected.
C-30409,9.03,9.03,2,5,0,,No strong administrative-activity warning detected.
C-31032,9.03,9.03,2,2,0,,No strong administrative-activity warning detected.
C-31355,9.03,9.03,1,3,0,,No strong administrative-activity warning detected.
C-31499,9.02,9.02,0,2,0,,No strong administrative-activity warning detected.
C-32691,9.02,9.02,2,1,0,,No strong administrative-activity warning detected.
C-33718,9.02,9.02,0,0,0,,No strong administrative-activity warning detected.
C-31006,9.02,9.02,1,1,0,,No strong administrative-activity warning detected.
C-30550,9.02,9.02,1,1,0,,No strong administrative-activity warning detected.
C-30694,9.01,9.01,1,1,0,,No strong administrative-activity warning detected.
C-32248,9.01,9.01,1,3,0,,No strong administrative-activity warning detected.
C-30771,9.01,9.01,0,1,0,,No strong administrative-activity warning detected.
C-33477,9.0,9.0,0,2,0,,No strong administrative-activity warning detected.
C-33230,9.0,9.0,2,1,0,,No strong administrative-activity warning detected.
C-31640,9.0,9.0,2,4,0,,No strong administrative-activity warning detected.
C-30498,9.0,9.0,1,2,0,,No strong administrative-activity warning detected.
C-31138,8.99,8.99,0,3,0,,No strong administrative-activity warning detected.
C-32354,8.99,8.99,0,1,0,,No strong administrative-activity warning detected.
C-32029,8.98,8.98,0,3,0,,No strong administrative-activity warning detected.
C-32893,8.97,8.97,1,4,0,,No strong administrative-activity warning detected.
C-33685,8.97,8.97,2,3,0,,No strong administrative-activity warning detected.
C-31748,8.97,8.97,2,0,0,,No strong administrative-activity warning detected.
C-31869,8.97,8.97,2,5,0,,No strong administrative-activity warning detected.
C-31542,8.97,8.97,2,2,0,,No strong administrative-activity warning detected.
C-33448,8.96,8.96,1,1,0,,No strong administrative-activity warning detected.
C-30312,8.96,8.96,2,4,0,,No strong administrative-activity warning detected.
C-32851,8.95,8.95,3,5,0,,No strong administrative-activity warning detected.
C-31075,8.95,8.95,0,0,0,,No strong administrative-activity warning detected.
C-34041,8.95,8.95,0,1,0,,No strong administrative-activity warning detected.
C-30623,8.95,8.95,1,3,0,,No strong administrative-activity warning detected.
C-31371,8.94,8.94,0,3,0,,No strong administrative-activity warning detected.
C-33353,8.94,8.94,0,0,0,,No strong administrative-activity warning detected.
C-30752,8.94,8.94,0,5,0,,No strong administrative-activity warning detected.
C-32105,8.94,8.94,2,1,0,,No strong administrative-activity warning detected.
C-31677,8.93,8.93,3,6,1,6 contact attempts,Administrative activity may have a legitimate explanation and should not be treated as evidence of improper payment.
C-33084,8.93,8.93,1,3,0,,No strong administrative-activity warning detected.
C-33343,8.93,8.93,1,0,0,,No strong administrative-activity warning detected.
C-32350,8.93,8.93,1,0,0,,No strong administrative-activity warning detected.
C-34173,8.93,8.93,0,0,0,,No strong administrative-activity warning detected.
C-33094,8.93,8.93,1,1,0,,No strong administrative-activity warning detected.
C-31486,8.93,8.93,0,0,0,,No strong administrative-activity warning detected.
C-31767,8.93,8.93,1,3,0,,No strong administrative-activity warning detected.
C-31411,8.92,8.92,1,3,0,,No strong administrative-activity warning detected.
C-32313,8.92,8.92,0,0,0,,No strong administrative-activity warning detected.
C-32230,8.92,8.92,1,3,0,,No strong administrative-activity warning detected.
C-32817,8.91,8.91,2,6,1,6 contact attempts,Administrative activity may have a legitimate explanation and should not be treated as evidence of improper payment.
C-30438,8.91,8.91,1,1,0,,No strong administrative-activity warning detected.
C-32808,8.91,8.91,0,7,1,7 contact attempts,Administrative activity may have a legitimate explanation and should not be treated as evidence of improper payment.
C-30616,8.9,8.9,4,5,1,4 payment adjustments,Administrative activity may have a legitimate explanation and should not be treated as evidence of improper payment.
C-30203,8.9,8.9,0,2,0,,No strong administrative-activity warning detected.
C-30296,8.89,8.89,1,1,0,,No strong administrative-activity warning detected.
C-30256,8.89,8.89,1,4,0,,No strong administrative-activity warning detected.
C-33236,8.89,8.89,1,4,0,,No strong administrative-activity warning detected.
C-33423,8.88,8.88,0,0,0,,No strong administrative-activity warning detected.
C-30338,8.88,8.88,1,2,0,,No strong administrative-activity warning detected.
C-31134,8.88,8.88,3,3,0,,No strong administrative-activity warning detected.
C-30925,8.87,8.87,2,3,0,,No strong administrative-activity warning detected.
C-31121,8.87,8.87,2,4,0,,No strong administrative-activity warning detected.
C-31952,8.87,8.87,0,1,0,,No strong administrative-activity warning detected.
C-32892,8.87,8.87,0,0,0,,No strong administrative-activity warning detected.
C-33380,8.86,8.86,0,2,0,,No strong administrative-activity warning detected.
C-30917,8.86,8.86,0,5,0,,No strong administrative-activity warning detected.
C-33195,8.85,8.85,1,2,0,,No strong administrative-activity warning detected.
C-33779,8.85,8.85,0,3,0,,No strong administrative-activity warning detected.
C-33383,8.85,8.85,1,2,0,,No strong administrative-activity warning detected.
C-30645,8.84,8.84,0,4,0,,No strong administrative-activity warning detected.
C-33891,8.84,8.84,0,2,0,,No strong administrative-activity warning detected.
C-33498,8.84,8.84,0,2,0,,No strong administrative-activity warning detected.
C-30927,8.84,8.84,0,5,0,,No strong administrative-activity warning detected.
C-33687,8.83,8.83,2,2,0,,No strong administrative-activity warning detected.
C-34196,8.82,8.82,3,3,0,,No strong administrative-activity warning detected.
C-34076,8.82,8.82,1,0,0,,No strong administrative-activity warning detected.
C-31537,8.81,8.81,0,2,0,,No strong administrative-activity warning detected.
C-31826,8.81,8.81,1,0,0,,No strong administrative-activity warning detected.
C-32112,8.81,8.81,1,0,0,,No strong administrative-activity warning detected.
C-34088,8.81,8.81,0,2,0,,No strong administrative-activity warning detected.
C-31841,8.8,8.8,0,2,0,,No strong administrative-activity warning detected.
C-30960,8.8,8.8,1,1,0,,No strong administrative-activity warning detected.
C-34053,8.8,8.8,1,1,0,,No strong administrative-activity warning detected.
C-34007,8.8,8.8,1,4,0,,No strong administrative-activity warning detected.
C-32464,8.8,8.8,1,1,0,,No strong administrative-activity warning detected.
C-30432,8.8,8.8,0,1,0,,No strong administrative-activity warning detected.
C-30448,8.8,8.8,1,1,0,,No strong administrative-activity warning detected.
C-32450,8.79,8.79,2,3,0,,No strong administrative-activity warning detected.
C-33289,8.79,8.79,0,2,0,,No strong administrative-activity warning detected.
C-32961,8.79,8.79,1,2,0,,No strong administrative-activity warning detected.
C-31920,8.79,8.79,0,2,0,,No strong administrative-activity warning detected.
C-31104,8.78,8.78,2,4,0,,No strong administrative-activity warning detected.
C-31297,8.78,8.78,0,1,0,,No strong administrative-activity warning detected.
C-30866,8.77,8.77,1,1,0,,No strong administrative-activity warning detected.
C-32229,8.77,8.77,2,3,0,,No strong administrative-activity warning detected.
C-33570,8.76,8.76,2,1,0,,No strong administrative-activity warning detected.
C-33475,8.76,8.76,0,3,0,,No strong administrative-activity warning detected.
C-30348,8.75,8.75,2,3,0,,No strong administrative-activity warning detected.
C-31575,8.75,8.75,0,3,0,,No strong administrative-activity warning detected.
C-33890,8.75,8.75,1,3,0,,No strong administrative-activity warning detected.
C-30011,8.74,8.74,1,1,0,,No strong administrative-activity warning detected.
C-30304,8.74,8.74,2,3,0,,No strong administrative-activity warning detected.
C-31290,8.73,8.73,0,1,0,,No strong administrative-activity warning detected.
C-34032,8.73,8.73,0,1,0,,No strong administrative-activity warning detected.
C-33406,8.72,8.72,2,4,0,,No strong administrative-activity warning detected.
C-30519,8.72,8.72,0,6,1,6 contact attempts,Administrative activity may have a legitimate explanation and should not be treated as evidence of improper payment.
C-34090,8.72,8.72,0,3,0,,No strong administrative-activity warning detected.
C-33341,8.71,8.71,0,1,0,,No strong administrative-activity warning detected.
C-30417,8.71,8.71,0,2,0,,No strong administrative-activity warning detected.
C-30904,8.71,8.71,3,4,0,,No strong administrative-activity warning detected.
C-31450,8.71,8.71,1,4,0,,No strong administrative-activity warning detected.
C-30464,8.71,8.71,1,4,0,,No strong administrative-activity warning detected.
C-30691,8.71,8.71,3,5,0,,No strong administrative-activity warning detected.
C-30268,8.71,8.71,4,2,1,4 payment adjustments,Administrative activity may have a legitimate explanation and should not be treated as evidence of improper payment.
C-32519,8.7,8.7,2,2,0,,No strong administrative-activity warning detected.
C-31428,8.69,8.69,1,5,0,,No strong administrative-activity warning detected.
C-33482,8.69,8.69,2,1,0,,No strong administrative-activity warning detected.
C-30836,8.69,8.69,3,1,0,,No strong administrative-activity warning detected.
C-30906,8.69,8.69,0,1,0,,No strong administrative-activity warning detected.
C-32990,8.69,8.69,0,4,0,,No strong administrative-activity warning detected.
C-31688,8.69,8.69,1,3,0,,No strong administrative-activity warning detected.
C-31690,8.68,8.68,1,0,0,,No strong administrative-activity warning detected.
C-33462,8.68,8.68,0,2,0,,No strong administrative-activity warning detected.
C-33089,8.68,8.68,2,3,0,,No strong administrative-activity warning detected.
C-33887,8.68,8.68,0,0,0,,No strong administrative-activity warning detected.
C-32984,8.68,8.68,1,3,0,,No strong administrative-activity warning detected.
C-32506,8.68,8.68,1,2,0,,No strong administrative-activity warning detected.
C-32003,8.68,8.68,1,2,0,,No strong administrative-activity warning detected.
C-33829,8.68,8.68,2,4,0,,No strong administrative-activity warning detected.
C-31773,8.67,8.67,1,0,0,,No strong administrative-activity warning detected.
C-33798,8.66,8.66,2,7,1,7 contact attempts,Administrative activity may have a legitimate explanation and should not be treated as evidence of improper payment.
C-32557,8.66,8.66,0,3,0,,No strong administrative-activity warning detected.
C-31200,8.66,8.66,1,0,0,,No strong administrative-activity warning detected.
C-32277,8.66,8.66,1,3,0,,No strong administrative-activity warning detected.
C-31496,8.65,8.65,1,2,0,,No strong administrative-activity warning detected.
C-30049,8.65,8.65,0,3,0,,No strong administrative-activity warning detected.
C-32438,8.65,8.65,2,5,0,,No strong administrative-activity warning detected.
C-30378,8.65,8.65,1,2,0,,No strong administrative-activity warning detected.
C-30347,8.65,8.65,2,4,0,,No strong administrative-activity warning detected.
C-32001,8.65,8.65,0,3,0,,No strong administrative-activity warning detected.
C-33159,8.64,8.64,2,2,0,,No strong administrative-activity warning detected.
C-33478,8.64,8.64,1,2,0,,No strong administrative-activity warning detected.
C-31556,8.64,8.64,0,4,0,,No strong administrative-activity warning detected.
C-34186,8.63,8.63,0,1,0,,No strong administrative-activity warning detected.
C-31370,8.63,8.63,1,2,0,,No strong administrative-activity warning detected.
C-33591,8.63,8.63,0,3,0,,No strong administrative-activity warning detected.
C-31784,8.62,8.62,0,0,0,,No strong administrative-activity warning detected.
C-31790,8.62,8.62,2,4,0,,No strong administrative-activity warning detected.
C-33213,8.62,8.62,0,0,0,,No strong administrative-activity warning detected.
C-33739,8.61,8.61,1,0,0,,No strong administrative-activity warning detected.
C-30723,8.61,8.61,2,6,1,6 contact attempts,Administrative activity may have a legitimate explanation and should not be treated as evidence of improper payment.
C-30060,8.61,8.61,0,1,0,,No strong administrative-activity warning detected.
C-30646,8.6,8.6,1,4,0,,No strong administrative-activity warning detected.
C-30704,8.59,8.59,0,4,0,,No strong administrative-activity warning detected.
C-34059,8.59,8.59,0,3,0,,No strong administrative-activity warning detected.
C-33705,8.59,8.59,2,2,0,,No strong administrative-activity warning detected.
C-30877,8.58,8.58,0,0,0,,No strong administrative-activity warning detected.
C-32861,8.58,8.58,1,1,0,,No strong administrative-activity warning detected.
C-30382,8.58,8.58,3,3,0,,No strong administrative-activity warning detected.
C-30134,8.57,8.57,2,1,0,,No strong administrative-activity warning detected.
C-32556,8.57,8.57,1,1,0,,No strong administrative-activity warning detected.
C-30909,8.57,8.57,2,3,0,,No strong administrative-activity warning detected.
C-31111,8.55,8.55,0,3,0,,No strong administrative-activity warning detected.
C-34065,8.55,8.55,1,0,0,,No strong administrative-activity warning detected.
C-30997,8.55,8.55,1,5,0,,No strong administrative-activity warning detected.
C-30594,8.54,8.54,0,0,0,,No strong administrative-activity warning detected.
C-30222,8.54,8.54,0,2,0,,No strong administrative-activity warning detected.
C-32801,8.53,8.53,0,4,0,,No strong administrative-activity warning detected.
C-34009,8.53,8.53,2,3,0,,No strong administrative-activity warning detected.
C-32561,8.52,8.52,1,0,0,,No strong administrative-activity warning detected.
C-30408,8.52,8.52,1,4,0,,No strong administrative-activity warning detected.
C-31634,8.52,8.52,1,2,0,,No strong administrative-activity warning detected.
C-30418,8.52,8.52,0,0,0,,No strong administrative-activity warning detected.
C-32564,8.51,8.51,0,2,0,,No strong administrative-activity warning detected.
C-30161,8.5,8.5,0,3,0,,No strong administrative-activity warning detected.
C-31938,8.5,8.5,2,2,0,,No strong administrative-activity warning detected.
C-33933,8.5,8.5,0,2,0,,No strong administrative-activity warning detected.
C-34018,8.5,8.5,0,0,0,,No strong administrative-activity warning detected.
C-30638,8.5,8.5,1,6,1,6 contact attempts,Administrative activity may have a legitimate explanation and should not be treated as evidence of improper payment.
C-34199,8.49,8.49,0,1,0,,No strong administrative-activity warning detected.
C-32011,8.49,8.49,0,4,0,,No strong administrative-activity warning detected.
C-30221,8.49,8.49,0,1,0,,No strong administrative-activity warning detected.
C-34096,8.48,8.48,2,2,0,,No strong administrative-activity warning detected.
C-32657,8.48,8.48,2,2,0,,No strong administrative-activity warning detected.
C-31245,8.46,8.46,0,0,0,,No strong administrative-activity warning detected.
C-30349,8.46,8.46,1,3,0,,No strong administrative-activity warning detected.
C-32305,8.46,8.46,2,2,0,,No strong administrative-activity warning detected.
C-32737,8.46,8.46,1,2,0,,No strong administrative-activity warning detected.
C-31430,8.45,8.45,2,1,0,,No strong administrative-activity warning detected.
C-31951,8.45,8.45,1,0,0,,No strong administrative-activity warning detected.
C-32326,8.44,8.44,0,3,0,,No strong administrative-activity warning detected.
C-31274,8.44,8.44,0,2,0,,No strong administrative-activity warning detected.
C-32433,8.43,8.43,4,4,1,4 payment adjustments,Administrative activity may have a legitimate explanation and should not be treated as evidence of improper payment.
C-31120,8.43,8.43,1,3,0,,No strong administrative-activity warning detected.
C-33229,8.43,8.43,1,0,0,,No strong administrative-activity warning detected.
C-32480,8.43,8.43,0,1,0,,No strong administrative-activity warning detected.
C-33105,8.42,8.42,0,2,0,,No strong administrative-activity warning detected.
C-30815,8.42,8.42,0,3,0,,No strong administrative-activity warning detected.
C-30548,8.42,8.42,1,2,0,,No strong administrative-activity warning detected.
C-31174,8.42,8.42,0,1,0,,No strong administrative-activity warning detected.
C-31150,8.42,8.42,0,4,0,,No strong administrative-activity warning detected.
C-32060,8.41,8.41,1,3,0,,No strong administrative-activity warning detected.
C-32766,8.41,8.41,0,4,0,,No strong administrative-activity warning detected.
C-32874,8.4,8.4,2,6,1,6 contact attempts,Administrative activity may have a legitimate explanation and should not be treated as evidence of improper payment.
C-30794,8.4,8.4,1,3,0,,No strong administrative-activity warning detected.
C-34192,8.4,8.4,0,2,0,,No strong administrative-activity warning detected.
C-31090,8.4,8.4,3,0,0,,No strong administrative-activity warning detected.
C-30797,8.39,8.39,1,3,0,,No strong administrative-activity warning detected.
C-31316,8.39,8.39,1,4,0,,No strong administrative-activity warning detected.
C-32263,8.39,8.39,1,2,0,,No strong administrative-activity warning detected.
C-31115,8.38,8.38,0,3,0,,No strong administrative-activity warning detected.
C-31564,8.38,8.38,2,6,1,6 contact attempts,Administrative activity may have a legitimate explanation and should not be treated as evidence of improper payment.
C-30680,8.38,8.38,1,0,0,,No strong administrative-activity warning detected.
C-33160,8.37,8.37,2,2,0,,No strong administrative-activity warning detected.
C-32664,8.37,8.37,0,4,0,,No strong administrative-activity warning detected.
C-32009,8.37,8.37,1,2,0,,No strong administrative-activity warning detected.
C-31358,8.36,8.36,2,4,0,,No strong administrative-activity warning detected.
C-33029,8.35,8.35,0,1,0,,No strong administrative-activity warning detected.
C-31057,8.34,8.34,1,2,0,,No strong administrative-activity warning detected.
C-32397,8.34,8.34,2,1,0,,No strong administrative-activity warning detected.
C-33339,8.33,8.33,1,1,0,,No strong administrative-activity warning detected.
C-32977,8.32,8.32,0,1,0,,No strong administrative-activity warning detected.
C-32838,8.32,8.32,1,4,0,,No strong administrative-activity warning detected.
C-33736,8.32,8.32,1,5,0,,No strong administrative-activity warning detected.
C-31447,8.32,8.32,0,1,0,,No strong administrative-activity warning detected.
C-34139,8.32,8.32,0,0,0,,No strong administrative-activity warning detected.
C-32776,8.31,8.31,0,1,0,,No strong administrative-activity warning detected.
C-30254,8.31,8.31,2,6,1,6 contact attempts,Administrative activity may have a legitimate explanation and should not be treated as evidence of improper payment.
C-31754,8.31,8.31,1,2,0,,No strong administrative-activity warning detected.
C-31018,8.3,8.3,2,0,0,,No strong administrative-activity warning detected.
C-32523,8.3,8.3,1,1,0,,No strong administrative-activity warning detected.
C-32478,8.3,8.3,1,1,0,,No strong administrative-activity warning detected.
C-34003,8.3,8.3,1,2,0,,No strong administrative-activity warning detected.
C-33982,8.29,8.29,1,3,0,,No strong administrative-activity warning detected.
C-33367,8.28,8.28,1,3,0,,No strong administrative-activity warning detected.
C-32895,8.26,8.26,1,3,0,,No strong administrative-activity warning detected.
C-30823,8.25,8.25,0,3,0,,No strong administrative-activity warning detected.
C-30271,8.25,8.25,0,3,0,,No strong administrative-activity warning detected.
C-30209,8.25,8.25,0,2,0,,No strong administrative-activity warning detected.
C-30513,8.24,8.24,0,4,0,,No strong administrative-activity warning detected.
C-31504,8.23,8.23,0,2,0,,No strong administrative-activity warning detected.
C-32704,8.22,8.22,0,0,0,,No strong administrative-activity warning detected.
C-32917,8.21,8.21,3,5,0,,No strong administrative-activity warning detected.
C-32390,8.21,8.21,0,2,0,,No strong administrative-activity warning detected.
C-30090,8.2,8.2,0,1,0,,No strong administrative-activity warning detected.
C-34017,8.2,8.2,1,0,0,,No strong administrative-activity warning detected.
C-31136,8.19,8.19,0,1,0,,No strong administrative-activity warning detected.
C-32960,8.19,8.19,1,1,0,,No strong administrative-activity warning detected.
C-30419,8.19,8.19,1,3,0,,No strong administrative-activity warning detected.
C-31449,8.19,8.19,1,2,0,,No strong administrative-activity warning detected.
C-32621,8.19,8.19,1,1,0,,No strong administrative-activity warning detected.
C-31050,8.18,8.18,0,1,0,,No strong administrative-activity warning detected.
C-30365,8.17,8.17,2,1,0,,No strong administrative-activity warning detected.
C-33214,8.16,8.16,1,5,0,,No strong administrative-activity warning detected.
C-31343,8.16,8.16,1,1,0,,No strong administrative-activity warning detected.
C-31675,8.15,8.15,0,6,1,6 contact attempts,Administrative activity may have a legitimate explanation and should not be treated as evidence of improper payment.
C-32816,8.11,8.11,1,0,0,,No strong administrative-activity warning detected.
C-31596,8.1,8.1,0,2,0,,No strong administrative-activity warning detected.
C-33873,8.09,8.09,2,1,0,,No strong administrative-activity warning detected.
C-32646,8.09,8.09,0,3,0,,No strong administrative-activity warning detected.
C-33622,8.09,8.09,0,3,0,,No strong administrative-activity warning detected.
C-33369,8.07,8.07,1,1,0,,No strong administrative-activity warning detected.
C-31644,8.06,8.06,1,3,0,,No strong administrative-activity warning detected.
C-30870,8.06,8.06,2,3,0,,No strong administrative-activity warning detected.
C-30868,8.06,8.06,2,3,0,,No strong administrative-activity warning detected.
C-30288,8.05,8.05,0,1,0,,No strong administrative-activity warning detected.
C-33479,8.05,8.05,1,2,0,,No strong administrative-activity warning detected.
C-31384,8.04,8.04,1,1,0,,No strong administrative-activity warning detected.
C-33603,8.04,8.04,0,1,0,,No strong administrative-activity warning detected.
C-32614,8.03,8.03,0,4,0,,No strong administrative-activity warning detected.
C-33719,8.03,8.03,1,3,0,,No strong administrative-activity warning detected.
C-30191,8.02,8.02,0,2,0,,No strong administrative-activity warning detected.
C-32604,8.02,8.02,1,2,0,,No strong administrative-activity warning detected.
C-32193,8.0,8.0,0,1,0,,No strong administrative-activity warning detected.
C-31939,8.0,8.0,1,0,0,,No strong administrative-activity warning detected.
C-31129,7.98,7.98,1,3,0,,No strong administrative-activity warning detected.
C-33370,7.97,7.97,1,4,0,,No strong administrative-activity warning detected.
C-32636,7.97,7.97,0,3,0,,No strong administrative-activity warning detected.
C-33185,7.96,7.96,0,0,0,,No strong administrative-activity warning detected.
C-31502,7.95,7.95,0,1,0,,No strong administrative-activity warning detected.
C-31427,7.94,7.94,1,0,0,,No strong administrative-activity warning detected.
C-30890,7.93,7.93,1,0,0,,No strong administrative-activity warning detected.
C-31049,7.92,7.92,0,1,0,,No strong administrative-activity warning detected.
C-30328,7.92,7.92,1,4,0,,No strong administrative-activity warning detected.
C-31296,7.92,7.92,0,2,0,,No strong administrative-activity warning detected.
C-31327,7.92,7.92,1,1,0,,No strong administrative-activity warning detected.
C-32496,7.91,7.91,1,3,0,,No strong administrative-activity warning detected.
C-30535,7.9,7.9,0,0,0,,No strong administrative-activity warning detected.
C-32872,7.9,7.9,1,1,0,,No strong administrative-activity warning detected.
C-33081,7.9,7.9,1,3,0,,No strong administrative-activity warning detected.
C-33738,7.86,7.86,0,2,0,,No strong administrative-activity warning detected.
C-30420,7.84,7.84,0,1,0,,No strong administrative-activity warning detected.
C-33015,7.83,7.83,1,0,0,,No strong administrative-activity warning detected.
C-32356,7.82,7.82,2,2,0,,No strong administrative-activity warning detected.
C-32993,7.81,7.81,0,2,0,,No strong administrative-activity warning detected.
C-33767,7.81,7.81,2,7,1,7 contact attempts,Administrative activity may have a legitimate explanation and should not be treated as evidence of improper payment.
C-32443,7.81,7.81,1,4,0,,No strong administrative-activity warning detected.
C-32499,7.81,7.81,1,3,0,,No strong administrative-activity warning detected.
C-30424,7.81,7.81,1,1,0,,No strong administrative-activity warning detected.
C-33277,7.81,7.81,1,1,0,,No strong administrative-activity warning detected.
C-32201,7.79,7.79,1,0,0,,No strong administrative-activity warning detected.
C-30355,7.79,7.79,2,2,0,,No strong administrative-activity warning detected.
C-32522,7.79,7.79,0,0,0,,No strong administrative-activity warning detected.
C-31713,7.78,7.78,1,5,0,,No strong administrative-activity warning detected.
C-31858,7.78,7.78,0,2,0,,No strong administrative-activity warning detected.
C-34189,7.78,7.78,0,2,0,,No strong administrative-activity warning detected.
C-32030,7.77,7.77,1,0,0,,No strong administrative-activity warning detected.
C-30654,7.76,7.76,0,3,0,,No strong administrative-activity warning detected.
C-34070,7.76,7.76,2,4,0,,No strong administrative-activity warning detected.
C-32552,7.75,7.75,3,3,0,,No strong administrative-activity warning detected.
C-33311,7.74,7.74,0,3,0,,No strong administrative-activity warning detected.
C-33037,7.74,7.74,0,0,0,,No strong administrative-activity warning detected.
C-30041,7.73,7.73,1,3,0,,No strong administrative-activity warning detected.
C-32831,7.73,7.73,1,3,0,,No strong administrative-activity warning detected.
C-33386,7.73,7.73,0,0,0,,No strong administrative-activity warning detected.
C-31639,7.72,7.72,1,2,0,,No strong administrative-activity warning detected.
C-33633,7.72,7.72,0,4,0,,No strong administrative-activity warning detected.
C-31902,7.7,7.7,0,2,0,,No strong administrative-activity warning detected.
C-33038,7.69,7.69,1,0,0,,No strong administrative-activity warning detected.
C-33878,7.69,7.69,2,1,0,,No strong administrative-activity warning detected.
C-30431,7.69,7.69,1,3,0,,No strong administrative-activity warning detected.
C-32867,7.68,7.68,1,3,0,,No strong administrative-activity warning detected.
C-32794,7.68,7.68,2,4,0,,No strong administrative-activity warning detected.
C-30827,7.66,7.66,2,2,0,,No strong administrative-activity warning detected.
C-33648,7.66,7.66,2,2,0,,No strong administrative-activity warning detected.
C-33245,7.66,7.66,1,2,0,,No strong administrative-activity warning detected.
C-31882,7.66,7.66,0,3,0,,No strong administrative-activity warning detected.
C-31751,7.66,7.66,0,2,0,,No strong administrative-activity warning detected.
C-30612,7.66,7.66,0,2,0,,No strong administrative-activity warning detected.
C-30159,7.65,7.65,0,3,0,,No strong administrative-activity warning detected.
C-32943,7.65,7.65,1,1,0,,No strong administrative-activity warning detected.
C-32275,7.64,7.64,0,2,0,,No strong administrative-activity warning detected.
C-33490,7.63,7.63,0,6,1,6 contact attempts,Administrative activity may have a legitimate explanation and should not be treated as evidence of improper payment.
C-30666,7.63,7.63,0,3,0,,No strong administrative-activity warning detected.
C-31117,7.63,7.63,1,3,0,,No strong administrative-activity warning detected.
C-30577,7.62,7.62,2,4,0,,No strong administrative-activity warning detected.
C-33059,7.61,7.61,1,3,0,,No strong administrative-activity warning detected.
C-33910,7.61,7.61,3,5,0,,No strong administrative-activity warning detected.
C-30396,7.61,7.61,2,1,0,,No strong administrative-activity warning detected.
C-31715,7.6,7.6,2,2,0,,No strong administrative-activity warning detected.
C-30818,7.6,7.6,0,2,0,,No strong administrative-activity warning detected.
C-32736,7.6,7.6,1,1,0,,No strong administrative-activity warning detected.
C-31946,7.59,7.59,1,6,1,6 contact attempts,Administrative activity may have a legitimate explanation and should not be treated as evidence of improper payment.
C-30676,7.59,7.59,2,0,0,,No strong administrative-activity warning detected.
C-33838,7.59,7.59,1,3,0,,No strong administrative-activity warning detected.
C-34056,7.58,7.58,3,4,0,,No strong administrative-activity warning detected.
C-34154,7.58,7.58,0,2,0,,No strong administrative-activity warning detected.
C-33279,7.57,7.57,2,2,0,,No strong administrative-activity warning detected.
C-34083,7.57,7.57,2,6,1,6 contact attempts,Administrative activity may have a legitimate explanation and should not be treated as evidence of improper payment.
C-33290,7.57,7.57,0,2,0,,No strong administrative-activity warning detected.
C-33673,7.57,7.57,0,3,0,,No strong administrative-activity warning detected.
C-30078,7.57,7.57,1,2,0,,No strong administrative-activity warning detected.
C-33463,7.56,7.56,1,3,0,,No strong administrative-activity warning detected.
C-31345,7.56,7.56,3,2,0,,No strong administrative-activity warning detected.
C-31465,7.56,7.56,2,8,1,8 contact attempts,Administrative activity may have a legitimate explanation and should not be treated as evidence of improper payment.
C-33319,7.55,7.55,3,6,1,6 contact attempts,Administrative activity may have a legitimate explanation and should not be treated as evidence of improper payment.
C-31209,7.54,7.54,3,2,0,,No strong administrative-activity warning detected.
C-31178,7.54,7.54,2,2,0,,No strong administrative-activity warning detected.
C-31546,7.53,7.53,1,2,0,,No strong administrative-activity warning detected.
C-31528,7.53,7.53,1,4,0,,No strong administrative-activity warning detected.
C-33210,7.53,7.53,0,0,0,,No strong administrative-activity warning detected.
C-31649,7.52,7.52,1,1,0,,No strong administrative-activity warning detected.
C-30613,7.52,7.52,0,5,0,,No strong administrative-activity warning detected.
C-30726,7.52,7.52,1,0,0,,No strong administrative-activity warning detected.
C-30556,7.52,7.52,0,1,0,,No strong administrative-activity warning detected.
C-34132,7.52,7.52,2,3,0,,No strong administrative-activity warning detected.
C-30269,7.51,7.51,2,4,0,,No strong administrative-activity warning detected.
C-32162,7.51,7.51,0,0,0,,No strong administrative-activity warning detected.
C-33812,7.5,7.5,0,3,0,,No strong administrative-activity warning detected.
C-32169,7.49,7.49,1,0,0,,No strong administrative-activity warning detected.
C-31505,7.49,7.49,3,1,0,,No strong administrative-activity warning detected.
C-31714,7.49,7.49,0,4,0,,No strong administrative-activity warning detected.
C-30039,7.49,7.49,1,6,1,6 contact attempts,Administrative activity may have a legitimate explanation and should not be treated as evidence of improper payment.
C-33846,7.49,7.49,0,1,0,,No strong administrative-activity warning detected.
C-33614,7.49,7.49,1,3,0,,No strong administrative-activity warning detected.
C-30259,7.48,7.48,2,0,0,,No strong administrative-activity warning detected.
C-32371,7.48,7.48,1,4,0,,No strong administrative-activity warning detected.
C-33844,7.48,7.48,0,2,0,,No strong administrative-activity warning detected.
C-32159,7.48,7.48,1,3,0,,No strong administrative-activity warning detected.
C-31235,7.47,7.47,0,3,0,,No strong administrative-activity warning detected.
C-32535,7.47,7.47,0,0,0,,No strong administrative-activity warning detected.
C-32032,7.47,7.47,2,5,0,,No strong administrative-activity warning detected.
C-32077,7.46,7.46,1,2,0,,No strong administrative-activity warning detected.
C-33525,7.46,7.46,1,2,0,,No strong administrative-activity warning detected.
C-32775,7.46,7.46,0,3,0,,No strong administrative-activity warning detected.
C-30862,7.46,7.46,2,5,0,,No strong administrative-activity warning detected.
C-33148,7.45,7.45,0,1,0,,No strong administrative-activity warning detected.
C-31580,7.45,7.45,1,1,0,,No strong administrative-activity warning detected.
C-33112,7.45,7.45,0,1,0,,No strong administrative-activity warning detected.
C-30148,7.45,7.45,1,3,0,,No strong administrative-activity warning detected.
C-33196,7.44,7.44,3,2,0,,No strong administrative-activity warning detected.
C-34136,7.44,7.44,1,1,0,,No strong administrative-activity warning detected.
C-31573,7.44,7.44,1,0,0,,No strong administrative-activity warning detected.
C-32841,7.44,7.44,0,2,0,,No strong administrative-activity warning detected.
C-33792,7.43,7.43,0,0,0,,No strong administrative-activity warning detected.
C-32360,7.43,7.43,1,3,0,,No strong administrative-activity warning detected.
C-34121,7.43,7.43,1,4,0,,No strong administrative-activity warning detected.
C-31778,7.42,7.42,1,6,1,6 contact attempts,Administrative activity may have a legitimate explanation and should not be treated as evidence of improper payment.
C-31950,7.42,7.42,2,1,0,,No strong administrative-activity warning detected.
C-32754,7.41,7.41,2,1,0,,No strong administrative-activity warning detected.
C-33936,7.41,7.41,1,2,0,,No strong administrative-activity warning detected.
C-33439,7.41,7.41,0,3,0,,No strong administrative-activity warning detected.
C-34187,7.41,7.41,0,2,0,,No strong administrative-activity warning detected.
C-31251,7.41,7.41,2,7,1,7 contact attempts,Administrative activity may have a legitimate explanation and should not be treated as evidence of improper payment.
C-31459,7.4,7.4,2,4,0,,No strong administrative-activity warning detected.
C-31515,7.4,7.4,2,2,0,,No strong administrative-activity warning detected.
C-30783,7.4,7.4,1,6,1,6 contact attempts,Administrative activity may have a legitimate explanation and should not be treated as evidence of improper payment.
C-31250,7.39,7.39,2,3,0,,No strong administrative-activity warning detected.
C-32482,7.39,7.39,4,4,1,4 payment adjustments,Administrative activity may have a legitimate explanation and should not be treated as evidence of improper payment.
C-30208,7.39,7.39,0,1,0,,No strong administrative-activity warning detected.
C-31460,7.39,7.39,0,2,0,,No strong administrative-activity warning detected.
C-30316,7.39,7.39,1,4,0,,No strong administrative-activity warning detected.
C-30517,7.38,7.38,2,4,0,,No strong administrative-activity warning detected.
C-34016,7.38,7.38,1,3,0,,No strong administrative-activity warning detected.
C-31171,7.38,7.38,0,1,0,,No strong administrative-activity warning detected.
C-34123,7.38,7.38,1,0,0,,No strong administrative-activity warning detected.
C-30879,7.38,7.38,0,0,0,,No strong administrative-activity warning detected.
C-31195,7.38,7.38,0,2,0,,No strong administrative-activity warning detected.
C-32090,7.37,7.37,3,0,0,,No strong administrative-activity warning detected.
C-32019,7.37,7.37,0,4,0,,No strong administrative-activity warning detected.
C-33042,7.37,7.37,0,1,0,,No strong administrative-activity warning detected.
C-30506,7.37,7.37,1,1,0,,No strong administrative-activity warning detected.
C-32041,7.37,7.37,2,1,0,,No strong administrative-activity warning detected.
C-31487,7.37,7.37,1,3,0,,No strong administrative-activity warning detected.
C-32254,7.36,7.36,2,1,0,,No strong administrative-activity warning detected.
C-33674,7.36,7.36,3,4,0,,No strong administrative-activity warning detected.
C-30673,7.36,7.36,0,2,0,,No strong administrative-activity warning detected.
C-30996,7.36,7.36,0,6,1,6 contact attempts,Administrative activity may have a legitimate explanation and should not be treated as evidence of improper payment.
C-33690,7.35,7.35,0,3,0,,No strong administrative-activity warning detected.
C-33314,7.35,7.35,0,3,0,,No strong administrative-activity warning detected.
C-33304,7.35,7.35,1,1,0,,No strong administrative-activity warning detected.
C-31414,7.35,7.35,0,1,0,,No strong administrative-activity warning detected.
C-31256,7.35,7.35,1,2,0,,No strong administrative-activity warning detected.
C-33061,7.34,7.34,0,2,0,,No strong administrative-activity warning detected.
C-30287,7.34,7.34,1,0,0,,No strong administrative-activity warning detected.
C-33564,7.34,7.34,1,2,0,,No strong administrative-activity warning detected.
C-31033,7.33,7.33,0,3,0,,No strong administrative-activity warning detected.
C-33054,7.33,7.33,0,2,0,,No strong administrative-activity warning detected.
C-31848,7.33,7.33,1,3,0,,No strong administrative-activity warning detected.
C-31231,7.33,7.33,1,3,0,,No strong administrative-activity warning detected.
C-33590,7.32,7.32,1,2,0,,No strong administrative-activity warning detected.
C-32953,7.32,7.32,1,2,0,,No strong administrative-activity warning detected.
C-31126,7.32,7.32,1,2,0,,No strong administrative-activity warning detected.
C-30537,7.32,7.32,1,3,0,,No strong administrative-activity warning detected.
C-31438,7.32,7.32,2,1,0,,No strong administrative-activity warning detected.
C-31380,7.32,7.32,1,2,0,,No strong administrative-activity warning detected.
C-30421,7.32,7.32,1,2,0,,No strong administrative-activity warning detected.
C-31130,7.31,7.31,0,1,0,,No strong administrative-activity warning detected.
C-30294,7.31,7.31,1,1,0,,No strong administrative-activity warning detected.
C-32670,7.31,7.31,0,4,0,,No strong administrative-activity warning detected.
C-31448,7.31,7.31,0,4,0,,No strong administrative-activity warning detected.
C-32308,7.31,7.31,0,2,0,,No strong administrative-activity warning detected.
C-30376,7.31,7.31,1,3,0,,No strong administrative-activity warning detected.
C-31940,7.31,7.31,0,2,0,,No strong administrative-activity warning detected.
C-34155,7.31,7.31,2,3,0,,No strong administrative-activity warning detected.
C-30151,7.3,7.3,1,2,0,,No strong administrative-activity warning detected.
C-33134,7.3,7.3,5,6,1,5 payment adjustments and 6 contact attempts,Administrative activity may have a legitimate explanation and should not be treated as evidence of improper payment.
C-31868,7.29,7.29,1,2,0,,No strong administrative-activity warning detected.
C-32583,7.29,7.29,2,5,0,,No strong administrative-activity warning detected.
C-32078,7.28,7.28,1,2,0,,No strong administrative-activity warning detected.
C-33865,7.28,7.28,2,5,0,,No strong administrative-activity warning detected.
C-30701,7.28,7.28,1,0,0,,No strong administrative-activity warning detected.
C-33533,7.28,7.28,1,2,0,,No strong administrative-activity warning detected.
C-30782,7.28,7.28,2,7,1,7 contact attempts,Administrative activity may have a legitimate explanation and should not be treated as evidence of improper payment.
C-34042,7.28,7.28,3,6,1,6 contact attempts,Administrative activity may have a legitimate explanation and should not be treated as evidence of improper payment.
C-31218,7.28,7.28,2,2,0,,No strong administrative-activity warning detected.
C-32424,7.27,7.27,0,5,0,,No strong administrative-activity warning detected.
C-30837,7.27,7.27,0,2,0,,No strong administrative-activity warning detected.
C-33715,7.26,7.26,0,4,0,,No strong administrative-activity warning detected.
C-33273,7.26,7.26,0,3,0,,No strong administrative-activity warning detected.
C-33946,7.26,7.26,0,1,0,,No strong administrative-activity warning detected.
C-32080,7.26,7.26,1,5,0,,No strong administrative-activity warning detected.
C-30150,7.26,7.26,1,3,0,,No strong administrative-activity warning detected.
C-33058,7.26,7.26,1,4,0,,No strong administrative-activity warning detected.
C-32127,7.25,7.25,2,4,0,,No strong administrative-activity warning detected.
C-33323,7.25,7.25,0,0,0,,No strong administrative-activity warning detected.
C-32979,7.25,7.25,0,5,0,,No strong administrative-activity warning detected.
C-31706,7.25,7.25,2,4,0,,No strong administrative-activity warning detected.
C-32128,7.24,7.24,0,3,0,,No strong administrative-activity warning detected.
C-34073,7.24,7.24,2,0,0,,No strong administrative-activity warning detected.
C-30102,7.24,7.24,1,0,0,,No strong administrative-activity warning detected.
C-32971,7.24,7.24,3,2,0,,No strong administrative-activity warning detected.
C-33008,7.24,7.24,1,2,0,,No strong administrative-activity warning detected.
C-33928,7.24,7.24,1,2,0,,No strong administrative-activity warning detected.
C-30857,7.23,7.23,3,2,0,,No strong administrative-activity warning detected.
C-31834,7.23,7.23,1,5,0,,No strong administrative-activity warning detected.
C-32521,7.23,7.23,1,2,0,,No strong administrative-activity warning detected.
C-33272,7.23,7.23,1,1,0,,No strong administrative-activity warning detected.
C-33951,7.23,7.23,2,2,0,,No strong administrative-activity warning detected.
C-33907,7.22,7.22,1,5,0,,No strong administrative-activity warning detected.
C-31511,7.22,7.22,1,2,0,,No strong administrative-activity warning detected.
C-31865,7.22,7.22,1,5,0,,No strong administrative-activity warning detected.
C-32053,7.22,7.22,2,3,0,,No strong administrative-activity warning detected.
C-31154,7.22,7.22,1,1,0,,No strong administrative-activity warning detected.
C-30649,7.22,7.22,3,2,0,,No strong administrative-activity warning detected.
C-32593,7.22,7.22,2,2,0,,No strong administrative-activity warning detected.
C-33569,7.21,7.21,2,0,0,,No strong administrative-activity warning detected.
C-31221,7.21,7.21,4,3,1,4 payment adjustments,Administrative activity may have a legitimate explanation and should not be treated as evidence of improper payment.
C-31744,7.21,7.21,1,1,0,,No strong administrative-activity warning detected.
C-33457,7.21,7.21,0,2,0,,No strong administrative-activity warning detected.
C-31877,7.21,7.21,3,5,0,,No strong administrative-activity warning detected.
C-32470,7.2,7.2,3,3,0,,No strong administrative-activity warning detected.
C-32136,7.2,7.2,1,5,0,,No strong administrative-activity warning detected.
C-33456,7.2,7.2,0,2,0,,No strong administrative-activity warning detected.
C-33522,7.2,7.2,0,4,0,,No strong administrative-activity warning detected.
C-32587,7.19,7.19,0,0,0,,No strong administrative-activity warning detected.
C-32802,7.19,7.19,3,4,0,,No strong administrative-activity warning detected.
C-32629,7.19,7.19,1,3,0,,No strong administrative-activity warning detected.
C-31859,7.19,7.19,2,4,0,,No strong administrative-activity warning detected.
C-32184,7.19,7.19,1,6,1,6 contact attempts,Administrative activity may have a legitimate explanation and should not be treated as evidence of improper payment.
C-31014,7.19,7.19,1,4,0,,No strong administrative-activity warning detected.
C-30518,7.19,7.19,2,3,0,,No strong administrative-activity warning detected.
C-30241,7.19,7.19,2,3,0,,No strong administrative-activity warning detected.
C-30276,7.19,7.19,1,4,0,,No strong administrative-activity warning detected.
C-31306,7.18,7.18,0,1,0,,No strong administrative-activity warning detected.
C-30257,7.18,7.18,1,1,0,,No strong administrative-activity warning detected.
C-31119,7.18,7.18,2,4,0,,No strong administrative-activity warning detected.
C-33392,7.18,7.18,0,3,0,,No strong administrative-activity warning detected.
C-30777,7.18,7.18,1,3,0,,No strong administrative-activity warning detected.
C-33693,7.18,7.18,1,3,0,,No strong administrative-activity warning detected.
C-32382,7.17,7.17,2,5,0,,No strong administrative-activity warning detected.
C-31699,7.17,7.17,1,1,0,,No strong administrative-activity warning detected.
C-33818,7.17,7.17,1,3,0,,No strong administrative-activity warning detected.
C-31028,7.16,7.16,3,5,0,,No strong administrative-activity warning detected.
C-31478,7.16,7.16,1,6,1,6 contact attempts,Administrative activity may have a legitimate explanation and should not be treated as evidence of improper payment.
C-31339,7.16,7.16,1,1,0,,No strong administrative-activity warning detected.
C-31974,7.16,7.16,1,4,0,,No strong administrative-activity warning detected.
C-31140,7.15,7.15,1,2,0,,No strong administrative-activity warning detected.
C-31972,7.15,7.15,0,2,0,,No strong administrative-activity warning detected.
C-30520,7.15,7.15,3,0,0,,No strong administrative-activity warning detected.
C-33850,7.15,7.15,1,1,0,,No strong administrative-activity warning detected.
C-30122,7.15,7.15,0,1,0,,No strong administrative-activity warning detected.
C-31879,7.15,7.15,0,0,0,,No strong administrative-activity warning detected.
C-30887,7.14,7.14,0,4,0,,No strong administrative-activity warning detected.
C-32194,7.14,7.14,1,2,0,,No strong administrative-activity warning detected.
C-32699,7.14,7.14,0,2,0,,No strong administrative-activity warning detected.
C-31226,7.14,7.14,0,0,0,,No strong administrative-activity warning detected.
C-30048,7.14,7.14,1,2,0,,No strong administrative-activity warning detected.
C-30435,7.14,7.14,0,0,0,,No strong administrative-activity warning detected.
C-33481,7.14,7.14,0,4,0,,No strong administrative-activity warning detected.
C-33143,7.14,7.14,1,1,0,,No strong administrative-activity warning detected.
C-32167,7.14,7.14,1,1,0,,No strong administrative-activity warning detected.
C-32220,7.14,7.14,0,4,0,,No strong administrative-activity warning detected.
C-32395,7.13,7.13,0,2,0,,No strong administrative-activity warning detected.
C-33016,7.13,7.13,1,0,0,,No strong administrative-activity warning detected.
C-30813,7.13,7.13,0,2,0,,No strong administrative-activity warning detected.
C-31035,7.13,7.13,3,6,1,6 contact attempts,Administrative activity may have a legitimate explanation and should not be treated as evidence of improper payment.
C-31488,7.12,7.12,1,0,0,,No strong administrative-activity warning detected.
C-32052,7.12,7.12,1,2,0,,No strong administrative-activity warning detected.
C-30787,7.12,7.12,2,5,0,,No strong administrative-activity warning detected.
C-32240,7.11,7.11,1,2,0,,No strong administrative-activity warning detected.
C-32419,7.11,7.11,1,4,0,,No strong administrative-activity warning detected.
C-30285,7.11,7.11,1,1,0,,No strong administrative-activity warning detected.
C-31722,7.11,7.11,1,3,0,,No strong administrative-activity warning detected.
C-33880,7.1,7.1,0,1,0,,No strong administrative-activity warning detected.
C-30846,7.1,7.1,1,1,0,,No strong administrative-activity warning detected.
C-32385,7.1,7.1,0,5,0,,No strong administrative-activity warning detected.
C-31602,7.1,7.1,1,0,0,,No strong administrative-activity warning detected.
C-33179,7.1,7.1,3,4,0,,No strong administrative-activity warning detected.
C-33911,7.1,7.1,2,5,0,,No strong administrative-activity warning detected.
C-32983,7.09,7.09,1,1,0,,No strong administrative-activity warning detected.
C-32964,7.09,7.09,2,2,0,,No strong administrative-activity warning detected.
C-32757,7.09,7.09,0,2,0,,No strong administrative-activity warning detected.
C-31194,7.09,7.09,1,5,0,,No strong administrative-activity warning detected.
C-33087,7.09,7.09,0,0,0,,No strong administrative-activity warning detected.
C-34127,7.09,7.09,1,4,0,,No strong administrative-activity warning detected.
C-33123,7.09,7.09,1,0,0,,No strong administrative-activity warning detected.
C-32599,7.09,7.09,0,2,0,,No strong administrative-activity warning detected.
C-31275,7.09,7.09,1,7,1,7 contact attempts,Administrative activity may have a legitimate explanation and should not be treated as evidence of improper payment.
C-30689,7.09,7.09,1,2,0,,No strong administrative-activity warning detected.
C-31686,7.08,7.08,0,3,0,,No strong administrative-activity warning detected.
C-30593,7.08,7.08,2,1,0,,No strong administrative-activity warning detected.
C-33098,7.08,7.08,1,5,0,,No strong administrative-activity warning detected.
C-31429,7.08,7.08,0,2,0,,No strong administrative-activity warning detected.
C-33413,7.08,7.08,3,3,0,,No strong administrative-activity warning detected.
C-32463,7.08,7.08,1,2,0,,No strong administrative-activity warning detected.
C-32151,7.08,7.08,1,3,0,,No strong administrative-activity warning detected.
C-30068,7.07,7.07,1,4,0,,No strong administrative-activity warning detected.
C-31813,7.07,7.07,2,3,0,,No strong administrative-activity warning detected.
C-33932,7.07,7.07,1,1,0,,No strong administrative-activity warning detected.
C-30175,7.07,7.07,0,1,0,,No strong administrative-activity warning detected.
C-30003,7.07,7.07,1,7,1,7 contact attempts,Administrative activity may have a legitimate explanation and should not be treated as evidence of improper payment.
C-33294,7.07,7.07,2,3,0,,No strong administrative-activity warning detected.
C-32137,7.07,7.07,1,6,1,6 contact attempts,Administrative activity may have a legitimate explanation and should not be treated as evidence of improper payment.
C-30051,7.06,7.06,0,2,0,,No strong administrative-activity warning detected.
C-31021,7.06,7.06,0,2,0,,No strong administrative-activity warning detected.
C-33611,7.06,7.06,1,1,0,,No strong administrative-activity warning detected.
C-30995,7.06,7.06,3,4,0,,No strong administrative-activity warning detected.
C-32930,7.05,7.05,1,1,0,,No strong administrative-activity warning detected.
C-30858,7.05,7.05,0,2,0,,No strong administrative-activity warning detected.
C-30247,7.05,7.05,1,2,0,,No strong administrative-activity warning detected.
C-32437,7.05,7.05,0,3,0,,No strong administrative-activity warning detected.
C-33725,7.05,7.05,1,2,0,,No strong administrative-activity warning detected.
C-33784,7.05,7.05,1,0,0,,No strong administrative-activity warning detected.
C-32327,7.05,7.05,1,1,0,,No strong administrative-activity warning detected.
C-33443,7.05,7.05,0,1,0,,No strong administrative-activity warning detected.
C-32216,7.04,7.04,2,1,0,,No strong administrative-activity warning detected.
C-32415,7.04,7.04,0,4,0,,No strong administrative-activity warning detected.
C-33567,7.04,7.04,1,1,0,,No strong administrative-activity warning detected.
C-32047,7.04,7.04,2,6,1,6 contact attempts,Administrative activity may have a legitimate explanation and should not be treated as evidence of improper payment.
C-33074,7.04,7.04,4,3,1,4 payment adjustments,Administrative activity may have a legitimate explanation and should not be treated as evidence of improper payment.
C-32658,7.03,7.03,0,1,0,,No strong administrative-activity warning detected.
C-31458,7.03,7.03,0,1,0,,No strong administrative-activity warning detected.
C-33900,7.03,7.03,0,1,0,,No strong administrative-activity warning detected.
C-34099,7.03,7.03,2,3,0,,No strong administrative-activity warning detected.
C-32778,7.02,7.02,1,2,0,,No strong administrative-activity warning detected.
C-32117,7.02,7.02,1,0,0,,No strong administrative-activity warning detected.
C-32926,7.02,7.02,0,3,0,,No strong administrative-activity warning detected.
C-32366,7.02,7.02,2,2,0,,No strong administrative-activity warning detected.
C-33903,7.02,7.02,4,4,1,4 payment adjustments,Administrative activity may have a legitimate explanation and should not be treated as evidence of improper payment.
C-33547,7.01,7.01,1,0,0,,No strong administrative-activity warning detected.
C-30352,7.01,7.01,0,1,0,,No strong administrative-activity warning detected.
C-33391,7.0,7.0,2,3,0,,No strong administrative-activity warning detected.
C-31105,7.0,7.0,1,1,0,,No strong administrative-activity warning detected.
C-32106,7.0,7.0,2,2,0,,No strong administrative-activity warning detected.
C-32428,7.0,7.0,2,2,0,,No strong administrative-activity warning detected.
C-33631,7.0,7.0,2,6,1,6 contact attempts,Administrative activity may have a legitimate explanation and should not be treated as evidence of improper payment.
C-31738,7.0,7.0,3,4,0,,No strong administrative-activity warning detected.
C-30489,6.99,6.99,2,4,0,,No strong administrative-activity warning detected.
C-30000,6.99,6.99,0,3,0,,No strong administrative-activity warning detected.
C-32528,6.99,6.99,0,2,0,,No strong administrative-activity warning detected.
C-30626,6.99,6.99,1,0,0,,No strong administrative-activity warning detected.
C-30742,6.99,6.99,4,6,1,4 payment adjustments and 6 contact attempts,Administrative activity may have a legitimate explanation and should not be treated as evidence of improper payment.
C-33398,6.99,6.99,0,1,0,,No strong administrative-activity warning detected.
C-33560,6.99,6.99,3,4,0,,No strong administrative-activity warning detected.
C-33639,6.98,6.98,1,3,0,,No strong administrative-activity warning detected.
C-30154,6.98,6.98,0,2,0,,No strong administrative-activity warning detected.
C-31101,6.98,6.98,1,1,0,,No strong administrative-activity warning detected.
C-33915,6.98,6.98,1,5,0,,No strong administrative-activity warning detected.
C-31008,6.98,6.98,1,2,0,,No strong administrative-activity warning detected.
C-32967,6.97,6.97,0,2,0,,No strong administrative-activity warning detected.
C-30108,6.97,6.97,0,3,0,,No strong administrative-activity warning detected.
C-30734,6.97,6.97,1,1,0,,No strong administrative-activity warning detected.
C-31621,6.97,6.97,2,4,0,,No strong administrative-activity warning detected.
C-32581,6.97,6.97,1,2,0,,No strong administrative-activity warning detected.
C-31180,6.97,6.97,1,3,0,,No strong administrative-activity warning detected.
C-33780,6.96,6.96,0,3,0,,No strong administrative-activity warning detected.
C-33502,6.96,6.96,1,2,0,,No strong administrative-activity warning detected.
C-31369,6.96,6.96,1,0,0,,No strong administrative-activity warning detected.
C-31745,6.96,6.96,2,1,0,,No strong administrative-activity warning detected.
C-31632,6.96,6.96,2,2,0,,No strong administrative-activity warning detected.
C-32141,6.96,6.96,0,0,0,,No strong administrative-activity warning detected.
C-31536,6.96,6.96,0,3,0,,No strong administrative-activity warning detected.
C-30281,6.95,6.95,2,2,0,,No strong administrative-activity warning detected.
C-32711,6.95,6.95,0,1,0,,No strong administrative-activity warning detected.
C-33869,6.95,6.95,0,0,0,,No strong administrative-activity warning detected.
C-31769,6.95,6.95,1,2,0,,No strong administrative-activity warning detected.
C-33589,6.95,6.95,1,5,0,,No strong administrative-activity warning detected.
C-34153,6.95,6.95,1,1,0,,No strong administrative-activity warning detected.
C-32311,6.94,6.94,1,1,0,,No strong administrative-activity warning detected.
C-31893,6.94,6.94,1,0,0,,No strong administrative-activity warning detected.
C-32084,6.94,6.94,1,3,0,,No strong administrative-activity warning detected.
C-31918,6.94,6.94,1,2,0,,No strong administrative-activity warning detected.
C-32945,6.94,6.94,1,4,0,,No strong administrative-activity warning detected.
C-31810,6.93,6.93,0,5,0,,No strong administrative-activity warning detected.
C-30244,6.93,6.93,0,1,0,,No strong administrative-activity warning detected.
C-33388,6.93,6.93,1,3,0,,No strong administrative-activity warning detected.
C-31144,6.93,6.93,0,5,0,,No strong administrative-activity warning detected.
C-30412,6.93,6.93,0,4,0,,No strong administrative-activity warning detected.
C-33352,6.92,6.92,0,2,0,,No strong administrative-activity warning detected.
C-30472,6.92,6.92,2,3,0,,No strong administrative-activity warning detected.
C-31412,6.92,6.92,1,4,0,,No strong administrative-activity warning detected.
C-32773,6.92,6.92,0,2,0,,No strong administrative-activity warning detected.
C-31303,6.92,6.92,2,5,0,,No strong administrative-activity warning detected.
C-32994,6.92,6.92,3,5,0,,No strong administrative-activity warning detected.
C-33362,6.92,6.92,0,4,0,,No strong administrative-activity warning detected.
C-34176,6.92,6.92,1,3,0,,No strong administrative-activity warning detected.
C-30197,6.92,6.92,1,4,0,,No strong administrative-activity warning detected.
C-34040,6.91,6.91,0,3,0,,No strong administrative-activity warning detected.
C-31851,6.91,6.91,0,2,0,,No strong administrative-activity warning detected.
C-33102,6.91,6.91,2,2,0,,No strong administrative-activity warning detected.
C-30284,6.91,6.91,2,4,0,,No strong administrative-activity warning detected.
C-30865,6.91,6.91,1,3,0,,No strong administrative-activity warning detected.
C-32713,6.91,6.91,0,0,0,,No strong administrative-activity warning detected.
C-30652,6.9,6.9,1,4,0,,No strong administrative-activity warning detected.
C-31900,6.9,6.9,1,0,0,,No strong administrative-activity warning detected.
C-30856,6.9,6.9,1,2,0,,No strong administrative-activity warning detected.
C-31522,6.9,6.9,3,2,0,,No strong administrative-activity warning detected.
C-31437,6.89,6.89,2,1,0,,No strong administrative-activity warning detected.
C-30430,6.89,6.89,1,1,0,,No strong administrative-activity warning detected.
C-31280,6.89,6.89,0,4,0,,No strong administrative-activity warning detected.
C-31654,6.89,6.89,0,2,0,,No strong administrative-activity warning detected.
C-33612,6.89,6.89,0,2,0,,No strong administrative-activity warning detected.
C-32342,6.89,6.89,1,4,0,,No strong administrative-activity warning detected.
C-33703,6.89,6.89,3,4,0,,No strong administrative-activity warning detected.
C-30129,6.89,6.89,3,3,0,,No strong administrative-activity warning detected.
C-31570,6.89,6.89,0,0,0,,No strong administrative-activity warning detected.
C-30635,6.89,6.89,3,1,0,,No strong administrative-activity warning detected.
C-30965,6.89,6.89,2,2,0,,No strong administrative-activity warning detected.
C-32118,6.88,6.88,1,2,0,,No strong administrative-activity warning detected.
C-30192,6.88,6.88,0,0,0,,No strong administrative-activity warning detected.
C-30685,6.88,6.88,1,0,0,,No strong administrative-activity warning detected.
C-32514,6.88,6.88,2,4,0,,No strong administrative-activity warning detected.
C-30155,6.88,6.88,0,2,0,,No strong administrative-activity warning detected.
C-31982,6.87,6.87,1,2,0,,No strong administrative-activity warning detected.
C-34193,6.87,6.87,2,0,0,,No strong administrative-activity warning detected.
C-31861,6.87,6.87,2,1,0,,No strong administrative-activity warning detected.
C-32166,6.87,6.87,0,2,0,,No strong administrative-activity warning detected.
C-32572,6.87,6.87,0,2,0,,No strong administrative-activity warning detected.
C-30852,6.87,6.87,2,0,0,,No strong administrative-activity warning detected.
C-30727,6.87,6.87,0,0,0,,No strong administrative-activity warning detected.
C-31344,6.86,6.86,1,2,0,,No strong administrative-activity warning detected.
C-34182,6.86,6.86,0,3,0,,No strong administrative-activity warning detected.
C-33062,6.86,6.86,1,1,0,,No strong administrative-activity warning detected.
C-30210,6.86,6.86,1,1,0,,No strong administrative-activity warning detected.
C-31044,6.86,6.86,1,1,0,,No strong administrative-activity warning detected.
C-32873,6.86,6.86,1,1,0,,No strong administrative-activity warning detected.
C-31552,6.85,6.85,0,0,0,,No strong administrative-activity warning detected.
C-33047,6.85,6.85,1,4,0,,No strong administrative-activity warning detected.
C-34119,6.85,6.85,2,4,0,,No strong administrative-activity warning detected.
C-32920,6.85,6.85,0,2,0,,No strong administrative-activity warning detected.
C-30449,6.85,6.85,0,3,0,,No strong administrative-activity warning detected.
C-33952,6.85,6.85,2,0,0,,No strong administrative-activity warning detected.
C-31323,6.84,6.84,3,4,0,,No strong administrative-activity warning detected.
C-30786,6.84,6.84,2,2,0,,No strong administrative-activity warning detected.
C-30094,6.84,6.84,2,5,0,,No strong administrative-activity warning detected.
C-34038,6.84,6.84,1,4,0,,No strong administrative-activity warning detected.
C-33140,6.83,6.83,2,4,0,,No strong administrative-activity warning detected.
C-33732,6.83,6.83,2,5,0,,No strong administrative-activity warning detected.
C-31495,6.83,6.83,0,1,0,,No strong administrative-activity warning detected.
C-30964,6.83,6.83,1,1,0,,No strong administrative-activity warning detected.
C-34094,6.83,6.83,2,3,0,,No strong administrative-activity warning detected.
C-30443,6.83,6.83,0,2,0,,No strong administrative-activity warning detected.
C-33660,6.83,6.83,0,3,0,,No strong administrative-activity warning detected.
C-31432,6.83,6.83,1,1,0,,No strong administrative-activity warning detected.
C-33546,6.83,6.83,0,1,0,,No strong administrative-activity warning detected.
C-30790,6.83,6.83,0,2,0,,No strong administrative-activity warning detected.
C-31922,6.82,6.82,0,0,0,,No strong administrative-activity warning detected.
C-30832,6.82,6.82,0,3,0,,No strong administrative-activity warning detected.
C-33100,6.82,6.82,1,3,0,,No strong administrative-activity warning detected.
C-32729,6.82,6.82,0,1,0,,No strong administrative-activity warning detected.
C-30029,6.82,6.82,1,2,0,,No strong administrative-activity warning detected.
C-32998,6.82,6.82,2,1,0,,No strong administrative-activity warning detected.
C-32292,6.81,6.81,1,3,0,,No strong administrative-activity warning detected.
C-31317,6.81,6.81,2,0,0,,No strong administrative-activity warning detected.
C-33655,6.81,6.81,0,2,0,,No strong administrative-activity warning detected.
C-32600,6.81,6.81,3,3,0,,No strong administrative-activity warning detected.
C-31678,6.81,6.81,1,3,0,,No strong administrative-activity warning detected.
C-30611,6.81,6.81,1,0,0,,No strong administrative-activity warning detected.
C-30582,6.8,6.8,0,2,0,,No strong administrative-activity warning detected.
C-31381,6.8,6.8,0,0,0,,No strong administrative-activity warning detected.
C-30012,6.8,6.8,1,4,0,,No strong administrative-activity warning detected.
C-30831,6.8,6.8,0,2,0,,No strong administrative-activity warning detected.
C-31484,6.8,6.8,1,1,0,,No strong administrative-activity warning detected.
C-31175,6.8,6.8,0,1,0,,No strong administrative-activity warning detected.
C-30358,6.8,6.8,0,3,0,,No strong administrative-activity warning detected.
C-33012,6.8,6.8,1,2,0,,No strong administrative-activity warning detected.
C-30740,6.79,6.79,0,1,0,,No strong administrative-activity warning detected.
C-32910,6.79,6.79,1,1,0,,No strong administrative-activity warning detected.
C-33543,6.79,6.79,3,1,0,,No strong administrative-activity warning detected.
C-30142,6.79,6.79,2,4,0,,No strong administrative-activity warning detected.
C-33581,6.79,6.79,2,2,0,,No strong administrative-activity warning detected.
C-31435,6.78,6.78,2,4,0,,No strong administrative-activity warning detected.
C-34142,6.78,6.78,2,5,0,,No strong administrative-activity warning detected.
C-30963,6.78,6.78,1,1,0,,No strong administrative-activity warning detected.
C-33207,6.78,6.78,2,1,0,,No strong administrative-activity warning detected.
C-32731,6.78,6.78,1,2,0,,No strong administrative-activity warning detected.
C-34082,6.78,6.78,2,3,0,,No strong administrative-activity warning detected.
C-30139,6.78,6.78,1,1,0,,No strong administrative-activity warning detected.
C-32966,6.77,6.77,1,5,0,,No strong administrative-activity warning detected.
C-33747,6.77,6.77,1,2,0,,No strong administrative-activity warning detected.
C-30855,6.77,6.77,0,1,0,,No strong administrative-activity warning detected.
C-32858,6.77,6.77,0,5,0,,No strong administrative-activity warning detected.
C-33161,6.77,6.77,0,3,0,,No strong administrative-activity warning detected.
C-32479,6.77,6.77,0,3,0,,No strong administrative-activity warning detected.
C-33791,6.77,6.77,1,3,0,,No strong administrative-activity warning detected.
C-30817,6.76,6.76,1,2,0,,No strong administrative-activity warning detected.
C-32189,6.76,6.76,0,2,0,,No strong administrative-activity warning detected.
C-33694,6.76,6.76,2,2,0,,No strong administrative-activity warning detected.
C-33994,6.76,6.76,0,2,0,,No strong administrative-activity warning detected.
C-30124,6.76,6.76,1,0,0,,No strong administrative-activity warning detected.
C-31401,6.75,6.75,0,4,0,,No strong administrative-activity warning detected.
C-33656,6.75,6.75,0,0,0,,No strong administrative-activity warning detected.
C-33697,6.75,6.75,0,5,0,,No strong administrative-activity warning detected.
C-30477,6.75,6.75,0,0,0,,No strong administrative-activity warning detected.
C-32414,6.75,6.75,0,1,0,,No strong administrative-activity warning detected.
C-33467,6.75,6.75,3,6,1,6 contact attempts,Administrative activity may have a legitimate explanation and should not be treated as evidence of improper payment.
C-32411,6.75,6.75,1,0,0,,No strong administrative-activity warning detected.
C-31480,6.75,6.75,2,2,0,,No strong administrative-activity warning detected.
C-32343,6.75,6.75,2,2,0,,No strong administrative-activity warning detected.
C-32345,6.75,6.75,2,2,0,,No strong administrative-activity warning detected.
C-32269,6.74,6.74,2,0,0,,No strong administrative-activity warning detected.
C-31270,6.74,6.74,1,4,0,,No strong administrative-activity warning detected.
C-33934,6.74,6.74,1,1,0,,No strong administrative-activity warning detected.
C-31855,6.74,6.74,1,1,0,,No strong administrative-activity warning detected.
C-30615,6.74,6.74,3,3,0,,No strong administrative-activity warning detected.
C-30932,6.73,6.73,0,1,0,,No strong administrative-activity warning detected.
C-33205,6.73,6.73,2,5,0,,No strong administrative-activity warning detected.
C-31895,6.73,6.73,1,2,0,,No strong administrative-activity warning detected.
C-31187,6.73,6.73,2,3,0,,No strong administrative-activity warning detected.
C-31899,6.72,6.72,1,2,0,,No strong administrative-activity warning detected.
C-33469,6.72,6.72,2,4,0,,No strong administrative-activity warning detected.
C-30585,6.72,6.72,0,2,0,,No strong administrative-activity warning detected.
C-30177,6.71,6.71,4,1,1,4 payment adjustments,Administrative activity may have a legitimate explanation and should not be treated as evidence of improper payment.
C-32272,6.71,6.71,0,2,0,,No strong administrative-activity warning detected.
C-32534,6.71,6.71,1,2,0,,No strong administrative-activity warning detected.
C-32107,6.7,6.7,1,5,0,,No strong administrative-activity warning detected.
C-33912,6.69,6.69,0,4,0,,No strong administrative-activity warning detected.
C-30356,6.69,6.69,1,0,0,,No strong administrative-activity warning detected.
C-32720,6.69,6.69,0,6,1,6 contact attempts,Administrative activity may have a legitimate explanation and should not be treated as evidence of improper payment.
C-30584,6.68,6.68,3,2,0,,No strong administrative-activity warning detected.
C-32618,6.67,6.67,0,0,0,,No strong administrative-activity warning detected.
C-30913,6.67,6.67,0,2,0,,No strong administrative-activity warning detected.
C-32468,6.67,6.67,1,6,1,6 contact attempts,Administrative activity may have a legitimate explanation and should not be treated as evidence of improper payment.
C-33176,6.67,6.67,0,1,0,,No strong administrative-activity warning detected.
C-31347,6.67,6.67,2,4,0,,No strong administrative-activity warning detected.
C-33553,6.67,6.67,0,2,0,,No strong administrative-activity warning detected.
C-30763,6.66,6.66,2,5,0,,No strong administrative-activity warning detected.
C-33009,6.66,6.66,0,2,0,,No strong administrative-activity warning detected.
C-33493,6.66,6.66,0,1,0,,No strong administrative-activity warning detected.
C-32403,6.66,6.66,1,5,0,,No strong administrative-activity warning detected.
C-31927,6.66,6.66,0,5,0,,No strong administrative-activity warning detected.
C-30436,6.66,6.66,1,1,0,,No strong administrative-activity warning detected.
C-31618,6.65,6.65,0,0,0,,No strong administrative-activity warning detected.
C-30250,6.65,6.65,1,4,0,,No strong administrative-activity warning detected.
C-31925,6.64,6.64,0,3,0,,No strong administrative-activity warning detected.
C-31935,6.64,6.64,0,1,0,,No strong administrative-activity warning detected.
C-32703,6.63,6.63,0,2,0,,No strong administrative-activity warning detected.
C-32040,6.63,6.63,2,5,0,,No strong administrative-activity warning detected.
C-34086,6.63,6.63,0,2,0,,No strong administrative-activity warning detected.
C-30933,6.63,6.63,1,3,0,,No strong administrative-activity warning detected.
C-33945,6.63,6.63,3,0,0,,No strong administrative-activity warning detected.
C-33665,6.62,6.62,0,3,0,,No strong administrative-activity warning detected.
C-33866,6.62,6.62,0,4,0,,No strong administrative-activity warning detected.
C-31507,6.61,6.61,1,3,0,,No strong administrative-activity warning detected.
C-30351,6.61,6.61,3,9,1,9 contact attempts,Administrative activity may have a legitimate explanation and should not be treated as evidence of improper payment.
C-33221,6.61,6.61,0,2,0,,No strong administrative-activity warning detected.
C-33340,6.61,6.61,0,1,0,,No strong administrative-activity warning detected.
C-30669,6.61,6.61,0,4,0,,No strong administrative-activity warning detected.
C-33349,6.61,6.61,2,1,0,,No strong administrative-activity warning detected.
C-30634,6.61,6.61,2,4,0,,No strong administrative-activity warning detected.
C-31353,6.61,6.61,1,3,0,,No strong administrative-activity warning detected.
C-31533,6.61,6.61,2,4,0,,No strong administrative-activity warning detected.
C-31824,6.6,6.6,3,2,0,,No strong administrative-activity warning detected.
C-33178,6.6,6.6,1,3,0,,No strong administrative-activity warning detected.
C-31541,6.6,6.6,0,0,0,,No strong administrative-activity warning detected.
C-31853,6.6,6.6,0,1,0,,No strong administrative-activity warning detected.
C-30700,6.59,6.59,0,3,0,,No strong administrative-activity warning detected.
C-31930,6.59,6.59,0,2,0,,No strong administrative-activity warning detected.
C-34166,6.59,6.59,0,4,0,,No strong administrative-activity warning detected.
C-30079,6.58,6.58,3,5,0,,No strong administrative-activity warning detected.
C-32639,6.58,6.58,0,2,0,,No strong administrative-activity warning detected.
C-32315,6.58,6.58,0,0,0,,No strong administrative-activity warning detected.
C-31113,6.58,6.58,1,2,0,,No strong administrative-activity warning detected.
C-31884,6.58,6.58,0,1,0,,No strong administrative-activity warning detected.
C-31222,6.57,6.57,0,1,0,,No strong administrative-activity warning detected.
C-31373,6.57,6.57,1,1,0,,No strong administrative-activity warning detected.
C-32325,6.57,6.57,0,2,0,,No strong administrative-activity warning detected.
C-30889,6.57,6.57,2,0,0,,No strong administrative-activity warning detected.
C-33291,6.57,6.57,2,5,0,,No strong administrative-activity warning detected.
C-32005,6.57,6.57,2,2,0,,No strong administrative-activity warning detected.
C-32422,6.56,6.56,1,2,0,,No strong administrative-activity warning detected.
C-32158,6.56,6.56,1,1,0,,No strong administrative-activity warning detected.
C-30514,6.56,6.56,2,5,0,,No strong administrative-activity warning detected.
C-32296,6.56,6.56,2,4,0,,No strong administrative-activity warning detected.
C-33377,6.56,6.56,0,2,0,,No strong administrative-activity warning detected.
C-33528,6.56,6.56,2,4,0,,No strong administrative-activity warning detected.
C-31811,6.56,6.56,1,3,0,,No strong administrative-activity warning detected.
C-32770,6.55,6.55,3,2,0,,No strong administrative-activity warning detected.
C-30502,6.55,6.55,0,2,0,,No strong administrative-activity warning detected.
C-34140,6.55,6.55,1,2,0,,No strong administrative-activity warning detected.
C-32710,6.55,6.55,1,4,0,,No strong administrative-activity warning detected.
C-31151,6.55,6.55,0,1,0,,No strong administrative-activity warning detected.
C-30509,6.55,6.55,0,1,0,,No strong administrative-activity warning detected.
C-30115,6.55,6.55,2,0,0,,No strong administrative-activity warning detected.
C-33644,6.55,6.55,1,3,0,,No strong administrative-activity warning detected.
C-32202,6.55,6.55,2,3,0,,No strong administrative-activity warning detected.
C-30945,6.55,6.55,5,6,1,5 payment adjustments and 6 contact attempts,Administrative activity may have a legitimate explanation and should not be treated as evidence of improper payment.
C-31148,6.55,6.55,1,2,0,,No strong administrative-activity warning detected.
C-32435,6.54,6.54,3,5,0,,No strong administrative-activity warning detected.
C-31944,6.54,6.54,1,1,0,,No strong administrative-activity warning detected.
C-33033,6.54,6.54,0,3,0,,No strong administrative-activity warning detected.
C-33730,6.53,6.53,1,1,0,,No strong administrative-activity warning detected.
C-33130,6.53,6.53,3,4,0,,No strong administrative-activity warning detected.
C-33753,6.53,6.53,0,2,0,,No strong administrative-activity warning detected.
C-30074,6.52,6.52,2,4,0,,No strong administrative-activity warning detected.
C-31379,6.52,6.52,1,2,0,,No strong administrative-activity warning detected.
C-30471,6.51,6.51,1,1,0,,No strong administrative-activity warning detected.
C-33824,6.51,6.51,0,3,0,,No strong administrative-activity warning detected.
C-31215,6.51,6.51,0,0,0,,No strong administrative-activity warning detected.
C-32939,6.51,6.51,3,2,0,,No strong administrative-activity warning detected.
C-33068,6.5,6.5,1,5,0,,No strong administrative-activity warning detected.
C-30200,6.5,6.5,1,2,0,,No strong administrative-activity warning detected.
C-32337,6.5,6.5,0,2,0,,No strong administrative-activity warning detected.
C-33507,6.5,6.5,1,5,0,,No strong administrative-activity warning detected.
C-33317,6.5,6.5,0,3,0,,No strong administrative-activity warning detected.
C-34061,6.5,6.5,1,3,0,,No strong administrative-activity warning detected.
C-31292,6.5,6.5,2,2,0,,No strong administrative-activity warning detected.
C-33618,6.5,6.5,0,3,0,,No strong administrative-activity warning detected.
C-30662,6.49,6.49,0,0,0,,No strong administrative-activity warning detected.
C-32537,6.48,6.48,1,2,0,,No strong administrative-activity warning detected.
C-33006,6.48,6.48,1,6,1,6 contact attempts,Administrative activity may have a legitimate explanation and should not be treated as evidence of improper payment.
C-31774,6.48,6.48,0,1,0,,No strong administrative-activity warning detected.
C-32061,6.48,6.48,0,2,0,,No strong administrative-activity warning detected.
C-31400,6.47,6.47,1,2,0,,No strong administrative-activity warning detected.
C-33331,6.47,6.47,1,2,0,,No strong administrative-activity warning detected.
C-33663,6.46,6.46,1,2,0,,No strong administrative-activity warning detected.
C-30710,6.46,6.46,1,4,0,,No strong administrative-activity warning detected.
C-34093,6.45,6.45,1,2,0,,No strong administrative-activity warning detected.
C-31207,6.44,6.44,1,0,0,,No strong administrative-activity warning detected.
C-30994,6.44,6.44,1,6,1,6 contact attempts,Administrative activity may have a legitimate explanation and should not be treated as evidence of improper payment.
C-31643,6.44,6.44,1,2,0,,No strong administrative-activity warning detected.
C-30707,6.44,6.44,2,3,0,,No strong administrative-activity warning detected.
C-30620,6.44,6.44,1,0,0,,No strong administrative-activity warning detected.
C-30982,6.44,6.44,0,4,0,,No strong administrative-activity warning detected.
C-30165,6.44,6.44,2,1,0,,No strong administrative-activity warning detected.
C-30761,6.43,6.43,0,1,0,,No strong administrative-activity warning detected.
C-31708,6.43,6.43,2,0,0,,No strong administrative-activity warning detected.
C-32829,6.43,6.43,2,4,0,,No strong administrative-activity warning detected.
C-33445,6.43,6.43,1,0,0,,No strong administrative-activity warning detected.
C-31932,6.43,6.43,0,0,0,,No strong administrative-activity warning detected.
C-32526,6.42,6.42,1,1,0,,No strong administrative-activity warning detected.
C-31681,6.42,6.42,1,0,0,,No strong administrative-activity warning detected.
C-32780,6.42,6.42,0,3,0,,No strong administrative-activity warning detected.
C-31904,6.42,6.42,1,3,0,,No strong administrative-activity warning detected.
C-31446,6.42,6.42,0,3,0,,No strong administrative-activity warning detected.
C-30387,6.42,6.42,6,3,1,6 payment adjustments,Administrative activity may have a legitimate explanation and should not be treated as evidence of improper payment.
C-31998,6.41,6.41,0,3,0,,No strong administrative-activity warning detected.
C-33658,6.41,6.41,0,0,0,,No strong administrative-activity warning detected.
C-33875,6.41,6.41,1,3,0,,No strong administrative-activity warning detected.
C-32952,6.41,6.41,0,0,0,,No strong administrative-activity warning detected.
C-33372,6.4,6.4,1,5,0,,No strong administrative-activity warning detected.
C-30578,6.4,6.4,1,4,0,,No strong administrative-activity warning detected.
C-30372,6.4,6.4,1,7,1,7 contact attempts,Administrative activity may have a legitimate explanation and should not be treated as evidence of improper payment.
C-33348,6.4,6.4,1,1,0,,No strong administrative-activity warning detected.
C-32413,6.39,6.39,1,2,0,,No strong administrative-activity warning detected.
C-30937,6.39,6.39,0,2,0,,No strong administrative-activity warning detected.
C-32631,6.39,6.39,0,1,0,,No strong administrative-activity warning detected.
C-31321,6.39,6.39,1,1,0,,No strong administrative-activity warning detected.
C-32096,6.39,6.39,1,3,0,,No strong administrative-activity warning detected.
C-32857,6.38,6.38,1,3,0,,No strong administrative-activity warning detected.
C-31185,6.38,6.38,3,4,0,,No strong administrative-activity warning detected.
C-31102,6.38,6.38,0,4,0,,No strong administrative-activity warning detected.
C-31823,6.38,6.38,1,4,0,,No strong administrative-activity warning detected.
C-30780,6.38,6.38,3,3,0,,No strong administrative-activity warning detected.
C-30385,6.37,6.37,0,2,0,,No strong administrative-activity warning detected.
C-31444,6.37,6.37,0,0,0,,No strong administrative-activity warning detected.
C-33870,6.37,6.37,0,0,0,,No strong administrative-activity warning detected.
C-32722,6.36,6.36,0,3,0,,No strong administrative-activity warning detected.
C-33789,6.36,6.36,0,2,0,,No strong administrative-activity warning detected.
C-30205,6.36,6.36,2,0,0,,No strong administrative-activity warning detected.
C-30802,6.36,6.36,1,2,0,,No strong administrative-activity warning detected.
C-33548,6.36,6.36,1,1,0,,No strong administrative-activity warning detected.
C-30672,6.35,6.35,0,1,0,,No strong administrative-activity warning detected.
C-32954,6.35,6.35,0,1,0,,No strong administrative-activity warning detected.
C-30017,6.35,6.35,2,3,0,,No strong administrative-activity warning detected.
C-31529,6.35,6.35,3,3,0,,No strong administrative-activity warning detected.
C-34054,6.34,6.34,1,0,0,,No strong administrative-activity warning detected.
C-33666,6.33,6.33,2,0,0,,No strong administrative-activity warning detected.
C-31069,6.33,6.33,1,7,1,7 contact attempts,Administrative activity may have a legitimate explanation and should not be treated as evidence of improper payment.
C-32218,6.33,6.33,0,2,0,,No strong administrative-activity warning detected.
C-32172,6.33,6.33,3,0,0,,No strong administrative-activity warning detected.
C-30724,6.33,6.33,0,1,0,,No strong administrative-activity warning detected.
C-33480,6.32,6.32,1,1,0,,No strong administrative-activity warning detected.
C-34175,6.32,6.32,0,3,0,,No strong administrative-activity warning detected.
C-30572,6.32,6.32,2,4,0,,No strong administrative-activity warning detected.
C-33953,6.32,6.32,0,1,0,,No strong administrative-activity warning detected.
C-31755,6.32,6.32,0,4,0,,No strong administrative-activity warning detected.
C-30721,6.32,6.32,0,1,0,,No strong administrative-activity warning detected.
C-30033,6.31,6.31,1,0,0,,No strong administrative-activity warning detected.
C-31919,6.3,6.3,0,0,0,,No strong administrative-activity warning detected.
C-33387,6.3,6.3,2,3,0,,No strong administrative-activity warning detected.
C-31048,6.3,6.3,1,5,0,,No strong administrative-activity warning detected.
C-30406,6.29,6.29,0,3,0,,No strong administrative-activity warning detected.
C-32034,6.29,6.29,1,4,0,,No strong administrative-activity warning detected.
C-30867,6.29,6.29,1,0,0,,No strong administrative-activity warning detected.
C-30667,6.29,6.29,0,2,0,,No strong administrative-activity warning detected.
C-32897,6.29,6.29,0,3,0,,No strong administrative-activity warning detected.
C-33755,6.29,6.29,1,0,0,,No strong administrative-activity warning detected.
C-32219,6.29,6.29,1,1,0,,No strong administrative-activity warning detected.
C-33826,6.29,6.29,0,2,0,,No strong administrative-activity warning detected.
C-32015,6.28,6.28,0,2,0,,No strong administrative-activity warning detected.
C-31746,6.28,6.28,2,2,0,,No strong administrative-activity warning detected.
C-32641,6.28,6.28,2,3,0,,No strong administrative-activity warning detected.
C-31623,6.27,6.27,2,0,0,,No strong administrative-activity warning detected.
C-30219,6.26,6.26,0,2,0,,No strong administrative-activity warning detected.
C-31563,6.26,6.26,1,1,0,,No strong administrative-activity warning detected.
C-30452,6.26,6.26,2,7,1,7 contact attempts,Administrative activity may have a legitimate explanation and should not be treated as evidence of improper payment.
C-31013,6.26,6.26,2,2,0,,No strong administrative-activity warning detected.
C-30313,6.25,6.25,1,1,0,,No strong administrative-activity warning detected.
C-31641,6.24,6.24,1,3,0,,No strong administrative-activity warning detected.
C-31762,6.24,6.24,0,2,0,,No strong administrative-activity warning detected.
C-31750,6.24,6.24,0,2,0,,No strong administrative-activity warning detected.
C-30549,6.24,6.24,0,2,0,,No strong administrative-activity warning detected.
C-31724,6.23,6.23,1,5,0,,No strong administrative-activity warning detected.
C-32681,6.23,6.23,0,1,0,,No strong administrative-activity warning detected.
C-30227,6.23,6.23,0,4,0,,No strong administrative-activity warning detected.
C-33020,6.23,6.23,1,3,0,,No strong administrative-activity warning detected.
C-30310,6.23,6.23,0,3,0,,No strong administrative-activity warning detected.
C-33523,6.23,6.23,0,3,0,,No strong administrative-activity warning detected.
C-30462,6.22,6.22,1,1,0,,No strong administrative-activity warning detected.
C-33267,6.22,6.22,0,2,0,,No strong administrative-activity warning detected.
C-30978,6.22,6.22,0,1,0,,No strong administrative-activity warning detected.
C-32446,6.2,6.2,3,7,1,7 contact attempts,Administrative activity may have a legitimate explanation and should not be treated as evidence of improper payment.
C-31341,6.2,6.2,0,1,0,,No strong administrative-activity warning detected.
C-31162,6.19,6.19,2,1,0,,No strong administrative-activity warning detected.
C-33992,6.19,6.19,2,0,0,,No strong administrative-activity warning detected.
C-33150,6.19,6.19,2,0,0,,No strong administrative-activity warning detected.
C-32168,6.19,6.19,0,0,0,,No strong administrative-activity warning detected.
C-31885,6.19,6.19,0,1,0,,No strong administrative-activity warning detected.
C-33411,6.18,6.18,3,4,0,,No strong administrative-activity warning detected.
C-33972,6.18,6.18,2,3,0,,No strong administrative-activity warning detected.
C-31576,6.18,6.18,2,3,0,,No strong administrative-activity warning detected.
C-32608,6.17,6.17,0,3,0,,No strong administrative-activity warning detected.
C-31743,6.17,6.17,2,0,0,,No strong administrative-activity warning detected.
C-33927,6.17,6.17,3,4,0,,No strong administrative-activity warning detected.
C-34067,6.16,6.16,0,0,0,,No strong administrative-activity warning detected.
C-32182,6.16,6.16,1,0,0,,No strong administrative-activity warning detected.
C-30788,6.16,6.16,0,5,0,,No strong administrative-activity warning detected.
C-33004,6.15,6.15,1,5,0,,No strong administrative-activity warning detected.
C-31107,6.15,6.15,0,1,0,,No strong administrative-activity warning detected.
C-32992,6.15,6.15,1,3,0,,No strong administrative-activity warning detected.
C-30021,6.15,6.15,0,3,0,,No strong administrative-activity warning detected.
C-30297,6.14,6.14,2,2,0,,No strong administrative-activity warning detected.
C-33737,6.14,6.14,1,1,0,,No strong administrative-activity warning detected.
C-32935,6.14,6.14,1,2,0,,No strong administrative-activity warning detected.
C-30239,6.14,6.14,1,2,0,,No strong administrative-activity warning detected.
C-32455,6.12,6.12,1,1,0,,No strong administrative-activity warning detected.
C-30601,6.11,6.11,1,2,0,,No strong administrative-activity warning detected.
C-32042,6.11,6.11,1,4,0,,No strong administrative-activity warning detected.
C-32546,6.11,6.11,1,4,0,,No strong administrative-activity warning detected.
C-32937,6.1,6.1,0,1,0,,No strong administrative-activity warning detected.
C-33512,6.1,6.1,0,2,0,,No strong administrative-activity warning detected.
C-31000,6.1,6.1,0,3,0,,No strong administrative-activity warning detected.
C-31565,6.09,6.09,0,1,0,,No strong administrative-activity warning detected.
C-30156,6.09,6.09,0,2,0,,No strong administrative-activity warning detected.
C-31498,6.09,6.09,3,3,0,,No strong administrative-activity warning detected.
C-32860,6.08,6.08,2,2,0,,No strong administrative-activity warning detected.
C-32012,6.08,6.08,1,3,0,,No strong administrative-activity warning detected.
C-32753,6.08,6.08,1,0,0,,No strong administrative-activity warning detected.
C-31651,6.06,6.06,0,2,0,,No strong administrative-activity warning detected.
C-31089,6.06,6.06,3,4,0,,No strong administrative-activity warning detected.
C-30767,6.06,6.06,0,3,0,,No strong administrative-activity warning detected.
C-32673,6.05,6.05,2,2,0,,No strong administrative-activity warning detected.
C-31019,6.05,6.05,0,3,0,,No strong administrative-activity warning detected.
C-32815,6.04,6.04,0,2,0,,No strong administrative-activity warning detected.
C-32746,6.04,6.04,1,3,0,,No strong administrative-activity warning detected.
C-32825,6.04,6.04,1,3,0,,No strong administrative-activity warning detected.
C-31357,6.04,6.04,0,1,0,,No strong administrative-activity warning detected.
C-33961,6.04,6.04,0,0,0,,No strong administrative-activity warning detected.
C-30921,6.03,6.03,1,2,0,,No strong administrative-activity warning detected.
C-33988,6.02,6.02,2,3,0,,No strong administrative-activity warning detected.
C-32843,6.02,6.02,0,2,0,,No strong administrative-activity warning detected.
C-32644,6.02,6.02,2,2,0,,No strong administrative-activity warning detected.
C-33249,6.01,6.01,2,2,0,,No strong administrative-activity warning detected.
C-30702,6.0,6.0,0,0,0,,No strong administrative-activity warning detected.
C-33137,6.0,6.0,1,1,0,,No strong administrative-activity warning detected.
C-34029,5.99,5.99,2,5,0,,No strong administrative-activity warning detected.
C-33975,5.99,5.99,0,1,0,,No strong administrative-activity warning detected.
C-34021,5.99,5.99,0,0,0,,No strong administrative-activity warning detected.
C-32103,5.99,5.99,3,1,0,,No strong administrative-activity warning detected.
C-33596,5.98,5.98,0,1,0,,No strong administrative-activity warning detected.
C-33300,5.97,5.97,1,0,0,,No strong administrative-activity warning detected.
C-33365,5.97,5.97,0,1,0,,No strong administrative-activity warning detected.
C-31516,5.96,5.96,1,1,0,,No strong administrative-activity warning detected.
C-30270,5.96,5.96,0,0,0,,No strong administrative-activity warning detected.
C-33867,5.94,5.94,2,2,0,,No strong administrative-activity warning detected.
C-33984,5.94,5.94,1,3,0,,No strong administrative-activity warning detected.
C-33224,5.94,5.94,0,3,0,,No strong administrative-activity warning detected.
C-32439,5.93,5.93,2,3,0,,No strong administrative-activity warning detected.
C-33354,5.92,5.92,1,2,0,,No strong administrative-activity warning detected.
C-31787,5.92,5.92,1,3,0,,No strong administrative-activity warning detected.
C-32069,5.91,5.91,0,3,0,,No strong administrative-activity warning detected.
C-31079,5.9,5.9,1,3,0,,No strong administrative-activity warning detected.
C-30318,5.9,5.9,0,4,0,,No strong administrative-activity warning detected.
C-33750,5.89,5.89,0,4,0,,No strong administrative-activity warning detected.
C-31652,5.89,5.89,1,2,0,,No strong administrative-activity warning detected.
C-34161,5.88,5.88,1,1,0,,No strong administrative-activity warning detected.
C-34015,5.88,5.88,0,2,0,,No strong administrative-activity warning detected.
C-31671,5.87,5.87,1,2,0,,No strong administrative-activity warning detected.
C-32963,5.86,5.86,0,0,0,,No strong administrative-activity warning detected.
C-33309,5.86,5.86,1,1,0,,No strong administrative-activity warning detected.
C-31827,5.86,5.86,1,4,0,,No strong administrative-activity warning detected.
C-33257,5.86,5.86,1,3,0,,No strong administrative-activity warning detected.
C-33107,5.86,5.86,1,3,0,,No strong administrative-activity warning detected.
C-32082,5.85,5.85,0,0,0,,No strong administrative-activity warning detected.
C-33729,5.85,5.85,1,3,0,,No strong administrative-activity warning detected.
C-33044,5.85,5.85,1,5,0,,No strong administrative-activity warning detected.
C-30505,5.84,5.84,3,4,0,,No strong administrative-activity warning detected.
C-30381,5.84,5.84,1,0,0,,No strong administrative-activity warning detected.
C-32161,5.84,5.84,1,2,0,,No strong administrative-activity warning detected.
C-33794,5.84,5.84,0,1,0,,No strong administrative-activity warning detected.
C-32635,5.82,5.82,1,2,0,,No strong administrative-activity warning detected.
C-33930,5.82,5.82,1,1,0,,No strong administrative-activity warning detected.
C-32270,5.82,5.82,1,1,0,,No strong administrative-activity warning detected.
C-33228,5.81,5.81,1,0,0,,No strong administrative-activity warning detected.
C-32180,5.8,5.8,0,3,0,,No strong administrative-activity warning detected.
C-30178,5.8,5.8,1,3,0,,No strong administrative-activity warning detected.
C-33412,5.79,5.79,0,5,0,,No strong administrative-activity warning detected.
C-32906,5.78,5.78,0,2,0,,No strong administrative-activity warning detected.
C-33350,5.77,5.77,2,3,0,,No strong administrative-activity warning detected.
C-33419,5.76,5.76,1,2,0,,No strong administrative-activity warning detected.
C-30262,5.76,5.76,0,2,0,,No strong administrative-activity warning detected.
C-31133,5.71,5.71,0,3,0,,No strong administrative-activity warning detected.
C-32538,5.69,5.69,3,0,0,,No strong administrative-activity warning detected.
C-30908,5.68,5.68,0,2,0,,No strong administrative-activity warning detected.
C-30076,5.68,5.68,0,2,0,,No strong administrative-activity warning detected.
C-32130,5.68,5.68,1,0,0,,No strong administrative-activity warning detected.
C-32007,5.67,5.67,3,6,1,6 contact attempts,Administrative activity may have a legitimate explanation and should not be treated as evidence of improper payment.
C-30882,5.67,5.67,0,2,0,,No strong administrative-activity warning detected.
C-32493,5.65,5.65,0,3,0,,No strong administrative-activity warning detected.
C-33713,5.65,5.65,0,4,0,,No strong administrative-activity warning detected.
C-30261,5.63,5.63,0,2,0,,No strong administrative-activity warning detected.
C-32274,5.62,5.62,2,3,0,,No strong administrative-activity warning detected.
C-33698,5.62,5.62,1,6,1,6 contact attempts,Administrative activity may have a legitimate explanation and should not be treated as evidence of improper payment.
C-30314,5.6,5.6,0,2,0,,No strong administrative-activity warning detected.
C-34110,5.58,5.58,1,3,0,,No strong administrative-activity warning detected.
C-32905,5.58,5.58,1,2,0,,No strong administrative-activity warning detected.
C-30223,5.58,5.58,1,2,0,,No strong administrative-activity warning detected.
C-33121,5.56,5.56,0,0,0,,No strong administrative-activity warning detected.
C-31908,5.54,5.54,1,2,0,,No strong administrative-activity warning detected.
C-33545,5.54,5.54,3,1,0,,No strong administrative-activity warning detected.
C-31534,5.53,5.53,2,1,0,,No strong administrative-activity warning detected.
C-32719,5.52,5.52,1,3,0,,No strong administrative-activity warning detected.
C-33519,5.51,5.51,1,4,0,,No strong administrative-activity warning detected.
C-30277,5.51,5.51,2,4,0,,No strong administrative-activity warning detected.
C-33877,5.48,5.48,2,3,0,,No strong administrative-activity warning detected.
C-31196,5.48,5.48,0,1,0,,No strong administrative-activity warning detected.
C-30425,5.47,5.47,0,3,0,,No strong administrative-activity warning detected.
C-30590,5.47,5.47,0,2,0,,No strong administrative-activity warning detected.
C-31313,5.46,5.46,2,2,0,,No strong administrative-activity warning detected.
C-30751,5.45,5.45,0,3,0,,No strong administrative-activity warning detected.
C-30455,5.45,5.45,1,0,0,,No strong administrative-activity warning detected.
C-33610,5.44,5.44,1,2,0,,No strong administrative-activity warning detected.
C-30195,5.41,5.41,2,0,0,,No strong administrative-activity warning detected.
C-30411,5.4,5.4,0,2,0,,No strong administrative-activity warning detected.
C-32344,5.39,5.39,1,4,0,,No strong administrative-activity warning detected.
C-32481,5.35,5.35,1,2,0,,No strong administrative-activity warning detected.
C-33769,5.34,5.34,1,0,0,,No strong administrative-activity warning detected.
C-30375,5.34,5.34,1,1,0,,No strong administrative-activity warning detected.
C-33326,5.32,5.32,0,2,0,,No strong administrative-activity warning detected.
C-33325,5.31,5.31,0,3,0,,No strong administrative-activity warning detected.
C-32320,5.29,5.29,1,3,0,,No strong administrative-activity warning detected.
C-33242,5.29,5.29,0,1,0,,No strong administrative-activity warning detected.
C-31265,5.28,5.28,0,2,0,,No strong administrative-activity warning detected.
C-34112,5.28,5.28,1,2,0,,No strong administrative-activity warning detected.
C-30596,5.27,5.27,2,5,0,,No strong administrative-activity warning detected.
C-31936,5.25,5.25,1,2,0,,No strong administrative-activity warning detected.
C-30359,5.24,5.24,1,4,0,,No strong administrative-activity warning detected.
C-30100,5.23,5.23,0,4,0,,No strong administrative-activity warning detected.
C-32246,5.23,5.23,0,3,0,,No strong administrative-activity warning detected.
C-30845,5.23,5.23,2,0,0,,No strong administrative-activity warning detected.
C-32178,5.23,5.23,1,3,0,,No strong administrative-activity warning detected.
C-30056,5.21,5.21,1,4,0,,No strong administrative-activity warning detected.
C-31739,5.21,5.21,2,4,0,,No strong administrative-activity warning detected.
C-30186,5.21,5.21,0,3,0,,No strong administrative-activity warning detected.
C-31183,5.19,5.19,1,2,0,,No strong administrative-activity warning detected.
C-33916,5.19,5.19,0,1,0,,No strong administrative-activity warning detected.
C-33305,5.18,5.18,2,4,0,,No strong administrative-activity warning detected.
C-30331,5.16,5.16,1,0,0,,No strong administrative-activity warning detected.
C-31071,5.15,5.15,2,4,0,,No strong administrative-activity warning detected.
C-30753,5.14,5.14,2,4,0,,No strong administrative-activity warning detected.
C-31060,5.1,5.1,3,5,0,,No strong administrative-activity warning detected.
C-32570,5.09,5.09,0,2,0,,No strong administrative-activity warning detected.
C-30226,5.08,5.08,1,1,0,,No strong administrative-activity warning detected.
C-34013,5.07,5.07,0,0,0,,No strong administrative-activity warning detected.
C-32637,5.05,5.05,2,3,0,,No strong administrative-activity warning detected.
C-32950,5.05,5.05,1,3,0,,No strong administrative-activity warning detected.
C-32494,5.01,5.01,0,1,0,,No strong administrative-activity warning detected.
C-30647,4.99,4.99,0,1,0,,No strong administrative-activity warning detected.
C-30697,4.97,4.97,1,2,0,,No strong administrative-activity warning detected.
C-30243,4.97,4.97,2,5,0,,No strong administrative-activity warning detected.
C-32495,4.96,4.96,1,1,0,,No strong administrative-activity warning detected.
C-32969,4.95,4.95,1,3,0,,No strong administrative-activity warning detected.
C-32043,4.95,4.95,0,1,0,,No strong administrative-activity warning detected.
C-32655,4.94,4.94,1,0,0,,No strong administrative-activity warning detected.
C-30038,4.93,4.93,1,0,0,,No strong administrative-activity warning detected.
C-33265,4.92,4.92,1,0,0,,No strong administrative-activity warning detected.
C-30062,4.9,4.9,1,1,0,,No strong administrative-activity warning detected.
C-30434,4.89,4.89,0,5,0,,No strong administrative-activity warning detected.
C-30138,4.88,4.88,0,4,0,,No strong administrative-activity warning detected.
C-32448,4.87,4.87,1,3,0,,No strong administrative-activity warning detected.
C-30924,4.86,4.86,0,1,0,,No strong administrative-activity warning detected.
C-32049,4.86,4.86,0,2,0,,No strong administrative-activity warning detected.
C-32124,4.84,4.84,2,4,0,,No strong administrative-activity warning detected.
C-31453,4.84,4.84,1,2,0,,No strong administrative-activity warning detected.
C-30809,4.8,4.8,1,6,1,6 contact attempts,Administrative activity may have a legitimate explanation and should not be treated as evidence of improper payment.
C-31913,4.76,4.76,1,2,0,,No strong administrative-activity warning detected.
C-32054,4.76,4.76,0,4,0,,No strong administrative-activity warning detected.
C-31210,4.74,4.74,0,3,0,,No strong administrative-activity warning detected.
C-30643,4.73,4.73,2,1,0,,No strong administrative-activity warning detected.
C-31463,4.73,4.73,2,1,0,,No strong administrative-activity warning detected.
C-32863,4.71,4.71,2,1,0,,No strong administrative-activity warning detected.
C-32412,4.7,4.7,0,3,0,,No strong administrative-activity warning detected.
C-33025,4.7,4.7,0,1,0,,No strong administrative-activity warning detected.
C-30764,4.7,4.7,1,2,0,,No strong administrative-activity warning detected.
C-32997,4.7,4.7,1,4,0,,No strong administrative-activity warning detected.
C-30992,4.69,4.69,1,2,0,,No strong administrative-activity warning detected.
C-30785,4.68,4.68,0,3,0,,No strong administrative-activity warning detected.
C-32099,4.66,4.66,1,1,0,,No strong administrative-activity warning detected.
C-33468,4.66,4.66,2,2,0,,No strong administrative-activity warning detected.
C-30123,4.65,4.65,1,3,0,,No strong administrative-activity warning detected.
C-30085,4.65,4.65,1,3,0,,No strong administrative-activity warning detected.
C-32590,4.64,4.64,1,2,0,,No strong administrative-activity warning detected.
C-33883,4.64,4.64,1,1,0,,No strong administrative-activity warning detected.
C-33516,4.62,4.62,2,3,0,,No strong administrative-activity warning detected.
C-31003,4.61,4.61,3,2,0,,No strong administrative-activity warning detected.
C-32944,4.61,4.61,1,3,0,,No strong administrative-activity warning detected.
C-33461,4.56,4.56,1,1,0,,No strong administrative-activity warning detected.
C-32075,4.55,4.55,0,1,0,,No strong administrative-activity warning detected.
C-30923,4.55,4.55,0,3,0,,No strong administrative-activity warning detected.
C-31717,4.54,4.54,1,3,0,,No strong administrative-activity warning detected.
C-30733,4.52,4.52,3,6,1,6 contact attempts,Administrative activity may have a legitimate explanation and should not be treated as evidence of improper payment.
C-33371,4.51,4.51,1,6,1,6 contact attempts,Administrative activity may have a legitimate explanation and should not be treated as evidence of improper payment.
C-31685,4.5,4.5,0,3,0,,No strong administrative-activity warning detected.
C-30402,4.5,4.5,1,0,0,,No strong administrative-activity warning detected.
C-30679,4.5,4.5,1,6,1,6 contact attempts,Administrative activity may have a legitimate explanation and should not be treated as evidence of improper payment.
C-30485,4.49,4.49,2,1,0,,No strong administrative-activity warning detected.
C-32245,4.49,4.49,1,1,0,,No strong administrative-activity warning detected.
C-33001,4.49,4.49,0,4,0,,No strong administrative-activity warning detected.
C-31584,4.49,4.49,1,3,0,,No strong administrative-activity warning detected.
C-31676,4.48,4.48,0,2,0,,No strong administrative-activity warning detected.
C-31093,4.47,4.47,2,4,0,,No strong administrative-activity warning detected.
C-30736,4.47,4.47,1,1,0,,No strong administrative-activity warning detected.
C-30871,4.47,4.47,2,4,0,,No strong administrative-activity warning detected.
C-30465,4.47,4.47,1,3,0,,No strong administrative-activity warning detected.
C-33954,4.46,4.46,0,2,0,,No strong administrative-activity warning detected.
C-34080,4.46,4.46,2,5,0,,No strong administrative-activity warning detected.
C-33363,4.46,4.46,0,2,0,,No strong administrative-activity warning detected.
C-31088,4.46,4.46,2,1,0,,No strong administrative-activity warning detected.
C-30189,4.45,4.45,1,3,0,,No strong administrative-activity warning detected.
C-32805,4.45,4.45,0,1,0,,No strong administrative-activity warning detected.
C-32268,4.45,4.45,0,2,0,,No strong administrative-activity warning detected.
C-34159,4.44,4.44,2,2,0,,No strong administrative-activity warning detected.
C-32010,4.44,4.44,0,1,0,,No strong administrative-activity warning detected.
C-30893,4.44,4.44,2,5,0,,No strong administrative-activity warning detected.
C-30215,4.43,4.43,2,0,0,,No strong administrative-activity warning detected.
C-32645,4.43,4.43,1,3,0,,No strong administrative-activity warning detected.
C-31825,4.41,4.41,1,0,0,,No strong administrative-activity warning detected.
C-31067,4.4,4.4,2,3,0,,No strong administrative-activity warning detected.
C-32503,4.4,4.4,0,2,0,,No strong administrative-activity warning detected.
C-32444,4.39,4.39,1,1,0,,No strong administrative-activity warning detected.
C-30760,4.39,4.39,0,3,0,,No strong administrative-activity warning detected.
C-31393,4.37,4.37,0,2,0,,No strong administrative-activity warning detected.
C-33091,4.37,4.37,0,4,0,,No strong administrative-activity warning detected.
C-32539,4.36,4.36,0,5,0,,No strong administrative-activity warning detected.
C-32796,4.36,4.36,3,4,0,,No strong administrative-activity warning detected.
C-34185,4.36,4.36,0,4,0,,No strong administrative-activity warning detected.
C-31263,4.36,4.36,0,2,0,,No strong administrative-activity warning detected.
C-33336,4.35,4.35,0,0,0,,No strong administrative-activity warning detected.
C-32814,4.35,4.35,0,1,0,,No strong administrative-activity warning detected.
C-30526,4.35,4.35,0,4,0,,No strong administrative-activity warning detected.
C-30503,4.34,4.34,1,5,0,,No strong administrative-activity warning detected.
C-31153,4.34,4.34,0,0,0,,No strong administrative-activity warning detected.
C-31164,4.33,4.33,1,1,0,,No strong administrative-activity warning detected.
C-30976,4.33,4.33,0,3,0,,No strong administrative-activity warning detected.
C-33822,4.32,4.32,1,0,0,,No strong administrative-activity warning detected.
C-31257,4.31,4.31,1,0,0,,No strong administrative-activity warning detected.
C-31112,4.29,4.29,1,2,0,,No strong administrative-activity warning detected.
C-33884,4.28,4.28,1,0,0,,No strong administrative-activity warning detected.
C-32597,4.28,4.28,1,0,0,,No strong administrative-activity warning detected.
C-34117,4.28,4.28,2,0,0,,No strong administrative-activity warning detected.
C-30591,4.28,4.28,0,5,0,,No strong administrative-activity warning detected.
C-30266,4.28,4.28,0,4,0,,No strong administrative-activity warning detected.
C-32986,4.28,4.28,0,1,0,,No strong administrative-activity warning detected.
C-33435,4.27,4.27,2,2,0,,No strong administrative-activity warning detected.
C-33577,4.27,4.27,1,2,0,,No strong administrative-activity warning detected.
C-31070,4.27,4.27,1,0,0,,No strong administrative-activity warning detected.
C-30493,4.25,4.25,0,2,0,,No strong administrative-activity warning detected.
C-31891,4.25,4.25,2,0,0,,No strong administrative-activity warning detected.
C-32723,4.24,4.24,0,1,0,,No strong administrative-activity warning detected.
C-31817,4.24,4.24,0,0,0,,No strong administrative-activity warning detected.
C-33742,4.21,4.21,1,4,0,,No strong administrative-activity warning detected.
C-31230,4.21,4.21,1,1,0,,No strong administrative-activity warning detected.
C-33266,4.2,4.2,0,3,0,,No strong administrative-activity warning detected.
C-31047,4.2,4.2,1,3,0,,No strong administrative-activity warning detected.
C-30849,4.2,4.2,1,3,0,,No strong administrative-activity warning detected.
C-31386,4.19,4.19,1,0,0,,No strong administrative-activity warning detected.
C-31473,4.18,4.18,0,4,0,,No strong administrative-activity warning detected.
C-34092,4.18,4.18,2,5,0,,No strong administrative-activity warning detected.
C-31034,4.18,4.18,2,2,0,,No strong administrative-activity warning detected.
C-31363,4.18,4.18,2,3,0,,No strong administrative-activity warning detected.
C-31005,4.17,4.17,1,4,0,,No strong administrative-activity warning detected.
C-30141,4.17,4.17,0,3,0,,No strong administrative-activity warning detected.
C-34077,4.17,4.17,2,1,0,,No strong administrative-activity warning detected.
C-31989,4.16,4.16,1,4,0,,No strong administrative-activity warning detected.
C-33929,4.16,4.16,0,3,0,,No strong administrative-activity warning detected.
C-31212,4.16,4.16,2,6,1,6 contact attempts,Administrative activity may have a legitimate explanation and should not be treated as evidence of improper payment.
C-32812,4.15,4.15,0,5,0,,No strong administrative-activity warning detected.
C-31852,4.15,4.15,2,5,0,,No strong administrative-activity warning detected.
C-31809,4.15,4.15,0,1,0,,No strong administrative-activity warning detected.
C-32247,4.15,4.15,2,3,0,,No strong administrative-activity warning detected.
C-31896,4.15,4.15,3,0,0,,No strong administrative-activity warning detected.
C-33761,4.14,4.14,0,2,0,,No strong administrative-activity warning detected.
C-32417,4.13,4.13,1,6,1,6 contact attempts,Administrative activity may have a legitimate explanation and should not be treated as evidence of improper payment.
C-30674,4.11,4.11,1,1,0,,No strong administrative-activity warning detected.
C-30542,4.1,4.1,3,5,0,,No strong administrative-activity warning detected.
C-34006,4.1,4.1,0,4,0,,No strong administrative-activity warning detected.
C-31259,4.1,4.1,1,3,0,,No strong administrative-activity warning detected.
C-31124,4.09,4.09,0,2,0,,No strong administrative-activity warning detected.
C-31917,4.09,4.09,0,2,0,,No strong administrative-activity warning detected.
C-33376,4.08,4.08,3,1,0,,No strong administrative-activity warning detected.
C-30246,4.08,4.08,0,0,0,,No strong administrative-activity warning detected.
C-31253,4.08,4.08,2,2,0,,No strong administrative-activity warning detected.
C-30829,4.08,4.08,0,0,0,,No strong administrative-activity warning detected.
C-31249,4.07,4.07,0,0,0,,No strong administrative-activity warning detected.
C-33232,4.07,4.07,2,2,0,,No strong administrative-activity warning detected.
C-32456,4.06,4.06,0,1,0,,No strong administrative-activity warning detected.
C-30630,4.05,4.05,1,2,0,,No strong administrative-activity warning detected.
C-30479,4.04,4.04,0,1,0,,No strong administrative-activity warning detected.
C-32617,4.04,4.04,0,0,0,,No strong administrative-activity warning detected.
C-31042,4.04,4.04,0,2,0,,No strong administrative-activity warning detected.
C-33099,4.04,4.04,0,3,0,,No strong administrative-activity warning detected.
C-31190,4.03,4.03,0,2,0,,No strong administrative-activity warning detected.
C-31283,4.03,4.03,1,1,0,,No strong administrative-activity warning detected.
C-33216,4.02,4.02,1,3,0,,No strong administrative-activity warning detected.
C-33746,4.02,4.02,2,5,0,,No strong administrative-activity warning detected.
C-30793,4.02,4.02,2,0,0,,No strong administrative-activity warning detected.
C-31937,4.01,4.01,1,4,0,,No strong administrative-activity warning detected.
C-32297,4.0,4.0,1,2,0,,No strong administrative-activity warning detected.
C-32542,3.99,3.99,0,3,0,,No strong administrative-activity warning detected.
C-33901,3.99,3.99,1,0,0,,No strong administrative-activity warning detected.
C-30608,3.98,3.98,1,1,0,,No strong administrative-activity warning detected.
C-31375,3.98,3.98,0,3,0,,No strong administrative-activity warning detected.
C-34168,3.98,3.98,1,2,0,,No strong administrative-activity warning detected.
C-30061,3.97,3.97,2,1,0,,No strong administrative-activity warning detected.
C-33503,3.97,3.97,2,6,1,6 contact attempts,Administrative activity may have a legitimate explanation and should not be treated as evidence of improper payment.
C-30687,3.97,3.97,0,2,0,,No strong administrative-activity warning detected.
C-33170,3.97,3.97,1,2,0,,No strong administrative-activity warning detected.
C-32234,3.97,3.97,0,1,0,,No strong administrative-activity warning detected.
C-31971,3.96,3.96,1,0,0,,No strong administrative-activity warning detected.
C-30972,3.96,3.96,2,0,0,,No strong administrative-activity warning detected.
C-30533,3.95,3.95,1,7,1,7 contact attempts,Administrative activity may have a legitimate explanation and should not be treated as evidence of improper payment.
C-31737,3.95,3.95,0,6,1,6 contact attempts,Administrative activity may have a legitimate explanation and should not be treated as evidence of improper payment.
C-30071,3.94,3.94,0,1,0,,No strong administrative-activity warning detected.
C-33211,3.94,3.94,3,3,0,,No strong administrative-activity warning detected.
C-31118,3.94,3.94,1,5,0,,No strong administrative-activity warning detected.
C-30749,3.94,3.94,2,2,0,,No strong administrative-activity warning detected.
C-33808,3.94,3.94,1,1,0,,No strong administrative-activity warning detected.
C-31361,3.94,3.94,0,2,0,,No strong administrative-activity warning detected.
C-32688,3.94,3.94,1,2,0,,No strong administrative-activity warning detected.
C-31276,3.93,3.93,0,0,0,,No strong administrative-activity warning detected.
C-34036,3.92,3.92,2,2,0,,No strong administrative-activity warning detected.
C-31324,3.91,3.91,1,2,0,,No strong administrative-activity warning detected.
C-31795,3.9,3.9,1,0,0,,No strong administrative-activity warning detected.
C-33274,3.9,3.9,2,2,0,,No strong administrative-activity warning detected.
C-32307,3.9,3.9,1,3,0,,No strong administrative-activity warning detected.
C-32693,3.89,3.89,0,2,0,,No strong administrative-activity warning detected.
C-33017,3.89,3.89,0,1,0,,No strong administrative-activity warning detected.
C-33194,3.88,3.88,2,4,0,,No strong administrative-activity warning detected.
C-34066,3.87,3.87,1,1,0,,No strong administrative-activity warning detected.
C-31161,3.87,3.87,1,1,0,,No strong administrative-activity warning detected.
C-34081,3.86,3.86,1,1,0,,No strong administrative-activity warning detected.
C-30772,3.86,3.86,1,0,0,,No strong administrative-activity warning detected.
C-30185,3.86,3.86,0,0,0,,No strong administrative-activity warning detected.
C-31203,3.85,3.85,0,3,0,,No strong administrative-activity warning detected.
C-30391,3.83,3.83,1,5,0,,No strong administrative-activity warning detected.
C-30082,3.83,3.83,0,0,0,,No strong administrative-activity warning detected.
C-33437,3.83,3.83,0,3,0,,No strong administrative-activity warning detected.
C-33328,3.82,3.82,1,1,0,,No strong administrative-activity warning detected.
C-31981,3.82,3.82,2,4,0,,No strong administrative-activity warning detected.
C-32304,3.8,3.8,0,2,0,,No strong administrative-activity warning detected.
C-33764,3.79,3.79,0,2,0,,No strong administrative-activity warning detected.
C-30759,3.78,3.78,1,5,0,,No strong administrative-activity warning detected.
C-32059,3.77,3.77,3,1,0,,No strong administrative-activity warning detected.
C-30013,3.76,3.76,0,5,0,,No strong administrative-activity warning detected.
C-32511,3.76,3.76,1,5,0,,No strong administrative-activity warning detected.
C-32423,3.76,3.76,1,0,0,,No strong administrative-activity warning detected.
C-31766,3.76,3.76,1,2,0,,No strong administrative-activity warning detected.
C-30339,3.76,3.76,1,3,0,,No strong administrative-activity warning detected.
C-31010,3.75,3.75,1,2,0,,No strong administrative-activity warning detected.
C-33555,3.75,3.75,1,1,0,,No strong administrative-activity warning detected.
C-31168,3.75,3.75,1,4,0,,No strong administrative-activity warning detected.
C-31440,3.74,3.74,1,0,0,,No strong administrative-activity warning detected.
C-30311,3.73,3.73,1,0,0,,No strong administrative-activity warning detected.
C-30014,3.73,3.73,0,1,0,,No strong administrative-activity warning detected.
C-33174,3.73,3.73,0,1,0,,No strong administrative-activity warning detected.
C-33253,3.72,3.72,0,2,0,,No strong administrative-activity warning detected.
C-32332,3.72,3.72,2,3,0,,No strong administrative-activity warning detected.
C-31193,3.71,3.71,1,1,0,,No strong administrative-activity warning detected.
C-31242,3.7,3.7,0,0,0,,No strong administrative-activity warning detected.
C-30133,3.7,3.7,0,2,0,,No strong administrative-activity warning detected.
C-33355,3.69,3.69,1,3,0,,No strong administrative-activity warning detected.
C-30803,3.68,3.68,2,2,0,,No strong administrative-activity warning detected.
C-33297,3.68,3.68,2,2,0,,No strong administrative-activity warning detected.
C-32642,3.68,3.68,0,3,0,,No strong administrative-activity warning detected.
C-32152,3.68,3.68,2,0,0,,No strong administrative-activity warning detected.
C-30806,3.67,3.67,0,0,0,,No strong administrative-activity warning detected.
C-32427,3.67,3.67,0,0,0,,No strong administrative-activity warning detected.
C-33040,3.67,3.67,2,7,1,7 contact attempts,Administrative activity may have a legitimate explanation and should not be treated as evidence of improper payment.
C-30811,3.67,3.67,3,0,0,,No strong administrative-activity warning detected.
C-31160,3.66,3.66,1,0,0,,No strong administrative-activity warning detected.
C-30575,3.65,3.65,0,0,0,,No strong administrative-activity warning detected.
C-32317,3.64,3.64,0,2,0,,No strong administrative-activity warning detected.
C-31806,3.64,3.64,1,4,0,,No strong administrative-activity warning detected.
C-31954,3.62,3.62,2,0,0,,No strong administrative-activity warning detected.
C-31421,3.62,3.62,1,1,0,,No strong administrative-activity warning detected.
C-32045,3.61,3.61,1,4,0,,No strong administrative-activity warning detected.
C-31886,3.6,3.6,1,0,0,,No strong administrative-activity warning detected.
C-31955,3.6,3.6,0,1,0,,No strong administrative-activity warning detected.
C-34008,3.58,3.58,0,3,0,,No strong administrative-activity warning detected.
C-32686,3.57,3.57,1,0,0,,No strong administrative-activity warning detected.
C-34152,3.54,3.54,1,6,1,6 contact attempts,Administrative activity may have a legitimate explanation and should not be treated as evidence of improper payment.
C-30427,3.53,3.53,0,0,0,,No strong administrative-activity warning detected.
C-31388,3.53,3.53,2,2,0,,No strong administrative-activity warning detected.
C-32199,3.52,3.52,2,4,0,,No strong administrative-activity warning detected.
C-32517,3.51,3.51,0,1,0,,No strong administrative-activity warning detected.
C-31217,3.51,3.51,2,3,0,,No strong administrative-activity warning detected.
C-31657,3.49,3.49,3,6,1,6 contact attempts,Administrative activity may have a legitimate explanation and should not be treated as evidence of improper payment.
C-30934,3.49,3.49,0,5,0,,No strong administrative-activity warning detected.
C-33400,3.49,3.49,0,2,0,,No strong administrative-activity warning detected.
C-30715,3.45,3.45,0,2,0,,No strong administrative-activity warning detected.
C-32985,3.45,3.45,0,2,0,,No strong administrative-activity warning detected.
C-33483,3.44,3.44,0,1,0,,No strong administrative-activity warning detected.
C-33070,3.43,3.43,1,2,0,,No strong administrative-activity warning detected.
C-33292,3.42,3.42,1,2,0,,No strong administrative-activity warning detected.
C-32732,3.42,3.42,2,0,0,,No strong administrative-activity warning detected.
C-32027,3.41,3.41,1,0,0,,No strong administrative-activity warning detected.
C-33964,3.4,3.4,1,0,0,,No strong administrative-activity warning detected.
C-32146,3.39,3.39,1,2,0,,No strong administrative-activity warning detected.
C-34128,3.39,3.39,0,3,0,,No strong administrative-activity warning detected.
C-33358,3.38,3.38,3,3,0,,No strong administrative-activity warning detected.
C-32051,3.37,3.37,0,4,0,,No strong administrative-activity warning detected.
C-30174,3.36,3.36,1,4,0,,No strong administrative-activity warning detected.
C-32442,3.36,3.36,3,2,0,,No strong administrative-activity warning detected.
C-33401,3.34,3.34,1,2,0,,No strong administrative-activity warning detected.
C-31038,3.34,3.34,0,2,0,,No strong administrative-activity warning detected.
C-32064,3.34,3.34,2,2,0,,No strong administrative-activity warning detected.
C-33563,3.31,3.31,1,3,0,,No strong administrative-activity warning detected.
C-31481,3.31,3.31,0,2,0,,No strong administrative-activity warning detected.
C-32650,3.3,3.3,2,3,0,,No strong administrative-activity warning detected.
C-32355,3.28,3.28,0,0,0,,No strong administrative-activity warning detected.
C-33592,3.23,3.23,0,2,0,,No strong administrative-activity warning detected.
C-32611,3.2,3.2,1,8,1,8 contact attempts,Administrative activity may have a legitimate explanation and should not be treated as evidence of improper payment.
C-33219,3.18,3.18,2,0,0,,No strong administrative-activity warning detected.
C-30554,3.17,3.17,0,6,1,6 contact attempts,Administrative activity may have a legitimate explanation and should not be treated as evidence of improper payment.
C-30950,3.17,3.17,0,0,0,,No strong administrative-activity warning detected.
C-33825,3.15,3.15,0,0,0,,No strong administrative-activity warning detected.
C-30943,3.11,3.11,1,3,0,,No strong administrative-activity warning detected.
C-30211,3.09,3.09,0,1,0,,No strong administrative-activity warning detected.
C-32762,3.08,3.08,3,6,1,6 contact attempts,Administrative activity may have a legitimate explanation and should not be treated as evidence of improper payment.
C-33913,3.05,3.05,1,5,0,,No strong administrative-activity warning detected.
C-30639,3.05,3.05,3,2,0,,No strong administrative-activity warning detected.
C-30745,3.05,3.05,0,3,0,,No strong administrative-activity warning detected.
C-31273,3.04,3.04,0,1,0,,No strong administrative-activity warning detected.
C-30627,3.04,3.04,0,1,0,,No strong administrative-activity warning detected.
C-31957,3.03,3.03,1,2,0,,No strong administrative-activity warning detected.
C-33208,3.03,3.03,0,2,0,,No strong administrative-activity warning detected.
C-30461,3.02,3.02,2,7,1,7 contact attempts,Administrative activity may have a legitimate explanation and should not be treated as evidence of improper payment.
C-33283,3.0,3.0,1,1,0,,No strong administrative-activity warning detected.
C-30324,2.99,2.99,1,3,0,,No strong administrative-activity warning detected.
C-33989,2.99,2.99,0,1,0,,No strong administrative-activity warning detected.
C-31716,2.9,2.9,1,1,0,,No strong administrative-activity warning detected.
C-30280,2.88,2.88,1,1,0,,No strong administrative-activity warning detected.
C-33095,2.87,2.87,0,2,0,,No strong administrative-activity warning detected.
C-30144,2.86,2.86,1,3,0,,No strong administrative-activity warning detected.
C-33679,2.82,2.82,1,0,0,,No strong administrative-activity warning detected.
C-31883,2.8,2.8,3,2,0,,No strong administrative-activity warning detected.
C-31086,2.72,2.72,0,2,0,,No strong administrative-activity warning detected.
C-30711,2.71,2.71,2,2,0,,No strong administrative-activity warning detected.
C-33163,2.7,2.7,0,2,0,,No strong administrative-activity warning detected.
C-30220,2.69,2.69,1,2,0,,No strong administrative-activity warning detected.
C-32884,2.68,2.68,2,2,0,,No strong administrative-activity warning detected.
C-33055,2.67,2.67,1,2,0,,No strong administrative-activity warning detected.
C-30525,2.67,2.67,2,3,0,,No strong administrative-activity warning detected.
C-32086,2.61,2.61,0,0,0,,No strong administrative-activity warning detected.
C-32678,2.59,2.59,1,2,0,,No strong administrative-activity warning detected.
C-31786,2.58,2.58,2,2,0,,No strong administrative-activity warning detected.
C-33606,2.58,2.58,1,2,0,,No strong administrative-activity warning detected.
C-31349,2.57,2.57,2,4,0,,No strong administrative-activity warning detected.
C-31968,2.56,2.56,0,2,0,,No strong administrative-activity warning detected.
C-30098,2.52,2.52,2,2,0,,No strong administrative-activity warning detected.
C-31330,2.5,2.5,4,8,1,4 payment adjustments and 8 contact attempts,Administrative activity may have a legitimate explanation and should not be treated as evidence of improper payment.
C-33708,2.48,2.48,0,3,0,,No strong administrative-activity warning detected.
C-30948,2.45,2.45,0,0,0,,No strong administrative-activity warning detected.
C-31078,2.43,2.43,1,6,1,6 contact attempts,Administrative activity may have a legitimate explanation and should not be treated as evidence of improper payment.
C-32516,2.26,2.26,0,4,0,,No strong administrative-activity warning detected.
C-33651,2.19,2.19,0,3,0,,No strong administrative-activity warning detected.
C-30936,2.09,2.09,1,2,0,,No strong administrative-activity warning detected.
C-33638,1.83,1.83,1,4,0,,No strong administrative-activity warning detected.
C-33787,1.57,1.57,3,4,0,,No strong administrative-activity warning detected.
C-30530,1.38,1.38,2,3,0,,No strong administrative-activity warning detected.
C-30974,1.26,1.26,2,7,1,7 contact attempts,Administrative activity may have a legitimate explanation and should not be treated as evidence of improper payment.
C-33987,1.03,1.03,0,1,0,,No strong administrative-activity warning detected.
C-32373,0.98,0.98,0,3,0,,No strong administrative-activity warning detected.
C-31567,0.93,0.93,0,3,0,,No strong administrative-activity warning detected.
C-31638,0.86,0.86,0,0,0,,No strong administrative-activity warning detected.
C-33451,0.85,0.85,0,1,0,,No strong administrative-activity warning detected.
C-30104,0.84,0.84,3,3,0,,No strong administrative-activity warning detected.
C-31095,0.84,0.84,0,1,0,,No strong administrative-activity warning detected.
C-32601,0.83,0.83,1,3,0,,No strong administrative-activity warning detected.
C-30116,0.81,0.81,0,3,0,,No strong administrative-activity warning detected.
C-33650,0.81,0.81,1,1,0,,No strong administrative-activity warning detected.
C-33845,0.8,0.8,0,0,0,,No strong administrative-activity warning detected.
C-31418,0.8,0.8,1,2,0,,No strong administrative-activity warning detected.
C-30928,0.79,0.79,0,2,0,,No strong administrative-activity warning detected.
C-33662,0.79,0.79,1,5,0,,No strong administrative-activity warning detected.
C-31315,0.79,0.79,1,6,1,6 contact attempts,Administrative activity may have a legitimate explanation and should not be treated as evidence of improper payment.
C-32261,0.79,0.79,0,1,0,,No strong administrative-activity warning detected.
C-33652,0.76,0.76,3,2,0,,No strong administrative-activity warning detected.
C-30546,0.73,0.73,0,3,0,,No strong administrative-activity warning detected.
C-31519,0.72,0.72,2,3,0,,No strong administrative-activity warning detected.
C-34037,0.71,0.71,1,2,0,,No strong administrative-activity warning detected.
C-33471,0.71,0.71,0,2,0,,No strong administrative-activity warning detected.
C-31747,0.7,0.7,0,0,0,,No strong administrative-activity warning detected.
C-32358,0.7,0.7,1,1,0,,No strong administrative-activity warning detected.
C-32623,0.66,0.66,1,5,0,,No strong administrative-activity warning detected.
C-31360,0.65,0.65,2,4,0,,No strong administrative-activity warning detected.
C-31931,0.64,0.64,0,3,0,,No strong administrative-activity warning detected.
C-32870,0.63,0.63,2,5,0,,No strong administrative-activity warning detected.
C-30581,0.61,0.61,2,2,0,,No strong administrative-activity warning detected.
C-32331,0.6,0.6,1,7,1,7 contact attempts,Administrative activity may have a legitimate explanation and should not be treated as evidence of improper payment.
C-33701,0.59,0.59,1,3,0,,No strong administrative-activity warning detected.
C-33307,0.58,0.58,1,3,0,,No strong administrative-activity warning detected.
C-32465,0.55,0.55,0,4,0,,No strong administrative-activity warning detected.
C-33830,0.54,0.54,1,3,0,,No strong administrative-activity warning detected.
C-32196,0.53,0.53,1,3,0,,No strong administrative-activity warning detected.
C-31943,0.53,0.53,0,3,0,,No strong administrative-activity warning detected.
C-31009,0.5,0.5,0,2,0,,No strong administrative-activity warning detected.
C-31030,0.48,0.48,1,5,0,,No strong administrative-activity warning detected.
C-31645,0.47,0.47,1,0,0,,No strong administrative-activity warning detected.
C-30026,0.46,0.46,1,3,0,,No strong administrative-activity warning detected.
C-32018,0.42,0.42,1,1,0,,No strong administrative-activity warning detected.
C-31403,0.42,0.42,0,2,0,,No strong administrative-activity warning detected.
C-31864,0.4,0.4,3,1,0,,No strong administrative-activity warning detected.
C-32826,0.39,0.39,1,1,0,,No strong administrative-activity warning detected.
C-33256,0.38,0.38,0,0,0,,No strong administrative-activity warning detected.
C-32783,0.34,0.34,0,1,0,,No strong administrative-activity warning detected.
C-32323,0.0,0.0,5,2,1,5 payment adjustments,Administrative activity may have a legitimate explanation and should not be treated as evidence of improper payment.
C-30258,0.0,0.0,4,6,1,4 payment adjustments and 6 contact attempts,Administrative activity may have a legitimate explanation and should not be treated as evidence of improper payment.
C-31604,0.0,0.0,0,1,0,,No strong administrative-activity warning detected.
C-31549,0.0,0.0,2,3,0,,No strong administrative-activity warning detected.
C-31959,0.0,0.0,3,2,0,,No strong administrative-activity warning detected.
C-33939,0.0,0.0,3,6,1,6 contact attempts,Administrative activity may have a legitimate explanation and should not be treated as evidence of improper payment.
C-33896,0.0,0.0,3,5,0,,No strong administrative-activity warning detected.
C-30330,0.0,0.0,2,4,0,,No strong administrative-activity warning detected.
C-33803,0.0,0.0,3,3,0,,No strong administrative-activity warning detected.
C-32329,0.0,0.0,0,6,1,6 contact attempts,Administrative activity may have a legitimate explanation and should not be treated as evidence of improper payment.
C-32402,0.0,0.0,0,1,0,,No strong administrative-activity warning detected.
C-33868,0.0,0.0,0,2,0,,No strong administrative-activity warning detected.
C-31557,0.0,0.0,4,0,1,4 payment adjustments,Administrative activity may have a legitimate explanation and should not be treated as evidence of improper payment.
C-33862,0.0,0.0,4,2,1,4 payment adjustments,Administrative activity may have a legitimate explanation and should not be treated as evidence of improper payment.
C-31860,0.0,0.0,4,7,1,4 payment adjustments and 7 contact attempts,Administrative activity may have a legitimate explanation and should not be treated as evidence of improper payment.
C-31889,0.0,0.0,1,5,0,,No strong administrative-activity warning detected.
C-33597,0.0,0.0,1,3,0,,No strong administrative-activity warning detected.
C-32200,0.0,0.0,2,2,0,,No strong administrative-activity warning detected.
C-33486,0.0,0.0,2,4,0,,No strong administrative-activity warning detected.
C-30597,0.0,0.0,3,5,0,,No strong administrative-activity warning detected.
C-31881,0.0,0.0,2,3,0,,No strong administrative-activity warning detected.
C-30523,0.0,0.0,6,6,1,6 payment adjustments and 6 contact attempts,Administrative activity may have a legitimate explanation and should not be treated as evidence of improper payment.
C-31985,0.0,0.0,3,5,0,,No strong administrative-activity warning detected.
C-31741,0.0,0.0,0,3,0,,No strong administrative-activity warning detected.
C-32314,0.0,0.0,0,3,0,,No strong administrative-activity warning detected.
C-32484,0.0,0.0,3,5,0,,No strong administrative-activity warning detected.
C-30162,0.0,0.0,1,3,0,,No strong administrative-activity warning detected.
C-33749,0.0,0.0,1,5,0,,No strong administrative-activity warning detected.
C-32475,0.0,0.0,4,5,1,4 payment adjustments,Administrative activity may have a legitimate explanation and should not be treated as evidence of improper payment.
C-30362,0.0,0.0,0,1,0,,No strong administrative-activity warning detected.
C-30343,0.0,0.0,2,4,0,,No strong administrative-activity warning detected.
C-30337,0.0,0.0,0,0,0,,No strong administrative-activity warning detected.
C-32447,0.0,0.0,2,6,1,6 contact attempts,Administrative activity may have a legitimate explanation and should not be treated as evidence of improper payment.
C-31512,0.0,0.0,2,6,1,6 contact attempts,Administrative activity may have a legitimate explanation and should not be treated as evidence of improper payment.
C-31467,0.0,0.0,1,3,0,,No strong administrative-activity warning detected.
C-33682,0.0,0.0,4,6,1,4 payment adjustments and 6 contact attempts,Administrative activity may have a legitimate explanation and should not be treated as evidence of improper payment.
C-31949,0.0,0.0,1,7,1,7 contact attempts,Administrative activity may have a legitimate explanation and should not be treated as evidence of improper payment.
C-33616,0.0,0.0,4,2,1,4 payment adjustments,Administrative activity may have a legitimate explanation and should not be treated as evidence of improper payment.
C-32048,0.0,0.0,3,3,0,,No strong administrative-activity warning detected.
C-31866,0.0,0.0,3,4,0,,No strong administrative-activity warning detected.
C-32303,0.0,0.0,1,4,0,,No strong administrative-activity warning detected.
C-30851,0.0,0.0,4,6,1,4 payment adjustments and 6 contact attempts,Administrative activity may have a legitimate explanation and should not be treated as evidence of improper payment.
C-33168,0.0,0.0,2,4,0,,No strong administrative-activity warning detected.
C-31228,0.0,0.0,1,3,0,,No strong administrative-activity warning detected.
C-30835,0.0,0.0,1,6,1,6 contact attempts,Administrative activity may have a legitimate explanation and should not be treated as evidence of improper payment.
C-33198,0.0,0.0,0,1,0,,No strong administrative-activity warning detected.
C-31227,0.0,0.0,4,8,1,4 payment adjustments and 8 contact attempts,Administrative activity may have a legitimate explanation and should not be treated as evidence of improper payment.
C-33212,0.0,0.0,0,2,0,,No strong administrative-activity warning detected.
C-32768,0.0,0.0,2,3,0,,No strong administrative-activity warning detected.
C-33402,0.0,0.0,1,4,0,,No strong administrative-activity warning detected.
C-32676,0.0,0.0,2,2,0,,No strong administrative-activity warning detected.
C-33346,0.0,0.0,1,4,0,,No strong administrative-activity warning detected.
C-34078,0.0,0.0,0,2,0,,No strong administrative-activity warning detected.
C-34085,0.0,0.0,1,6,1,6 contact attempts,Administrative activity may have a legitimate explanation and should not be treated as evidence of improper payment.
C-32726,0.0,0.0,2,4,0,,No strong administrative-activity warning detected.
C-30650,0.0,0.0,3,2,0,,No strong administrative-activity warning detected.
C-30675,0.0,0.0,1,3,0,,No strong administrative-activity warning detected.
C-30087,0.0,0.0,1,2,0,,No strong administrative-activity warning detected.
C-31670,0.0,0.0,4,5,1,4 payment adjustments,Administrative activity may have a legitimate explanation and should not be treated as evidence of improper payment.
C-33117,0.0,0.0,3,7,1,7 contact attempts,Administrative activity may have a legitimate explanation and should not be treated as evidence of improper payment.
C-30955,0.0,0.0,4,2,1,4 payment adjustments,Administrative activity may have a legitimate explanation and should not be treated as evidence of improper payment.
C-32784,0.0,0.0,1,5,0,,No strong administrative-activity warning detected.
C-31804,0.0,0.0,4,4,1,4 payment adjustments,Administrative activity may have a legitimate explanation and should not be treated as evidence of improper payment.
C-30939,0.0,0.0,0,5,0,,No strong administrative-activity warning detected.
C-31059,0.0,0.0,1,4,0,,No strong administrative-activity warning detected.
C-30966,0.0,0.0,1,4,0,,No strong administrative-activity warning detected.
C-32849,0.0,0.0,2,4,0,,No strong administrative-activity warning detected.
C-32923,0.0,0.0,4,3,1,4 payment adjustments,Administrative activity may have a legitimate explanation and should not be treated as evidence of improper payment.
C-31800,0.0,0.0,2,3,0,,No strong administrative-activity warning detected.
C-32951,0.0,0.0,1,4,0,,No strong administrative-activity warning detected.
C-30016,0.0,0.0,4,1,1,4 payment adjustments,Administrative activity may have a legitimate explanation and should not be treated as evidence of improper payment.
